1033,2,3,ALIPAY,PLATFORM_ORDER,6cd51f41c2e3cd53cc0140c351b5faf1,"{""amount"": ""8.80"", ""remark"": """", ""tradeTime"": ""2025-01-01 14:21:03"", ""tradeStatus"": ""代付成功"", ""counterparty"": ""赵英"", ""tradeOrderNo"": ""2025010104200353531088334704\t"", ""paymentMethod"": ""宁波银行信用卡(4573)"", ""tradeCategory"": ""亲友代付"", ""incomeOrExpense"": ""支出"", ""merchantOrderNo"": ""2025010104200353531088334704\t"", ""productDescription"": ""代付"", ""counterpartyAccount"": ""152******38""}",2025010104200353531088334704	,2025-01-01 14:21:03,8.80,OUT,赵英,4573,代付 - 亲友代付,31,2.0.0,0,2026-02-04 15:49:35,PARSED,3,2026-02-04 15:49:38,3,2026-02-04 15:49:38,0,其他支出
1034,2,3,ALIPAY,PLATFORM_ORDER,341d0b44d79c1be81ca051b56eebfc8d,"{""amount"": ""14.24"", ""remark"": """", ""tradeTime"": ""2025-01-01 14:19:42"", ""tradeStatus"": ""代付成功"", ""counterparty"": ""赵英"", ""tradeOrderNo"": ""2025010104200353531088264263\t"", ""paymentMethod"": ""宁波银行信用卡(4573)"", ""tradeCategory"": ""亲友代付"", ""incomeOrExpense"": ""支出"", ""merchantOrderNo"": ""2025010104200353531088264263\t"", ""productDescription"": ""代付"", ""counterpartyAccount"": ""152******38""}",2025010104200353531088264263	,2025-01-01 14:19:42,14.24,OUT,赵英,4573,代付 - 亲友代付,31,2.0.0,0,2026-02-04 15:49:35,PARSED,3,2026-02-04 15:49:38,3,2026-02-04 15:49:38,0,其他支出
1035,2,3,ALIPAY,PLATFORM_ORDER,2ca122a801c530cfb58a2008803f4bbd,"{""amount"": ""3.90"", ""remark"": """", ""tradeTime"": ""2025-01-01 09:42:38"", ""tradeStatus"": ""交易成功"", ""counterparty"": ""支付宝小荷包(?聚会时刻)"", ""tradeOrderNo"": ""20250101020070011520900080239542\t"", ""paymentMethod"": ""农业银行储蓄卡(6978)"", ""tradeCategory"": ""转账红包"", ""incomeOrExpense"": ""支出"", ""merchantOrderNo"": ""2024050100424002040078000942609620250101090000\t"", ""productDescription"": ""支付宝小荷包-自动攒"", ""counterpartyAccount"": ""/""}",20250101020070011520900080239542	,2025-01-01 09:42:38,3.90,OUT,支付宝小荷包(?聚会时刻),6978,支付宝小荷包-自动攒 - 转账红包,1202,2.0.0,0,2026-02-04 15:49:35,PARSED,3,2026-02-04 15:49:38,3,2026-02-04 15:49:38,0,支付宝红包
331,2,3,ALIPAY,PLATFORM_ORDER,c73df75c582ff3bc39ac43a4ddbcaeb4,"{""amount"": ""2.00"", ""remark"": """", ""tradeTime"": ""2025-11-04 10:03:29"", ""tradeStatus"": ""交易成功"", ""counterparty"": ""上海公共交通卡股份有限公司"", ""tradeOrderNo"": ""2025110422001445901446002078\t"", ""paymentMethod"": ""宁波银行信用卡(4573)"", ""tradeCategory"": ""交通出行"", ""incomeOrExpense"": ""支出"", ""merchantOrderNo"": ""25110410032910400216\t"", ""productDescription"": ""上海公交-803路-2025-11-04 08:03:26"", ""counterpartyAccount"": ""jtk***@sptcc.com""}",2025110422001445901446002078	,2025-11-04 10:03:29,2.00,OUT,上海公共交通卡股份有限公司,4573,上海公交-803路-2025-11-04 08:03:26 - 交通出行,203,2.0.0,0,2026-02-04 15:49:34,PARSED,3,2026-02-04 15:49:36,3,2026-02-04 15:49:36,0,交通补贴
329,2,3,ALIPAY,PLATFORM_ORDER,b7125129117743cf4d29e8dedd36da9b,"{""amount"": ""3.00"", ""remark"": """", ""tradeTime"": ""2025-11-04 20:26:15"", ""tradeStatus"": ""交易成功"", ""counterparty"": ""上海公共交通卡股份有限公司"", ""tradeOrderNo"": ""2025110422001445901452688696\t"", ""paymentMethod"": ""宁波银行信用卡(4573)"", ""tradeCategory"": ""交通出行"", ""incomeOrExpense"": ""支出"", ""merchantOrderNo"": ""25110420261510500136\t"", ""productDescription"": ""上海地铁-漕河泾开发区-2025-11-04 18:14:35-七宝-2025-11-04 18:26:12"", ""counterpartyAccount"": ""zfb***@sptcc.com""}",2025110422001445901452688696	,2025-11-04 20:26:15,3.00,OUT,上海公共交通卡股份有限公司,4573,上海地铁-漕河泾开发区-2025-11-04 18:14:35-七宝-2025-11-04 18:26:12 - 交通出行,203,2.0.0,0,2026-02-04 15:49:34,PARSED,3,2026-02-04 15:49:36,3,2026-02-04 15:49:36,0,交通补贴
165,2,3,ALIPAY,PLATFORM_ORDER,3bec4c05662673a4a573ae91f4846ca9,"{""amount"": ""2.00"", ""remark"": """", ""tradeTime"": ""2025-12-11 10:03:06"", ""tradeStatus"": ""交易成功"", ""counterparty"": ""上海公共交通卡股份有限公司"", ""tradeOrderNo"": ""2025121122001445901443770182\t"", ""paymentMethod"": ""宁波银行信用卡(4573)"", ""tradeCategory"": ""交通出行"", ""incomeOrExpense"": ""支出"", ""merchantOrderNo"": ""25121110030610400459\t"", ""productDescription"": ""上海公交-803路-2025-12-11 08:03:03"", ""counterpartyAccount"": ""jtk***@sptcc.com""}",2025121122001445901443770182	,2025-12-11 10:03:06,2.00,OUT,上海公共交通卡股份有限公司,4573,上海公交-803路-2025-12-11 08:03:03 - 交通出行,203,2.0.0,0,2026-02-04 15:49:33,PARSED,3,2026-02-04 15:49:35,3,2026-02-04 15:49:35,0,交通补贴
168,2,3,ALIPAY,PLATFORM_ORDER,949660934b124686aa1062ddb4b3f696,"{""amount"": ""1.76"", ""remark"": """", ""tradeTime"": ""2025-12-10 11:00:45"", ""tradeStatus"": ""交易成功"", ""counterparty"": ""上海公共交通卡股份有限公司"", ""tradeOrderNo"": ""2025121022001445901437946903\t"", ""paymentMethod"": ""宁波银行信用卡(4573)&宁波银行立减金"", ""tradeCategory"": ""交通出行"", ""incomeOrExpense"": ""支出"", ""merchantOrderNo"": ""25121011004510400261\t"", ""productDescription"": ""上海地铁-七宝-2025-12-10 08:50:48-漕河泾开发区-2025-12-10 09:00:42"", ""counterpartyAccount"": ""zfb***@sptcc.com""}",2025121022001445901437946903	,2025-12-10 11:00:45,1.76,OUT,上海公共交通卡股份有限公司,4573,上海地铁-七宝-2025-12-10 08:50:48-漕河泾开发区-2025-12-10 09:00:42 - 交通出行,203,2.0.0,0,2026-02-04 15:49:33,PARSED,3,2026-02-04 15:49:35,3,2026-02-04 15:49:35,0,交通补贴
52,2,3,ALIPAY,PLATFORM_ORDER,b6fc74320aaf805ef01bcb57ae6bcc8b,"{""amount"": ""1.00"", ""remark"": """", ""tradeTime"": ""2025-12-31 20:41:37"", ""tradeStatus"": ""交易成功"", ""counterparty"": ""上海公共交通卡股份有限公司"", ""tradeOrderNo"": ""2025123122001445901446701069\t"", ""paymentMethod"": ""花呗"", ""tradeCategory"": ""交通出行"", ""incomeOrExpense"": ""支出"", ""merchantOrderNo"": ""25123120413710400350\t"", ""productDescription"": ""上海公交-803路-2025-12-31 18:41:34"", ""counterpartyAccount"": ""jtk***@sptcc.com""}",2025123122001445901446701069	,2025-12-31 20:41:37,1.00,OUT,上海公共交通卡股份有限公司,花呗,上海公交-803路-2025-12-31 18:41:34 - 交通出行,203,2.0.0,0,2026-02-04 15:49:33,PARSED,3,2026-02-04 15:49:35,3,2026-02-04 15:49:35,0,交通补贴
169,2,3,ALIPAY,PLATFORM_ORDER,5148712825d8388d32c2caf41fdb8ad8,"{""amount"": ""2.00"", ""remark"": """", ""tradeTime"": ""2025-12-10 10:12:31"", ""tradeStatus"": ""交易成功"", ""counterparty"": ""上海公共交通卡股份有限公司"", ""tradeOrderNo"": ""2025121022001445901437859492\t"", ""paymentMethod"": ""宁波银行信用卡(4573)"", ""tradeCategory"": ""交通出行"", ""incomeOrExpense"": ""支出"", ""merchantOrderNo"": ""25121010123110400665\t"", ""productDescription"": ""上海公交-803路-2025-12-10 08:12:28"", ""counterpartyAccount"": ""jtk***@sptcc.com""}",2025121022001445901437859492	,2025-12-10 10:12:31,2.00,OUT,上海公共交通卡股份有限公司,4573,上海公交-803路-2025-12-10 08:12:28 - 交通出行,203,2.0.0,0,2026-02-04 15:49:33,PARSED,3,2026-02-04 15:49:35,3,2026-02-04 15:49:35,0,交通补贴
54,2,3,ALIPAY,PLATFORM_ORDER,eb1e18659b7b34304a08b1ecc148ea43,"{""amount"": ""50.94"", ""remark"": """", ""tradeTime"": ""2025-12-31 17:41:31"", ""tradeStatus"": ""交易成功"", ""counterparty"": ""盒马"", ""tradeOrderNo"": ""2025123122001145901444804031\t"", ""paymentMethod"": ""花呗"", ""tradeCategory"": ""餐饮美食"", ""incomeOrExpense"": ""支出"", ""merchantOrderNo"": ""T200P4980508597274343545\t"", ""productDescription"": ""【炖煮季】盒适 新黄心土豆 约1kg等多件"", ""counterpartyAccount"": ""shh***@163.com""}",2025123122001145901444804031	,2025-12-31 17:41:31,50.94,OUT,盒马,花呗,【炖煮季】盒适 新黄心土豆 约1kg等多件 - 餐饮美食,1801,2.0.0,0,2026-02-04 15:49:33,PARSED,3,2026-02-04 15:49:35,3,2026-02-04 15:49:35,0,超市
170,2,3,ALIPAY,PLATFORM_ORDER,30a2e6e3bb73b7ce22c3704fc860b0e1,"{""amount"": ""2.80"", ""remark"": """", ""tradeTime"": ""2025-12-10 08:45:59"", ""tradeStatus"": ""交易成功"", ""counterparty"": ""沪松公路五店"", ""tradeOrderNo"": ""2025121022001445901439176181\t"", ""paymentMethod"": ""宁波银行信用卡(4573)"", ""tradeCategory"": ""日用百货"", ""incomeOrExpense"": ""支出"", ""merchantOrderNo"": ""SXA1O2535987426\t"", ""productDescription"": ""上海全家便利店"", ""counterpartyAccount"": ""180***@qq.com""}",2025121022001445901439176181	,2025-12-10 08:45:59,2.80,OUT,沪松公路五店,4573,上海全家便利店 - 日用百货,1802,2.0.0,0,2026-02-04 15:49:33,PARSED,3,2026-02-04 15:49:35,3,2026-02-04 15:49:35,0,便利店
56,2,3,ALIPAY,PLATFORM_ORDER,1a2f975187d28444cc5e7fc7d1c7d821,"{""amount"": ""1.95"", ""remark"": """", ""tradeTime"": ""2025-12-31 10:13:05"", ""tradeStatus"": ""交易成功"", ""counterparty"": ""上海公共交通卡股份有限公司"", ""tradeOrderNo"": ""2025123122001445901439760028\t"", ""paymentMethod"": ""花呗&花呗立减"", ""tradeCategory"": ""交通出行"", ""incomeOrExpense"": ""支出"", ""merchantOrderNo"": ""25123110130510400486\t"", ""productDescription"": ""上海公交-803路-2025-12-31 08:13:02"", ""counterpartyAccount"": ""jtk***@sptcc.com""}",2025123122001445901439760028	,2025-12-31 10:13:05,1.95,OUT,上海公共交通卡股份有限公司,花呗&花呗立减,上海公交-803路-2025-12-31 08:13:02 - 交通出行,203,2.0.0,0,2026-02-04 15:49:33,PARSED,3,2026-02-04 15:49:35,3,2026-02-04 15:49:35,0,交通补贴
171,2,3,ALIPAY,PLATFORM_ORDER,243525287273101acbfcfa103fa138ad,"{""amount"": ""6.00"", ""remark"": """", ""tradeTime"": ""2025-12-09 21:01:48"", ""tradeStatus"": ""交易成功"", ""counterparty"": ""上海公共交通卡股份有限公司"", ""tradeOrderNo"": ""2025120922001445901436032325\t"", ""paymentMethod"": ""宁波银行信用卡(4573)"", ""tradeCategory"": ""交通出行"", ""incomeOrExpense"": ""支出"", ""merchantOrderNo"": ""25120921014810500120\t"", ""productDescription"": ""上海地铁-漕河泾开发区-2025-12-09 18:24:58-市域线虹桥T2航站楼-2025-12-09 19:01:45"", ""counterpartyAccount"": ""zfb***@sptcc.com""}",2025120922001445901436032325	,2025-12-09 21:01:48,6.00,OUT,上海公共交通卡股份有限公司,4573,上海地铁-漕河泾开发区-2025-12-09 18:24:58-市域线虹桥T2航站楼-2025-12-09 19:01:45 - 交通出行,203,2.0.0,0,2026-02-04 15:49:33,PARSED,3,2026-02-04 15:49:35,3,2026-02-04 15:49:35,0,交通补贴
58,2,3,ALIPAY,PLATFORM_ORDER,a0fb3c556c499cb5aec434b04cbbe5e4,"{""amount"": ""2.92"", ""remark"": """", ""tradeTime"": ""2025-12-30 23:12:57"", ""tradeStatus"": ""交易成功"", ""counterparty"": ""上海公共交通卡股份有限公司"", ""tradeOrderNo"": ""2025123022001445901441403039\t"", ""paymentMethod"": ""花呗&花呗立减"", ""tradeCategory"": ""交通出行"", ""incomeOrExpense"": ""支出"", ""merchantOrderNo"": ""25123023125710400144\t"", ""productDescription"": ""上海地铁-漕河泾开发区-2025-12-30 21:03:33-七宝-2025-12-30 21:12:54"", ""counterpartyAccount"": ""zfb***@sptcc.com""}",2025123022001445901441403039	,2025-12-30 23:12:57,2.92,OUT,上海公共交通卡股份有限公司,花呗&花呗立减,上海地铁-漕河泾开发区-2025-12-30 21:03:33-七宝-2025-12-30 21:12:54 - 交通出行,203,2.0.0,0,2026-02-04 15:49:33,PARSED,3,2026-02-04 15:49:35,3,2026-02-04 15:49:35,0,交通补贴
172,2,3,ALIPAY,PLATFORM_ORDER,c01fca46e953dd899631049f617fc0b6,"{""amount"": ""156.54"", ""remark"": """", ""tradeTime"": ""2025-12-09 19:03:59"", ""tradeStatus"": ""交易关闭"", ""counterparty"": ""xi**店"", ""tradeOrderNo"": ""2025120922001145901436242633\t"", ""paymentMethod"": ""宁波银行信用卡(4573)&优惠"", ""tradeCategory"": ""数码电器"", ""incomeOrExpense"": ""支出"", ""merchantOrderNo"": ""T200P4934221524168343545\t"", ""productDescription"": ""【优惠价】西伯利亚羽DM02双金标无线蓝牙降噪耳机头戴式有线电脑游戏耳麦 等多件"", ""counterpartyAccount"": ""xib***@163.com""}",2025120922001145901436242633	,2025-12-09 19:03:59,156.54,OUT,xi**店,4573,【优惠价】西伯利亚羽DM02双金标无线蓝牙降噪耳机头戴式有线电脑游戏耳麦 等多件 - 数码电器,1807,2.0.0,0,2026-02-04 15:49:33,PARSED,3,2026-02-04 15:49:35,3,2026-02-04 15:49:35,0,数码产品
60,2,3,ALIPAY,PLATFORM_ORDER,b9dd7b02b7704331aa1da03d0cddcb82,"{""amount"": ""20.33"", ""remark"": """", ""tradeTime"": ""2025-12-30 18:19:23"", ""tradeStatus"": ""交易成功"", ""counterparty"": ""玖集科产店"", ""tradeOrderNo"": ""2025123022001445901436068072\t"", ""paymentMethod"": ""宁波银行信用卡(4573)"", ""tradeCategory"": ""餐饮美食"", ""incomeOrExpense"": ""支出"", ""merchantOrderNo"": ""69126600004836000083620251230615444281\t"", ""productDescription"": ""玖集科产大厦店-消费"", ""counterpartyAccount"": ""/""}",2025123022001445901436068072	,2025-12-30 18:19:23,20.33,OUT,玖集科产店,4573,玖集科产大厦店-消费 - 餐饮美食,16,2.0.0,0,2026-02-04 15:49:33,PARSED,3,2026-02-04 15:49:35,3,2026-02-04 15:49:35,0,餐饮美食
173,2,3,ALIPAY,PLATFORM_ORDER,faaaae951f4e0a963fea95c7aa963e03,"{""amount"": ""444.91"", ""remark"": """", ""tradeTime"": ""2025-12-09 19:03:59"", ""tradeStatus"": ""交易关闭"", ""counterparty"": ""圣维**店"", ""tradeOrderNo"": ""2025120922001145901439035214\t"", ""paymentMethod"": ""宁波银行信用卡(4573)&优惠"", ""tradeCategory"": ""家居家装"", ""incomeOrExpense"": ""支出"", ""merchantOrderNo"": ""T200P4934221524171343545\t"", ""productDescription"": ""【优惠价】新疆棉花被子冬被棉被被芯冬季加厚2025新款纯棉全棉长绒棉絮冬天 等多件"", ""counterpartyAccount"": ""365***@qq.com""}",2025120922001145901439035214	,2025-12-09 19:03:59,444.91,OUT,圣维**店,4573,【优惠价】新疆棉花被子冬被棉被被芯冬季加厚2025新款纯棉全棉长绒棉絮冬天 等多件 - 家居家装,2211,2.0.0,0,2026-02-04 15:49:33,PARSED,3,2026-02-04 15:49:35,3,2026-02-04 15:49:35,0,装修
62,2,3,ALIPAY,PLATFORM_ORDER,a1d4cda2910d77cc7fc91bfebc439b5f,"{""amount"": ""22.00"", ""remark"": """", ""tradeTime"": ""2025-12-30 10:46:45"", ""tradeStatus"": ""交易成功"", ""counterparty"": ""杭州柏鹿信息技术有限公司"", ""tradeOrderNo"": ""20251230020070011530900061965587\t"", ""paymentMethod"": """", ""tradeCategory"": ""转账红包"", ""incomeOrExpense"": ""收入"", ""merchantOrderNo"": ""XC227915197479986508\t"", ""productDescription"": ""小蚕提现"", ""counterpartyAccount"": ""/""}",20251230020070011530900061965587	,2025-12-30 10:46:45,22.00,IN,杭州柏鹿信息技术有限公司,null,小蚕提现 - 转账红包,3203,2.0.0,0,2026-02-04 15:49:33,PARSED,3,2026-02-04 15:49:35,3,2026-02-04 15:49:35,0,储蓄卡⇄支付平台
174,2,3,ALIPAY,PLATFORM_ORDER,da70e5c7812f5b00c82efd302dddff50,"{""amount"": ""1.76"", ""remark"": """", ""tradeTime"": ""2025-12-09 11:02:36"", ""tradeStatus"": ""交易成功"", ""counterparty"": ""上海公共交通卡股份有限公司"", ""tradeOrderNo"": ""2025120922001445901432464966\t"", ""paymentMethod"": ""宁波银行信用卡(4573)&宁波银行立减金"", ""tradeCategory"": ""交通出行"", ""incomeOrExpense"": ""支出"", ""merchantOrderNo"": ""25120911023610400040\t"", ""productDescription"": ""上海地铁-七宝-2025-12-09 08:51:57-漕河泾开发区-2025-12-09 09:02:33"", ""counterpartyAccount"": ""zfb***@sptcc.com""}",2025120922001445901432464966	,2025-12-09 11:02:36,1.76,OUT,上海公共交通卡股份有限公司,4573,上海地铁-七宝-2025-12-09 08:51:57-漕河泾开发区-2025-12-09 09:02:33 - 交通出行,203,2.0.0,0,2026-02-04 15:49:33,PARSED,3,2026-02-04 15:49:35,3,2026-02-04 15:49:35,0,交通补贴
208,2,3,ALIPAY,PLATFORM_ORDER,81d6d0c721bd1f9f88618e341a6d8053,"{""amount"": ""1.00"", ""remark"": """", ""tradeTime"": ""2025-12-01 10:53:57"", ""tradeStatus"": ""交易成功"", ""counterparty"": ""上海公共交通卡股份有限公司"", ""tradeOrderNo"": ""2025120122001445901445591121\t"", ""paymentMethod"": ""宁波银行信用卡(4573)&宁波银行立减金"", ""tradeCategory"": ""交通出行"", ""incomeOrExpense"": ""支出"", ""merchantOrderNo"": ""25120110535610500528\t"", ""productDescription"": ""上海地铁-七宝-2025-12-01 08:44:18-漕河泾开发区-2025-12-01 08:53:53"", ""counterpartyAccount"": ""zfb***@sptcc.com""}",2025120122001445901445591121	,2025-12-01 10:53:57,1.00,OUT,上海公共交通卡股份有限公司,4573,上海地铁-七宝-2025-12-01 08:44:18-漕河泾开发区-2025-12-01 08:53:53 - 交通出行,203,2.0.0,0,2026-02-04 15:49:33,PARSED,3,2026-02-04 15:49:35,3,2026-02-04 15:49:35,0,交通补贴
144,2,3,ALIPAY,PLATFORM_ORDER,17b46a221111e31a7459b821b40fc0b3,"{""amount"": ""1.00"", ""remark"": """", ""tradeTime"": ""2025-12-15 10:57:44"", ""tradeStatus"": ""交易成功"", ""counterparty"": ""上海公共交通卡股份有限公司"", ""tradeOrderNo"": ""2025121522001445901410060306\t"", ""paymentMethod"": ""宁波银行信用卡(4573)&宁波银行立减金"", ""tradeCategory"": ""交通出行"", ""incomeOrExpense"": ""支出"", ""merchantOrderNo"": ""25121510574310400696\t"", ""productDescription"": ""上海地铁-七宝-2025-12-15 08:46:30-漕河泾开发区-2025-12-15 08:57:40"", ""counterpartyAccount"": ""zfb***@sptcc.com""}",2025121522001445901410060306	,2025-12-15 10:57:44,1.00,OUT,上海公共交通卡股份有限公司,4573,上海地铁-七宝-2025-12-15 08:46:30-漕河泾开发区-2025-12-15 08:57:40 - 交通出行,203,2.0.0,0,2026-02-04 15:49:33,PARSED,3,2026-02-04 15:49:35,3,2026-02-04 15:49:35,0,交通补贴
160,2,3,ALIPAY,PLATFORM_ORDER,6d3ff9c40850d89b659839f07ce3d62a,"{""amount"": ""1.00"", ""remark"": """", ""tradeTime"": ""2025-12-11 23:44:07"", ""tradeStatus"": ""交易成功"", ""counterparty"": ""上海公共交通卡股份有限公司"", ""tradeOrderNo"": ""2025121122001445901448690609\t"", ""paymentMethod"": ""宁波银行信用卡(4573)"", ""tradeCategory"": ""交通出行"", ""incomeOrExpense"": ""支出"", ""merchantOrderNo"": ""25121123440710500012\t"", ""productDescription"": ""上海公交-803路-2025-12-11 21:44:04"", ""counterpartyAccount"": ""jtk***@sptcc.com""}",2025121122001445901448690609	,2025-12-11 23:44:07,1.00,OUT,上海公共交通卡股份有限公司,4573,上海公交-803路-2025-12-11 21:44:04 - 交通出行,203,2.0.0,0,2026-02-04 15:49:33,PARSED,3,2026-02-04 15:49:35,3,2026-02-04 15:49:35,0,交通补贴
240,2,3,ALIPAY,PLATFORM_ORDER,e2213f117b7f3f7d57e2ad110b98077c,"{""amount"": ""1.00"", ""remark"": """", ""tradeTime"": ""2025-11-24 10:54:20"", ""tradeStatus"": ""交易成功"", ""counterparty"": ""上海公共交通卡股份有限公司"", ""tradeOrderNo"": ""2025112422001445901406030719\t"", ""paymentMethod"": ""宁波银行信用卡(4573)&宁波银行立减金"", ""tradeCategory"": ""交通出行"", ""incomeOrExpense"": ""支出"", ""merchantOrderNo"": ""25112410542010500392\t"", ""productDescription"": ""上海地铁-七宝-2025-11-24 08:43:21-漕河泾开发区-2025-11-24 08:54:17"", ""counterpartyAccount"": ""zfb***@sptcc.com""}",2025112422001445901406030719	,2025-11-24 10:54:20,1.00,OUT,上海公共交通卡股份有限公司,4573,上海地铁-七宝-2025-11-24 08:43:21-漕河泾开发区-2025-11-24 08:54:17 - 交通出行,203,2.0.0,0,2026-02-04 15:49:33,PARSED,3,2026-02-04 15:49:36,3,2026-02-04 15:49:36,0,交通补贴
304,2,3,ALIPAY,PLATFORM_ORDER,821fc62930bfb797ebb2fea09cdc0630,"{""amount"": ""12.00"", ""remark"": """", ""tradeTime"": ""2025-11-10 12:28:30"", ""tradeStatus"": ""交易成功"", ""counterparty"": ""杭州柏鹿信息技术有限公司"", ""tradeOrderNo"": ""20251110020070011540900077021213\t"", ""paymentMethod"": """", ""tradeCategory"": ""转账红包"", ""incomeOrExpense"": ""收入"", ""merchantOrderNo"": ""XC208882623479986508\t"", ""productDescription"": ""小蚕提现"", ""counterpartyAccount"": ""/""}",20251110020070011540900077021213	,2025-11-10 12:28:30,12.00,IN,杭州柏鹿信息技术有限公司,null,小蚕提现 - 转账红包,3203,2.0.0,0,2026-02-04 15:49:33,PARSED,3,2026-02-04 15:49:36,3,2026-02-04 15:49:36,0,储蓄卡⇄支付平台
84,2,3,ALIPAY,PLATFORM_ORDER,206109b56a4f60f17b1ba645d8406b3e,"{""amount"": ""23.30"", ""remark"": """", ""tradeTime"": ""2025-12-26 11:08:31"", ""tradeStatus"": ""交易成功"", ""counterparty"": ""淘宝闪购"", ""tradeOrderNo"": ""2025122622001145901409602418\t"", ""paymentMethod"": ""宁波银行信用卡(4573)&宁波银行立减金"", ""tradeCategory"": ""餐饮美食"", ""incomeOrExpense"": ""支出"", ""merchantOrderNo"": ""13110600725122621508536796052\t"", ""productDescription"": ""黑猫面馆(漕河泾店)外卖订单"", ""counterpartyAccount"": ""e50***@alibaba-inc.com""}",2025122622001145901409602418	,2025-12-26 11:08:31,23.30,OUT,淘宝闪购,4573,黑猫面馆(漕河泾店)外卖订单 - 餐饮美食,1803,2.0.0,0,2026-02-04 15:49:33,PARSED,3,2026-02-04 15:49:35,3,2026-02-04 15:49:35,0,网购
192,2,3,ALIPAY,PLATFORM_ORDER,d0ab72f07d3b2aa2a4e5c5d1ff8a6ab2,"{""amount"": ""20.18"", ""remark"": """", ""tradeTime"": ""2025-12-03 17:20:06"", ""tradeStatus"": ""交易成功"", ""counterparty"": ""玖集科产店"", ""tradeOrderNo"": ""2025120323001445901400424747\t"", ""paymentMethod"": ""宁波银行信用卡(4573)"", ""tradeCategory"": ""餐饮美食"", ""incomeOrExpense"": ""支出"", ""merchantOrderNo"": ""13126600004836000083620251203712096062\t"", ""productDescription"": ""玖集科产大厦店-消费"", ""counterpartyAccount"": ""/""}",2025120323001445901400424747	,2025-12-03 17:20:06,20.18,OUT,玖集科产店,4573,玖集科产大厦店-消费 - 餐饮美食,16,2.0.0,0,2026-02-04 15:49:33,PARSED,3,2026-02-04 15:49:35,3,2026-02-04 15:49:35,0,餐饮美食
112,2,3,ALIPAY,PLATFORM_ORDER,7a8aa38d1abd3975e56df4594df80ac9,"{""amount"": ""2.00"", ""remark"": """", ""tradeTime"": ""2025-12-22 10:00:34"", ""tradeStatus"": ""交易成功"", ""counterparty"": ""上海公共交通卡股份有限公司"", ""tradeOrderNo"": ""2025122222001445901443961751\t"", ""paymentMethod"": ""宁波银行信用卡(4573)"", ""tradeCategory"": ""交通出行"", ""incomeOrExpense"": ""支出"", ""merchantOrderNo"": ""25122210003410500159\t"", ""productDescription"": ""上海公交-803路-2025-12-22 08:00:31"", ""counterpartyAccount"": ""jtk***@sptcc.com""}",2025122222001445901443961751	,2025-12-22 10:00:34,2.00,OUT,上海公共交通卡股份有限公司,4573,上海公交-803路-2025-12-22 08:00:31 - 交通出行,203,2.0.0,0,2026-02-04 15:49:33,PARSED,3,2026-02-04 15:49:35,3,2026-02-04 15:49:35,0,交通补贴
224,2,3,ALIPAY,PLATFORM_ORDER,2405267cf50405ba93b5f435125bc177,"{""amount"": ""18.55"", ""remark"": """", ""tradeTime"": ""2025-11-27 18:37:07"", ""tradeStatus"": ""交易成功"", ""counterparty"": ""酷味乐虹梅路店"", ""tradeOrderNo"": ""2025112722001445901419668398\t"", ""paymentMethod"": ""宁波银行信用卡(4573)"", ""tradeCategory"": ""餐饮美食"", ""incomeOrExpense"": ""支出"", ""merchantOrderNo"": ""081266000048250000705500990649251127\t"", ""productDescription"": ""酷味乐智选餐厅(虹梅路店)订单"", ""counterpartyAccount"": ""/""}",2025112722001445901419668398	,2025-11-27 18:37:07,18.55,OUT,酷味乐虹梅路店,4573,酷味乐智选餐厅(虹梅路店)订单 - 餐饮美食,1601,2.0.0,0,2026-02-04 15:49:33,PARSED,3,2026-02-04 15:49:36,3,2026-02-04 15:49:36,0,三餐
176,2,3,ALIPAY,PLATFORM_ORDER,0b3387eb36b3d289335f72f7587aeae3,"{""amount"": ""64.88"", ""remark"": """", ""tradeTime"": ""2025-12-08 23:44:47"", ""tradeStatus"": ""交易成功"", ""counterparty"": ""滴滴出行"", ""tradeOrderNo"": ""2025120822001445901433820785\t"", ""paymentMethod"": ""宁波银行信用卡(4573)&宁波银行立减金"", ""tradeCategory"": ""交通出行"", ""incomeOrExpense"": ""支出"", ""merchantOrderNo"": ""210_202512088504770901426536\t"", ""productDescription"": ""滴滴快车打车-路师傅-12月08日行程"", ""counterpartyAccount"": ""chu***@didichuxing.com""}",2025120822001445901433820785	,2025-12-08 23:44:47,64.88,OUT,滴滴出行,4573,滴滴快车打车-路师傅-12月08日行程 - 交通出行,1703,2.0.0,0,2026-02-04 15:49:33,PARSED,3,2026-02-04 15:49:35,3,2026-02-04 15:49:35,0,网约车
256,2,3,ALIPAY,PLATFORM_ORDER,c3c012b79cdf2fb9987d5b056dcff484,"{""amount"": ""3.00"", ""remark"": """", ""tradeTime"": ""2025-11-20 23:25:29"", ""tradeStatus"": ""交易成功"", ""counterparty"": ""上海公共交通卡股份有限公司"", ""tradeOrderNo"": ""2025112022001445901443166279\t"", ""paymentMethod"": ""宁波银行信用卡(4573)"", ""tradeCategory"": ""交通出行"", ""incomeOrExpense"": ""支出"", ""merchantOrderNo"": ""25112023252910500063\t"", ""productDescription"": ""上海地铁-漕河泾开发区-2025-11-20 21:09:23-七宝-2025-11-20 21:25:26"", ""counterpartyAccount"": ""zfb***@sptcc.com""}",2025112022001445901443166279	,2025-11-20 23:25:29,3.00,OUT,上海公共交通卡股份有限公司,4573,上海地铁-漕河泾开发区-2025-11-20 21:09:23-七宝-2025-11-20 21:25:26 - 交通出行,203,2.0.0,0,2026-02-04 15:49:33,PARSED,3,2026-02-04 15:49:36,3,2026-02-04 15:49:36,0,交通补贴
288,2,3,ALIPAY,PLATFORM_ORDER,1ba7ab39b3b2dd9c74921433fb9a343d,"{""amount"": ""2.30"", ""remark"": """", ""tradeTime"": ""2025-11-14 08:35:14"", ""tradeStatus"": ""交易成功"", ""counterparty"": ""沪松公路五店"", ""tradeOrderNo"": ""2025111422001445901448086178\t"", ""paymentMethod"": ""宁波银行信用卡(4573)&碰友日立减"", ""tradeCategory"": ""日用百货"", ""incomeOrExpense"": ""支出"", ""merchantOrderNo"": ""SXA1O111269612325\t"", ""productDescription"": ""上海全家便利店"", ""counterpartyAccount"": ""180***@qq.com""}",2025111422001445901448086178	,2025-11-14 08:35:14,2.30,OUT,沪松公路五店,4573,上海全家便利店 - 日用百货,1802,2.0.0,0,2026-02-04 15:49:33,PARSED,3,2026-02-04 15:49:36,3,2026-02-04 15:49:36,0,便利店
136,2,3,ALIPAY,PLATFORM_ORDER,3008bc88d390aa8480480e656b0c5c11,"{""amount"": ""1.76"", ""remark"": """", ""tradeTime"": ""2025-12-16 10:54:20"", ""tradeStatus"": ""交易成功"", ""counterparty"": ""上海公共交通卡股份有限公司"", ""tradeOrderNo"": ""2025121622001445901413492918\t"", ""paymentMethod"": ""宁波银行信用卡(4573)&宁波银行立减金"", ""tradeCategory"": ""交通出行"", ""incomeOrExpense"": ""支出"", ""merchantOrderNo"": ""25121610542010400490\t"", ""productDescription"": ""上海地铁-七宝-2025-12-16 08:42:08-漕河泾开发区-2025-12-16 08:54:17"", ""counterpartyAccount"": ""zfb***@sptcc.com""}",2025121622001445901413492918	,2025-12-16 10:54:20,1.76,OUT,上海公共交通卡股份有限公司,4573,上海地铁-七宝-2025-12-16 08:42:08-漕河泾开发区-2025-12-16 08:54:17 - 交通出行,203,2.0.0,0,2026-02-04 15:49:33,PARSED,3,2026-02-04 15:49:35,3,2026-02-04 15:49:35,0,交通补贴
320,2,3,ALIPAY,PLATFORM_ORDER,6863b2ca82c949dbc59e08df93ad6ee9,"{""amount"": ""1.00"", ""remark"": """", ""tradeTime"": ""2025-11-05 23:43:09"", ""tradeStatus"": ""交易成功"", ""counterparty"": ""上海公共交通卡股份有限公司"", ""tradeOrderNo"": ""2025110522001445901459423704\t"", ""paymentMethod"": ""宁波银行信用卡(4573)"", ""tradeCategory"": ""交通出行"", ""incomeOrExpense"": ""支出"", ""merchantOrderNo"": ""25110523430910500003\t"", ""productDescription"": ""上海公交-803路-2025-11-05 21:43:06"", ""counterpartyAccount"": ""jtk***@sptcc.com""}",2025110522001445901459423704	,2025-11-05 23:43:09,1.00,OUT,上海公共交通卡股份有限公司,4573,上海公交-803路-2025-11-05 21:43:06 - 交通出行,203,2.0.0,0,2026-02-04 15:49:34,PARSED,3,2026-02-04 15:49:36,3,2026-02-04 15:49:36,0,交通补贴
99,2,3,ALIPAY,PLATFORM_ORDER,2b461b1a7a0ecb3207bcf854dcc7d2d7,"{""amount"": ""3.00"", ""remark"": """", ""tradeTime"": ""2025-12-23 23:25:16"", ""tradeStatus"": ""交易成功"", ""counterparty"": ""上海公共交通卡股份有限公司"", ""tradeOrderNo"": ""2025122322001445901456631194\t"", ""paymentMethod"": ""宁波银行信用卡(4573)"", ""tradeCategory"": ""交通出行"", ""incomeOrExpense"": ""支出"", ""merchantOrderNo"": ""25122323251610500005\t"", ""productDescription"": ""上海地铁-漕河泾开发区-2025-12-23 21:12:04-七宝-2025-12-23 21:25:13"", ""counterpartyAccount"": ""zfb***@sptcc.com""}",2025122322001445901456631194	,2025-12-23 23:25:16,3.00,OUT,上海公共交通卡股份有限公司,4573,上海地铁-漕河泾开发区-2025-12-23 21:12:04-七宝-2025-12-23 21:25:13 - 交通出行,203,2.0.0,0,2026-02-04 15:49:33,PARSED,3,2026-02-04 15:49:35,3,2026-02-04 15:49:35,0,交通补贴
184,2,3,ALIPAY,PLATFORM_ORDER,47e5945fdc5d32224f4fa5ca7c4cb738,"{""amount"": ""142.98"", ""remark"": """", ""tradeTime"": ""2025-12-07 12:19:17"", ""tradeStatus"": ""交易成功"", ""counterparty"": ""哈啰出行"", ""tradeOrderNo"": ""2025120722001445901422329763\t"", ""paymentMethod"": ""宁波银行信用卡(4573)&宁波银行立减金"", ""tradeCategory"": ""交通出行"", ""incomeOrExpense"": ""支出"", ""merchantOrderNo"": ""CPR251207121910047224519172R\t"", ""productDescription"": ""哈啰多订单合并付款"", ""counterpartyAccount"": ""zij***@hellobike.com""}",2025120722001445901422329763	,2025-12-07 12:19:17,142.98,OUT,哈啰出行,4573,哈啰多订单合并付款 - 交通出行,1707,2.0.0,0,2026-02-04 15:49:33,PARSED,3,2026-02-04 15:49:35,3,2026-02-04 15:49:35,0,共享单车
152,2,3,ALIPAY,PLATFORM_ORDER,e86e13c4e3630094ddaa3f759c00eb83,"{""amount"": ""269.96"", ""remark"": """", ""tradeTime"": ""2025-12-12 18:34:49"", ""tradeStatus"": ""交易成功"", ""counterparty"": ""苏泊**店"", ""tradeOrderNo"": ""2025121222001145901450543113\t"", ""paymentMethod"": ""宁波银行信用卡(4573)&优惠"", ""tradeCategory"": ""美容美发"", ""incomeOrExpense"": ""支出"", ""merchantOrderNo"": ""T200P4940424433132343545\t"", ""productDescription"": ""【优惠价】苏泊尔泡脚桶加热恒温自动按摩洗脚桶家用电动智能高深养生足浴盆"", ""counterpartyAccount"": ""nbg***@163.com""}",2025121222001145901450543113	,2025-12-12 18:34:49,269.96,OUT,苏泊**店,4573,【优惠价】苏泊尔泡脚桶加热恒温自动按摩洗脚桶家用电动智能高深养生足浴盆 - 美容美发,1908,2.0.0,0,2026-02-04 15:49:33,PARSED,3,2026-02-04 15:49:35,3,2026-02-04 15:49:35,0,康复
200,2,3,ALIPAY,PLATFORM_ORDER,9f9d8983faf01548e7e76bed1fbed5ce,"{""amount"": ""42.07"", ""remark"": """", ""tradeTime"": ""2025-12-02 15:50:47"", ""tradeStatus"": ""交易成功"", ""counterparty"": ""上海宜员网络技术有限公司"", ""tradeOrderNo"": ""2025120222001445901458387146\t"", ""paymentMethod"": ""宁波银行信用卡(4573)"", ""tradeCategory"": ""充值缴费"", ""incomeOrExpense"": ""支出"", ""merchantOrderNo"": ""51986512\t"", ""productDescription"": ""话费直充-17621997307"", ""counterpartyAccount"": ""fin***@yiyuangroup.com""}",2025120222001445901458387146	,2025-12-02 15:50:47,42.07,OUT,上海宜员网络技术有限公司,4573,话费直充-17621997307 - 充值缴费,205,2.0.0,0,2026-02-04 15:49:33,PARSED,3,2026-02-04 15:49:35,3,2026-02-04 15:49:35,0,通讯补贴
88,2,3,ALIPAY,PLATFORM_ORDER,5b8a19bbbbcac611617753ee94686e11,"{""amount"": ""1.00"", ""remark"": """", ""tradeTime"": ""2025-12-25 23:45:19"", ""tradeStatus"": ""交易成功"", ""counterparty"": ""上海公共交通卡股份有限公司"", ""tradeOrderNo"": ""2025122522001445901412683077\t"", ""paymentMethod"": ""宁波银行信用卡(4573)"", ""tradeCategory"": ""交通出行"", ""incomeOrExpense"": ""支出"", ""merchantOrderNo"": ""25122523451910500028\t"", ""productDescription"": ""上海公交-803路-2025-12-25 21:45:16"", ""counterpartyAccount"": ""jtk***@sptcc.com""}",2025122522001445901412683077	,2025-12-25 23:45:19,1.00,OUT,上海公共交通卡股份有限公司,4573,上海公交-803路-2025-12-25 21:45:16 - 交通出行,203,2.0.0,0,2026-02-04 15:49:33,PARSED,3,2026-02-04 15:49:35,3,2026-02-04 15:49:35,0,交通补贴
216,2,3,ALIPAY,PLATFORM_ORDER,63f0f63f9faa6b5b104dc2ee2ddadbc6,"{""amount"": ""5.00"", ""remark"": """", ""tradeTime"": ""2025-11-29 17:28:01"", ""tradeStatus"": ""交易成功"", ""counterparty"": ""上海公共交通卡股份有限公司"", ""tradeOrderNo"": ""2025112922001445901436564329\t"", ""paymentMethod"": ""宁波银行信用卡(4573)"", ""tradeCategory"": ""交通出行"", ""incomeOrExpense"": ""支出"", ""merchantOrderNo"": ""25112917280110500048\t"", ""productDescription"": ""上海地铁-七莘路-2025-11-29 14:43:27-南京西路-2025-11-29 15:27:58"", ""counterpartyAccount"": ""zfb***@sptcc.com""}",2025112922001445901436564329	,2025-11-29 17:28:01,5.00,OUT,上海公共交通卡股份有限公司,4573,上海地铁-七莘路-2025-11-29 14:43:27-南京西路-2025-11-29 15:27:58 - 交通出行,203,2.0.0,0,2026-02-04 15:49:33,PARSED,3,2026-02-04 15:49:36,3,2026-02-04 15:49:36,0,交通补贴
53,2,3,ALIPAY,PLATFORM_ORDER,88226e0ddd4c4b6691f4afcdf22973fb,"{""amount"": ""3.00"", ""remark"": """", ""tradeTime"": ""2025-12-31 20:34:05"", ""tradeStatus"": ""交易成功"", ""counterparty"": ""上海公共交通卡股份有限公司"", ""tradeOrderNo"": ""2025123122001445901444977187\t"", ""paymentMethod"": ""花呗"", ""tradeCategory"": ""交通出行"", ""incomeOrExpense"": ""支出"", ""merchantOrderNo"": ""25123120340510400369\t"", ""productDescription"": ""上海地铁-漕河泾开发区-2025-12-31 18:21:50-七宝-2025-12-31 18:34:02"", ""counterpartyAccount"": ""zfb***@sptcc.com""}",2025123122001445901444977187	,2025-12-31 20:34:05,3.00,OUT,上海公共交通卡股份有限公司,花呗,上海地铁-漕河泾开发区-2025-12-31 18:21:50-七宝-2025-12-31 18:34:02 - 交通出行,203,2.0.0,0,2026-02-04 15:49:33,PARSED,3,2026-02-04 15:49:35,3,2026-02-04 15:49:35,0,交通补贴
232,2,3,ALIPAY,PLATFORM_ORDER,dd7c0225edcf7d34f717282fa07d848d,"{""amount"": ""62.38"", ""remark"": """", ""tradeTime"": ""2025-11-25 23:13:00"", ""tradeStatus"": ""交易成功"", ""counterparty"": ""滴滴出行"", ""tradeOrderNo"": ""2025112523001445901415188655\t"", ""paymentMethod"": ""宁波银行信用卡(4573)&宁波银行立减金"", ""tradeCategory"": ""交通出行"", ""incomeOrExpense"": ""支出"", ""merchantOrderNo"": ""210_202511258494082301944638\t"", ""productDescription"": ""滴滴快车打车-陈师傅-11月25日行程"", ""counterpartyAccount"": ""chu***@didichuxing.com""}",2025112523001445901415188655	,2025-11-25 23:13:00,62.38,OUT,滴滴出行,4573,滴滴快车打车-陈师傅-11月25日行程 - 交通出行,1703,2.0.0,0,2026-02-04 15:49:33,PARSED,3,2026-02-04 15:49:36,3,2026-02-04 15:49:36,0,网约车
120,2,3,ALIPAY,PLATFORM_ORDER,f4c5233351a98eabc36e7c8d12bc36e1,"{""amount"": ""2.00"", ""remark"": """", ""tradeTime"": ""2025-12-19 10:11:18"", ""tradeStatus"": ""交易成功"", ""counterparty"": ""上海公共交通卡股份有限公司"", ""tradeOrderNo"": ""2025121922001445901428588486\t"", ""paymentMethod"": ""宁波银行信用卡(4573)"", ""tradeCategory"": ""交通出行"", ""incomeOrExpense"": ""支出"", ""merchantOrderNo"": ""25121910111810500068\t"", ""productDescription"": ""上海公交-803路-2025-12-19 08:11:15"", ""counterpartyAccount"": ""jtk***@sptcc.com""}",2025121922001445901428588486	,2025-12-19 10:11:18,2.00,OUT,上海公共交通卡股份有限公司,4573,上海公交-803路-2025-12-19 08:11:15 - 交通出行,203,2.0.0,0,2026-02-04 15:49:33,PARSED,3,2026-02-04 15:49:35,3,2026-02-04 15:49:35,0,交通补贴
248,2,3,ALIPAY,PLATFORM_ORDER,db0a47662326cb010f33dbfba5746a3d,"{""amount"": ""2.00"", ""remark"": """", ""tradeTime"": ""2025-11-22 12:03:43"", ""tradeStatus"": ""交易成功"", ""counterparty"": ""上海公共交通卡股份有限公司"", ""tradeOrderNo"": ""2025112222001445901453400044\t"", ""paymentMethod"": ""宁波银行信用卡(4573)"", ""tradeCategory"": ""交通出行"", ""incomeOrExpense"": ""支出"", ""merchantOrderNo"": ""25112212034310500042\t"", ""productDescription"": ""上海地铁-七宝-2025-11-22 09:49:13-漕河泾开发区-2025-11-22 10:03:40"", ""counterpartyAccount"": ""zfb***@sptcc.com""}",2025112222001445901453400044	,2025-11-22 12:03:43,2.00,OUT,上海公共交通卡股份有限公司,4573,上海地铁-七宝-2025-11-22 09:49:13-漕河泾开发区-2025-11-22 10:03:40 - 交通出行,203,2.0.0,0,2026-02-04 15:49:33,PARSED,3,2026-02-04 15:49:36,3,2026-02-04 15:49:36,0,交通补贴
124,2,3,ALIPAY,PLATFORM_ORDER,1fff1fc9ec1ada10363f5e7de4a4a15b,"{""amount"": ""2.00"", ""remark"": """", ""tradeTime"": ""2025-12-18 10:51:33"", ""tradeStatus"": ""交易成功"", ""counterparty"": ""上海公共交通卡股份有限公司"", ""tradeOrderNo"": ""2025121822001445901423710747\t"", ""paymentMethod"": ""宁波银行信用卡(4573)"", ""tradeCategory"": ""交通出行"", ""incomeOrExpense"": ""支出"", ""merchantOrderNo"": ""25121810513210400678\t"", ""productDescription"": ""上海地铁-七宝-2025-12-18 08:41:03-漕河泾开发区-2025-12-18 08:51:29"", ""counterpartyAccount"": ""zfb***@sptcc.com""}",2025121822001445901423710747	,2025-12-18 10:51:33,2.00,OUT,上海公共交通卡股份有限公司,4573,上海地铁-七宝-2025-12-18 08:41:03-漕河泾开发区-2025-12-18 08:51:29 - 交通出行,203,2.0.0,0,2026-02-04 15:49:33,PARSED,3,2026-02-04 15:49:35,3,2026-02-04 15:49:35,0,交通补贴
264,2,3,ALIPAY,PLATFORM_ORDER,e2684b17a380618b691cd41e2f8c5f43,"{""amount"": ""2.00"", ""remark"": """", ""tradeTime"": ""2025-11-19 10:50:18"", ""tradeStatus"": ""交易成功"", ""counterparty"": ""上海公共交通卡股份有限公司"", ""tradeOrderNo"": ""2025111922001445901428243215\t"", ""paymentMethod"": ""宁波银行信用卡(4573)"", ""tradeCategory"": ""交通出行"", ""incomeOrExpense"": ""支出"", ""merchantOrderNo"": ""25111910501710400079\t"", ""productDescription"": ""上海地铁-七宝-2025-11-19 08:39:45-漕河泾开发区-2025-11-19 08:50:14"", ""counterpartyAccount"": ""zfb***@sptcc.com""}",2025111922001445901428243215	,2025-11-19 10:50:18,2.00,OUT,上海公共交通卡股份有限公司,4573,上海地铁-七宝-2025-11-19 08:39:45-漕河泾开发区-2025-11-19 08:50:14 - 交通出行,203,2.0.0,0,2026-02-04 15:49:33,PARSED,3,2026-02-04 15:49:36,3,2026-02-04 15:49:36,0,交通补贴
280,2,3,ALIPAY,PLATFORM_ORDER,b0f0fbfbab6a104590b30b6ac67d165a,"{""amount"": ""2.00"", ""remark"": """", ""tradeTime"": ""2025-11-16 10:01:06"", ""tradeStatus"": ""交易成功"", ""counterparty"": ""上海公共交通卡股份有限公司"", ""tradeOrderNo"": ""2025111622001445901408222862\t"", ""paymentMethod"": ""宁波银行信用卡(4573)"", ""tradeCategory"": ""交通出行"", ""incomeOrExpense"": ""支出"", ""merchantOrderNo"": ""25111610010610500052\t"", ""productDescription"": ""上海公交-803路-2025-11-16 08:01:03"", ""counterpartyAccount"": ""jtk***@sptcc.com""}",2025111622001445901408222862	,2025-11-16 10:01:06,2.00,OUT,上海公共交通卡股份有限公司,4573,上海公交-803路-2025-11-16 08:01:03 - 交通出行,203,2.0.0,0,2026-02-04 15:49:33,PARSED,3,2026-02-04 15:49:36,3,2026-02-04 15:49:36,0,交通补贴
132,2,3,ALIPAY,PLATFORM_ORDER,1b84299edf86dd6ebfd90b0be8466321,"{""amount"": ""2.80"", ""remark"": """", ""tradeTime"": ""2025-12-17 08:35:25"", ""tradeStatus"": ""交易成功"", ""counterparty"": ""沪松公路五店"", ""tradeOrderNo"": ""2025121723001445901418057061\t"", ""paymentMethod"": ""宁波银行信用卡(4573)"", ""tradeCategory"": ""日用百货"", ""incomeOrExpense"": ""支出"", ""merchantOrderNo"": ""SXA1O2935139026\t"", ""productDescription"": ""上海全家便利店"", ""counterpartyAccount"": ""180***@qq.com""}",2025121723001445901418057061	,2025-12-17 08:35:25,2.80,OUT,沪松公路五店,4573,上海全家便利店 - 日用百货,1802,2.0.0,0,2026-02-04 15:49:33,PARSED,3,2026-02-04 15:49:35,3,2026-02-04 15:49:35,0,便利店
296,2,3,ALIPAY,PLATFORM_ORDER,9b48dbeaaa824a7236c99097f9235e81,"{""amount"": ""2.00"", ""remark"": """", ""tradeTime"": ""2025-11-12 10:05:59"", ""tradeStatus"": ""交易成功"", ""counterparty"": ""上海公共交通卡股份有限公司"", ""tradeOrderNo"": ""2025111222001445901440516045\t"", ""paymentMethod"": ""宁波银行信用卡(4573)"", ""tradeCategory"": ""交通出行"", ""incomeOrExpense"": ""支出"", ""merchantOrderNo"": ""25111210055910400168\t"", ""productDescription"": ""上海公交-946路-2025-11-12 08:05:56"", ""counterpartyAccount"": ""jtk***@sptcc.com""}",2025111222001445901440516045	,2025-11-12 10:05:59,2.00,OUT,上海公共交通卡股份有限公司,4573,上海公交-946路-2025-11-12 08:05:56 - 交通出行,203,2.0.0,0,2026-02-04 15:49:33,PARSED,3,2026-02-04 15:49:36,3,2026-02-04 15:49:36,0,交通补贴
82,2,3,ALIPAY,PLATFORM_ORDER,d7e42c42aaf46f8dd8bceb31f2cba2e5,"{""amount"": ""1.00"", ""remark"": """", ""tradeTime"": ""2025-12-27 00:11:52"", ""tradeStatus"": ""交易成功"", ""counterparty"": ""上海公共交通卡股份有限公司"", ""tradeOrderNo"": ""2025122722001445901417389080\t"", ""paymentMethod"": ""宁波银行信用卡(4573)"", ""tradeCategory"": ""交通出行"", ""incomeOrExpense"": ""支出"", ""merchantOrderNo"": ""25122700115210500008\t"", ""productDescription"": ""上海公交-803路-2025-12-26 22:11:49"", ""counterpartyAccount"": ""jtk***@sptcc.com""}",2025122722001445901417389080	,2025-12-27 00:11:52,1.00,OUT,上海公共交通卡股份有限公司,4573,上海公交-803路-2025-12-26 22:11:49 - 交通出行,203,2.0.0,0,2026-02-04 15:49:33,PARSED,3,2026-02-04 15:49:35,3,2026-02-04 15:49:35,0,交通补贴
312,2,3,ALIPAY,PLATFORM_ORDER,3b49b920852847cc06d2fc57cc99a992,"{""amount"": ""3.00"", ""remark"": """", ""tradeTime"": ""2025-11-07 21:23:54"", ""tradeStatus"": ""交易成功"", ""counterparty"": ""上海公共交通卡股份有限公司"", ""tradeOrderNo"": ""2025110722001445901414203908\t"", ""paymentMethod"": ""宁波银行信用卡(4573)"", ""tradeCategory"": ""交通出行"", ""incomeOrExpense"": ""支出"", ""merchantOrderNo"": ""25110721235410400210\t"", ""productDescription"": ""上海地铁-漕河泾开发区-2025-11-07 19:13:25-七宝-2025-11-07 19:23:51"", ""counterpartyAccount"": ""zfb***@sptcc.com""}",2025110722001445901414203908	,2025-11-07 21:23:54,3.00,OUT,上海公共交通卡股份有限公司,4573,上海地铁-漕河泾开发区-2025-11-07 19:13:25-七宝-2025-11-07 19:23:51 - 交通出行,203,2.0.0,0,2026-02-04 15:49:34,PARSED,3,2026-02-04 15:49:36,3,2026-02-04 15:49:36,0,交通补贴
140,2,3,ALIPAY,PLATFORM_ORDER,77a9b9fcacad78a0107dea537c1001b1,"{""amount"": ""3.00"", ""remark"": """", ""tradeTime"": ""2025-12-15 23:24:30"", ""tradeStatus"": ""交易成功"", ""counterparty"": ""上海公共交通卡股份有限公司"", ""tradeOrderNo"": ""2025121522001445901408157695\t"", ""paymentMethod"": ""宁波银行信用卡(4573)"", ""tradeCategory"": ""交通出行"", ""incomeOrExpense"": ""支出"", ""merchantOrderNo"": ""25121523243010500030\t"", ""productDescription"": ""上海地铁-漕河泾开发区-2025-12-15 21:11:20-七宝-2025-12-15 21:24:27"", ""counterpartyAccount"": ""zfb***@sptcc.com""}",2025121522001445901408157695	,2025-12-15 23:24:30,3.00,OUT,上海公共交通卡股份有限公司,4573,上海地铁-漕河泾开发区-2025-12-15 21:11:20-七宝-2025-12-15 21:24:27 - 交通出行,203,2.0.0,0,2026-02-04 15:49:33,PARSED,3,2026-02-04 15:49:35,3,2026-02-04 15:49:35,0,交通补贴
328,2,3,ALIPAY,PLATFORM_ORDER,e74d69ab75a8d2d6fdc12732c0e8b4ea,"{""amount"": ""1.00"", ""remark"": """", ""tradeTime"": ""2025-11-04 20:32:01"", ""tradeStatus"": ""交易成功"", ""counterparty"": ""上海公共交通卡股份有限公司"", ""tradeOrderNo"": ""2025110422001445901446711510\t"", ""paymentMethod"": ""宁波银行信用卡(4573)"", ""tradeCategory"": ""交通出行"", ""incomeOrExpense"": ""支出"", ""merchantOrderNo"": ""25110420320010500522\t"", ""productDescription"": ""上海公交-803路-2025-11-04 18:31:57"", ""counterpartyAccount"": ""jtk***@sptcc.com""}",2025110422001445901446711510	,2025-11-04 20:32:01,1.00,OUT,上海公共交通卡股份有限公司,4573,上海公交-803路-2025-11-04 18:31:57 - 交通出行,203,2.0.0,0,2026-02-04 15:49:34,PARSED,3,2026-02-04 15:49:36,3,2026-02-04 15:49:36,0,交通补贴
297,2,3,ALIPAY,PLATFORM_ORDER,f87ae33bf8b9dd278bc80cfb45e5b1d9,"{""amount"": ""2.80"", ""remark"": """", ""tradeTime"": ""2025-11-12 08:37:55"", ""tradeStatus"": ""交易成功"", ""counterparty"": ""沪松公路五店"", ""tradeOrderNo"": ""2025111222001445901435362977\t"", ""paymentMethod"": ""宁波银行信用卡(4573)"", ""tradeCategory"": ""日用百货"", ""incomeOrExpense"": ""支出"", ""merchantOrderNo"": ""SXA1O111140109725\t"", ""productDescription"": ""上海全家便利店"", ""counterpartyAccount"": ""180***@qq.com""}",2025111222001445901435362977	,2025-11-12 08:37:55,2.80,OUT,沪松公路五店,4573,上海全家便利店 - 日用百货,1802,2.0.0,0,2026-02-04 15:49:33,PARSED,3,2026-02-04 15:49:36,3,2026-02-04 15:49:36,0,便利店
180,2,3,ALIPAY,PLATFORM_ORDER,b2d15ff6a056276ee13dcb9e143ecd8f,"{""amount"": ""2.80"", ""remark"": """", ""tradeTime"": ""2025-12-08 08:38:17"", ""tradeStatus"": ""交易成功"", ""counterparty"": ""沪松公路五店"", ""tradeOrderNo"": ""2025120822001445901429337713\t"", ""paymentMethod"": ""宁波银行信用卡(4573)"", ""tradeCategory"": ""日用百货"", ""incomeOrExpense"": ""支出"", ""merchantOrderNo"": ""SXA1O2415127126\t"", ""productDescription"": ""上海全家便利店"", ""counterpartyAccount"": ""180***@qq.com""}",2025120822001445901429337713	,2025-12-08 08:38:17,2.80,OUT,沪松公路五店,4573,上海全家便利店 - 日用百货,1802,2.0.0,0,2026-02-04 15:49:33,PARSED,3,2026-02-04 15:49:35,3,2026-02-04 15:49:35,0,便利店
148,2,3,ALIPAY,PLATFORM_ORDER,92ae9377f36cac09e4eb0d89903d6e3e,"{""amount"": ""1.10"", ""remark"": """", ""tradeTime"": ""2025-12-14 14:30:02"", ""tradeStatus"": ""交易成功"", ""counterparty"": ""金菜园生鲜"", ""tradeOrderNo"": ""2025121422001445901405648202\t"", ""paymentMethod"": ""宁波银行信用卡(4573)"", ""tradeCategory"": ""餐饮美食"", ""incomeOrExpense"": ""支出"", ""merchantOrderNo"": ""67126600004836000083620251214952753071\t"", ""productDescription"": ""总部门店"", ""counterpartyAccount"": ""/""}",2025121422001445901405648202	,2025-12-14 14:30:02,1.10,OUT,金菜园生鲜,4573,总部门店 - 餐饮美食,16,2.0.0,0,2026-02-04 15:49:33,PARSED,3,2026-02-04 15:49:35,3,2026-02-04 15:49:35,0,餐饮美食
188,2,3,ALIPAY,PLATFORM_ORDER,f25e816fca6923e83a03cce4e2f8942a,"{""amount"": ""37.88"", ""remark"": """", ""tradeTime"": ""2025-12-06 18:34:08"", ""tradeStatus"": ""交易成功"", ""counterparty"": ""滴滴出行"", ""tradeOrderNo"": ""2025120622001445901417921941\t"", ""paymentMethod"": ""宁波银行信用卡(4573)&宁波银行立减金"", ""tradeCategory"": ""交通出行"", ""incomeOrExpense"": ""支出"", ""merchantOrderNo"": ""210_202512068502904601590506\t"", ""productDescription"": ""滴滴快车打车-刘师傅-12月06日行程"", ""counterpartyAccount"": ""chu***@didichuxing.com""}",2025120622001445901417921941	,2025-12-06 18:34:08,37.88,OUT,滴滴出行,4573,滴滴快车打车-刘师傅-12月06日行程 - 交通出行,1703,2.0.0,0,2026-02-04 15:49:33,PARSED,3,2026-02-04 15:49:35,3,2026-02-04 15:49:35,0,网约车
108,2,3,ALIPAY,PLATFORM_ORDER,9865bf4b6ce8fdf55066177f04e5ca3b,"{""amount"": ""307.49"", ""remark"": """", ""tradeTime"": ""2025-12-22 22:09:25"", ""tradeStatus"": ""交易成功"", ""counterparty"": ""漫友**店"", ""tradeOrderNo"": ""2025122222001145901451912224\t"", ""paymentMethod"": ""宁波银行信用卡(4573)&优惠"", ""tradeCategory"": ""数码电器"", ""incomeOrExpense"": ""支出"", ""merchantOrderNo"": ""T200P4962552049111343545\t"", ""productDescription"": ""【优惠价】ManAyo漫友H20pro头戴式蓝牙耳机无线降噪HIFI柏林之声自带内存"", ""counterpartyAccount"": ""191***@163.com""}",2025122222001145901451912224	,2025-12-22 22:09:25,307.49,OUT,漫友**店,4573,【优惠价】ManAyo漫友H20pro头戴式蓝牙耳机无线降噪HIFI柏林之声自带内存 - 数码电器,1807,2.0.0,0,2026-02-04 15:49:33,PARSED,3,2026-02-04 15:49:35,3,2026-02-04 15:49:35,0,数码产品
196,2,3,ALIPAY,PLATFORM_ORDER,2d6fa940ac85d1e83d9ff4830da9acbf,"{""amount"": ""1.00"", ""remark"": """", ""tradeTime"": ""2025-12-02 23:41:30"", ""tradeStatus"": ""交易成功"", ""counterparty"": ""上海公共交通卡股份有限公司"", ""tradeOrderNo"": ""2025120222001445901400691439\t"", ""paymentMethod"": ""宁波银行信用卡(4573)"", ""tradeCategory"": ""交通出行"", ""incomeOrExpense"": ""支出"", ""merchantOrderNo"": ""25120223413010400001\t"", ""productDescription"": ""上海公交-803路-2025-12-02 21:41:27"", ""counterpartyAccount"": ""jtk***@sptcc.com""}",2025120222001445901400691439	,2025-12-02 23:41:30,1.00,OUT,上海公共交通卡股份有限公司,4573,上海公交-803路-2025-12-02 21:41:27 - 交通出行,203,2.0.0,0,2026-02-04 15:49:33,PARSED,3,2026-02-04 15:49:35,3,2026-02-04 15:49:35,0,交通补贴
156,2,3,ALIPAY,PLATFORM_ORDER,3d632c4c1a7499ad1017bff35a8048af,"{""amount"": ""1.76"", ""remark"": """", ""tradeTime"": ""2025-12-12 11:01:21"", ""tradeStatus"": ""交易成功"", ""counterparty"": ""上海公共交通卡股份有限公司"", ""tradeOrderNo"": ""2025121222001445901448997006\t"", ""paymentMethod"": ""宁波银行信用卡(4573)&宁波银行立减金"", ""tradeCategory"": ""交通出行"", ""incomeOrExpense"": ""支出"", ""merchantOrderNo"": ""25121211012010500460\t"", ""productDescription"": ""上海地铁-七宝-2025-12-12 08:51:21-漕河泾开发区-2025-12-12 09:01:17"", ""counterpartyAccount"": ""zfb***@sptcc.com""}",2025121222001445901448997006	,2025-12-12 11:01:21,1.76,OUT,上海公共交通卡股份有限公司,4573,上海地铁-七宝-2025-12-12 08:51:21-漕河泾开发区-2025-12-12 09:01:17 - 交通出行,203,2.0.0,0,2026-02-04 15:49:33,PARSED,3,2026-02-04 15:49:35,3,2026-02-04 15:49:35,0,交通补贴
204,2,3,ALIPAY,PLATFORM_ORDER,57e80c45e85dd06377e3ce28a32e300e,"{""amount"": ""2.00"", ""remark"": """", ""tradeTime"": ""2025-12-02 10:07:44"", ""tradeStatus"": ""交易成功"", ""counterparty"": ""上海公共交通卡股份有限公司"", ""tradeOrderNo"": ""2025120222001445901453946241\t"", ""paymentMethod"": ""宁波银行信用卡(4573)"", ""tradeCategory"": ""交通出行"", ""incomeOrExpense"": ""支出"", ""merchantOrderNo"": ""25120210074410500376\t"", ""productDescription"": ""上海公交-803路-2025-12-02 08:07:41"", ""counterpartyAccount"": ""jtk***@sptcc.com""}",2025120222001445901453946241	,2025-12-02 10:07:44,2.00,OUT,上海公共交通卡股份有限公司,4573,上海公交-803路-2025-12-02 08:07:41 - 交通出行,203,2.0.0,0,2026-02-04 15:49:33,PARSED,3,2026-02-04 15:49:35,3,2026-02-04 15:49:35,0,交通补贴
76,2,3,ALIPAY,PLATFORM_ORDER,0b10cb5faf14a9641d10768d33ec3e3c,"{""amount"": ""17.41"", ""remark"": """", ""tradeTime"": ""2025-12-28 09:55:09"", ""tradeStatus"": ""交易成功"", ""counterparty"": ""云账户综合服务平台"", ""tradeOrderNo"": ""20251228020070011520900042761970\t"", ""paymentMethod"": """", ""tradeCategory"": ""转账红包"", ""incomeOrExpense"": ""收入"", ""merchantOrderNo"": ""1144670656278282751\t"", ""productDescription"": ""云账户"", ""counterpartyAccount"": ""/""}",20251228020070011520900042761970	,2025-12-28 09:55:09,17.41,IN,云账户综合服务平台,null,云账户 - 转账红包,3704,2.0.0,0,2026-02-04 15:49:33,PARSED,3,2026-02-04 15:49:35,3,2026-02-04 15:49:35,0,转账入账
212,2,3,ALIPAY,PLATFORM_ORDER,ea62ff56628765fc23126646dc5d66f6,"{""amount"": ""39.90"", ""remark"": """", ""tradeTime"": ""2025-11-30 10:53:01"", ""tradeStatus"": ""交易成功"", ""counterparty"": ""淘宝闪购"", ""tradeOrderNo"": ""2025113022001145901441701538\t"", ""paymentMethod"": ""宁波银行信用卡(4573)&宁波银行立减金"", ""tradeCategory"": ""日用百货"", ""incomeOrExpense"": ""支出"", ""merchantOrderNo"": ""13100600725113025934400796052\t"", ""productDescription"": ""大润发(华漕店)"", ""counterpartyAccount"": ""ele***@service.aliyun.com""}",2025113022001145901441701538	,2025-11-30 10:53:01,39.90,OUT,淘宝闪购,4573,大润发(华漕店) - 日用百货,1605,2.0.0,0,2026-02-04 15:49:33,PARSED,3,2026-02-04 15:49:36,3,2026-02-04 15:49:36,0,买菜原料
164,2,3,ALIPAY,PLATFORM_ORDER,1458d0e91c64c4b3d3d5c1e370c55233,"{""amount"": ""1.76"", ""remark"": """", ""tradeTime"": ""2025-12-11 10:51:41"", ""tradeStatus"": ""交易成功"", ""counterparty"": ""上海公共交通卡股份有限公司"", ""tradeOrderNo"": ""2025121122001445901446771105\t"", ""paymentMethod"": ""宁波银行信用卡(4573)&宁波银行立减金"", ""tradeCategory"": ""交通出行"", ""incomeOrExpense"": ""支出"", ""merchantOrderNo"": ""25121110514110400162\t"", ""productDescription"": ""上海地铁-七宝-2025-12-11 08:40:59-漕河泾开发区-2025-12-11 08:51:38"", ""counterpartyAccount"": ""zfb***@sptcc.com""}",2025121122001445901446771105	,2025-12-11 10:51:41,1.76,OUT,上海公共交通卡股份有限公司,4573,上海地铁-七宝-2025-12-11 08:40:59-漕河泾开发区-2025-12-11 08:51:38 - 交通出行,203,2.0.0,0,2026-02-04 15:49:33,PARSED,3,2026-02-04 15:49:35,3,2026-02-04 15:49:35,0,交通补贴
220,2,3,ALIPAY,PLATFORM_ORDER,0d44ebb367ff09cc3039314c8ca46415,"{""amount"": ""0.50"", ""remark"": """", ""tradeTime"": ""2025-11-28 19:52:44"", ""tradeStatus"": ""交易成功"", ""counterparty"": ""丰巢"", ""tradeOrderNo"": ""2025112822001445901434010898\t"", ""paymentMethod"": ""宁波银行信用卡(4573)"", ""tradeCategory"": ""生活服务"", ""incomeOrExpense"": ""支出"", ""merchantOrderNo"": ""20251128195239779053035861208012\t"", ""productDescription"": ""快件畅存费"", ""counterpartyAccount"": ""luo***@fcbox.com""}",2025112822001445901434010898	,2025-11-28 19:52:44,0.50,OUT,丰巢,4573,快件畅存费 - 生活服务,31,2.0.0,0,2026-02-04 15:49:33,PARSED,3,2026-02-04 15:49:36,3,2026-02-04 15:49:36,0,其他支出
116,2,3,ALIPAY,PLATFORM_ORDER,b192521fb3af2c7a07303bebbc1bb5ca,"{""amount"": ""2.00"", ""remark"": """", ""tradeTime"": ""2025-12-19 22:23:45"", ""tradeStatus"": ""交易成功"", ""counterparty"": ""*英"", ""tradeOrderNo"": ""2025121922001424531438770393\t"", ""paymentMethod"": """", ""tradeCategory"": ""收入"", ""incomeOrExpense"": ""收入"", ""merchantOrderNo"": ""47661542248122368824536\t"", ""productDescription"": ""收钱码收款"", ""counterpartyAccount"": ""152******38""}",2025121922001424531438770393	,2025-12-19 22:23:45,2.00,IN,*英,null,收钱码收款 - 收入,3704,2.0.0,0,2026-02-04 15:49:33,PARSED,3,2026-02-04 15:49:35,3,2026-02-04 15:49:35,0,转账入账
228,2,3,ALIPAY,PLATFORM_ORDER,0e6ce269f7e60d1cf241762b831e1b92,"{""amount"": ""58.34"", ""remark"": """", ""tradeTime"": ""2025-11-26 22:44:01"", ""tradeStatus"": ""交易成功"", ""counterparty"": ""滴滴出行"", ""tradeOrderNo"": ""2025112622001445901419897138\t"", ""paymentMethod"": ""宁波银行信用卡(4573)&宁波银行立减金"", ""tradeCategory"": ""交通出行"", ""incomeOrExpense"": ""支出"", ""merchantOrderNo"": ""210_202511268494797001158217\t"", ""productDescription"": ""滴滴快车打车-陈师傅-11月26日行程"", ""counterpartyAccount"": ""chu***@didichuxing.com""}",2025112622001445901419897138	,2025-11-26 22:44:01,58.34,OUT,滴滴出行,4573,滴滴快车打车-陈师傅-11月26日行程 - 交通出行,1703,2.0.0,0,2026-02-04 15:49:33,PARSED,3,2026-02-04 15:49:36,3,2026-02-04 15:49:36,0,网约车
61,2,3,ALIPAY,PLATFORM_ORDER,71dd594487a248dc6277d0cebd1b1f59,"{""amount"": ""2.00"", ""remark"": """", ""tradeTime"": ""2025-12-30 10:55:34"", ""tradeStatus"": ""交易成功"", ""counterparty"": ""上海公共交通卡股份有限公司"", ""tradeOrderNo"": ""2025123022001445901434116361\t"", ""paymentMethod"": ""宁波银行信用卡(4573)"", ""tradeCategory"": ""交通出行"", ""incomeOrExpense"": ""支出"", ""merchantOrderNo"": ""25123010553310400340\t"", ""productDescription"": ""上海地铁-七宝-2025-12-30 08:44:03-漕河泾开发区-2025-12-30 08:55:30"", ""counterpartyAccount"": ""zfb***@sptcc.com""}",2025123022001445901434116361	,2025-12-30 10:55:34,2.00,OUT,上海公共交通卡股份有限公司,4573,上海地铁-七宝-2025-12-30 08:44:03-漕河泾开发区-2025-12-30 08:55:30 - 交通出行,203,2.0.0,0,2026-02-04 15:49:33,PARSED,3,2026-02-04 15:49:35,3,2026-02-04 15:49:35,0,交通补贴
236,2,3,ALIPAY,PLATFORM_ORDER,90fa15128e67c0363c619bd457946437,"{""amount"": ""2.80"", ""remark"": """", ""tradeTime"": ""2025-11-25 08:32:16"", ""tradeStatus"": ""交易成功"", ""counterparty"": ""沪松公路五店"", ""tradeOrderNo"": ""2025112522001445901408109123\t"", ""paymentMethod"": ""宁波银行信用卡(4573)"", ""tradeCategory"": ""日用百货"", ""incomeOrExpense"": ""支出"", ""merchantOrderNo"": ""SXA1O1616923026\t"", ""productDescription"": ""上海全家便利店"", ""counterpartyAccount"": ""180***@qq.com""}",2025112522001445901408109123	,2025-11-25 08:32:16,2.80,OUT,沪松公路五店,4573,上海全家便利店 - 日用百货,1802,2.0.0,0,2026-02-04 15:49:33,PARSED,3,2026-02-04 15:49:36,3,2026-02-04 15:49:36,0,便利店
92,2,3,ALIPAY,PLATFORM_ORDER,a31b2f611ee324802554ec606610ef53,"{""amount"": ""1.95"", ""remark"": """", ""tradeTime"": ""2025-12-25 09:59:39"", ""tradeStatus"": ""交易成功"", ""counterparty"": ""上海公共交通卡股份有限公司"", ""tradeOrderNo"": ""2025122522001445901406786132\t"", ""paymentMethod"": ""宁波银行信用卡(4573)&现金抵价券"", ""tradeCategory"": ""交通出行"", ""incomeOrExpense"": ""支出"", ""merchantOrderNo"": ""25122509593910500231\t"", ""productDescription"": ""上海公交-803路-2025-12-25 07:59:36"", ""counterpartyAccount"": ""jtk***@sptcc.com""}",2025122522001445901406786132	,2025-12-25 09:59:39,1.95,OUT,上海公共交通卡股份有限公司,4573,上海公交-803路-2025-12-25 07:59:36 - 交通出行,203,2.0.0,0,2026-02-04 15:49:33,PARSED,3,2026-02-04 15:49:35,3,2026-02-04 15:49:35,0,交通补贴
244,2,3,ALIPAY,PLATFORM_ORDER,cc2ed30475f69dc6af007049ffd25490,"{""amount"": ""9.24"", ""remark"": """", ""tradeTime"": ""2025-11-23 11:53:53"", ""tradeStatus"": ""交易成功"", ""counterparty"": ""云账户综合服务平台"", ""tradeOrderNo"": ""20251123020070011530900011049034\t"", ""paymentMethod"": """", ""tradeCategory"": ""转账红包"", ""incomeOrExpense"": ""收入"", ""merchantOrderNo"": ""1132017034914685487\t"", ""productDescription"": ""云账户"", ""counterpartyAccount"": ""/""}",20251123020070011530900011049034	,2025-11-23 11:53:53,9.24,IN,云账户综合服务平台,null,云账户 - 转账红包,3704,2.0.0,0,2026-02-04 15:49:33,PARSED,3,2026-02-04 15:49:36,3,2026-02-04 15:49:36,0,转账入账
122,2,3,ALIPAY,PLATFORM_ORDER,e24f9154762791663b99f34e27af566c,"{""amount"": ""3.00"", ""remark"": """", ""tradeTime"": ""2025-12-18 23:31:27"", ""tradeStatus"": ""交易成功"", ""counterparty"": ""上海公共交通卡股份有限公司"", ""tradeOrderNo"": ""2025121822001445901425728532\t"", ""paymentMethod"": ""宁波银行信用卡(4573)"", ""tradeCategory"": ""交通出行"", ""incomeOrExpense"": ""支出"", ""merchantOrderNo"": ""25121823312710400042\t"", ""productDescription"": ""上海地铁-漕河泾开发区-2025-12-18 21:20:09-七宝-2025-12-18 21:31:24"", ""counterpartyAccount"": ""zfb***@sptcc.com""}",2025121822001445901425728532	,2025-12-18 23:31:27,3.00,OUT,上海公共交通卡股份有限公司,4573,上海地铁-漕河泾开发区-2025-12-18 21:20:09-七宝-2025-12-18 21:31:24 - 交通出行,203,2.0.0,0,2026-02-04 15:49:33,PARSED,3,2026-02-04 15:49:35,3,2026-02-04 15:49:35,0,交通补贴
252,2,3,ALIPAY,PLATFORM_ORDER,e5cad1603d5f1111df381c0b682ec2f7,"{""amount"": ""2.00"", ""remark"": """", ""tradeTime"": ""2025-11-21 10:51:51"", ""tradeStatus"": ""交易成功"", ""counterparty"": ""上海公共交通卡股份有限公司"", ""tradeOrderNo"": ""2025112122001445901443176893\t"", ""paymentMethod"": ""宁波银行信用卡(4573)"", ""tradeCategory"": ""交通出行"", ""incomeOrExpense"": ""支出"", ""merchantOrderNo"": ""25112110515010400945\t"", ""productDescription"": ""上海地铁-七宝-2025-11-21 08:41:28-漕河泾开发区-2025-11-21 08:51:47"", ""counterpartyAccount"": ""zfb***@sptcc.com""}",2025112122001445901443176893	,2025-11-21 10:51:51,2.00,OUT,上海公共交通卡股份有限公司,4573,上海地铁-七宝-2025-11-21 08:41:28-漕河泾开发区-2025-11-21 08:51:47 - 交通出行,203,2.0.0,0,2026-02-04 15:49:33,PARSED,3,2026-02-04 15:49:36,3,2026-02-04 15:49:36,0,交通补贴
79,2,3,ALIPAY,PLATFORM_ORDER,6731f849e0547cbeb80052c7414cc53e,"{""amount"": ""3.00"", ""remark"": """", ""tradeTime"": ""2025-12-27 22:25:53"", ""tradeStatus"": ""交易成功"", ""counterparty"": ""上海公共交通卡股份有限公司"", ""tradeOrderNo"": ""2025122722001445901423357770\t"", ""paymentMethod"": ""宁波银行信用卡(4573)"", ""tradeCategory"": ""交通出行"", ""incomeOrExpense"": ""支出"", ""merchantOrderNo"": ""25122722255310400133\t"", ""productDescription"": ""上海地铁-一大会址●新天地-2025-12-27 20:12:51-南京东路-2025-12-27 20:25:50"", ""counterpartyAccount"": ""zfb***@sptcc.com""}",2025122722001445901423357770	,2025-12-27 22:25:53,3.00,OUT,上海公共交通卡股份有限公司,4573,上海地铁-一大会址●新天地-2025-12-27 20:12:51-南京东路-2025-12-27 20:25:50 - 交通出行,203,2.0.0,0,2026-02-04 15:49:33,PARSED,3,2026-02-04 15:49:35,3,2026-02-04 15:49:35,0,交通补贴
260,2,3,ALIPAY,PLATFORM_ORDER,6795d20d0a9af37f991a1190403521ec,"{""amount"": ""2.80"", ""remark"": """", ""tradeTime"": ""2025-11-20 08:34:25"", ""tradeStatus"": ""交易成功"", ""counterparty"": ""沪松公路五店"", ""tradeOrderNo"": ""2025112023001445901437535765\t"", ""paymentMethod"": ""宁波银行信用卡(4573)"", ""tradeCategory"": ""日用百货"", ""incomeOrExpense"": ""支出"", ""merchantOrderNo"": ""SXA1O1335135526\t"", ""productDescription"": ""上海全家便利店"", ""counterpartyAccount"": ""180***@qq.com""}",2025112023001445901437535765	,2025-11-20 08:34:25,2.80,OUT,沪松公路五店,4573,上海全家便利店 - 日用百货,1802,2.0.0,0,2026-02-04 15:49:33,PARSED,3,2026-02-04 15:49:36,3,2026-02-04 15:49:36,0,便利店
126,2,3,ALIPAY,PLATFORM_ORDER,fbc451e80a1cf7e326465d3598fd168a,"{""amount"": ""2.30"", ""remark"": """", ""tradeTime"": ""2025-12-18 08:35:12"", ""tradeStatus"": ""交易成功"", ""counterparty"": ""沪松公路五店"", ""tradeOrderNo"": ""2025121822001445901420727968\t"", ""paymentMethod"": ""宁波银行信用卡(4573)&碰一下立减"", ""tradeCategory"": ""日用百货"", ""incomeOrExpense"": ""支出"", ""merchantOrderNo"": ""SXA1O2997066826\t"", ""productDescription"": ""上海全家便利店"", ""counterpartyAccount"": ""180***@qq.com""}",2025121822001445901420727968	,2025-12-18 08:35:12,2.30,OUT,沪松公路五店,4573,上海全家便利店 - 日用百货,1802,2.0.0,0,2026-02-04 15:49:33,PARSED,3,2026-02-04 15:49:35,3,2026-02-04 15:49:35,0,便利店
268,2,3,ALIPAY,PLATFORM_ORDER,e7abc4c6118ce9fd675c7b4f30e74451,"{""amount"": ""3.00"", ""remark"": """", ""tradeTime"": ""2025-11-18 23:31:51"", ""tradeStatus"": ""交易成功"", ""counterparty"": ""上海公共交通卡股份有限公司"", ""tradeOrderNo"": ""2025111822001445901428524215\t"", ""paymentMethod"": ""宁波银行信用卡(4573)"", ""tradeCategory"": ""交通出行"", ""incomeOrExpense"": ""支出"", ""merchantOrderNo"": ""25111823315110500036\t"", ""productDescription"": ""上海地铁-漕河泾开发区-2025-11-18 21:21:27-七宝-2025-11-18 21:31:48"", ""counterpartyAccount"": ""zfb***@sptcc.com""}",2025111822001445901428524215	,2025-11-18 23:31:51,3.00,OUT,上海公共交通卡股份有限公司,4573,上海地铁-漕河泾开发区-2025-11-18 21:21:27-七宝-2025-11-18 21:31:48 - 交通出行,203,2.0.0,0,2026-02-04 15:49:33,PARSED,3,2026-02-04 15:49:36,3,2026-02-04 15:49:36,0,交通补贴
276,2,3,ALIPAY,PLATFORM_ORDER,6ea474b600e44edca6b2972cd8204557,"{""amount"": ""1.00"", ""remark"": """", ""tradeTime"": ""2025-11-17 10:52:45"", ""tradeStatus"": ""交易成功"", ""counterparty"": ""上海公共交通卡股份有限公司"", ""tradeOrderNo"": ""2025111722001445901417659891\t"", ""paymentMethod"": ""宁波银行信用卡(4573)&宁波银行立减金"", ""tradeCategory"": ""交通出行"", ""incomeOrExpense"": ""支出"", ""merchantOrderNo"": ""25111710524410400954\t"", ""productDescription"": ""上海地铁-七宝-2025-11-17 08:40:36-漕河泾开发区-2025-11-17 08:52:41"", ""counterpartyAccount"": ""zfb***@sptcc.com""}",2025111722001445901417659891	,2025-11-17 10:52:45,1.00,OUT,上海公共交通卡股份有限公司,4573,上海地铁-七宝-2025-11-17 08:40:36-漕河泾开发区-2025-11-17 08:52:41 - 交通出行,203,2.0.0,0,2026-02-04 15:49:33,PARSED,3,2026-02-04 15:49:36,3,2026-02-04 15:49:36,0,交通补贴
130,2,3,ALIPAY,PLATFORM_ORDER,7f559902d31cf4deec1ebf9d665ad768,"{""amount"": ""186.92"", ""remark"": """", ""tradeTime"": ""2025-12-17 08:48:34"", ""tradeStatus"": ""交易关闭"", ""counterparty"": ""ik**店"", ""tradeOrderNo"": ""2025121722001145901415854964\t"", ""paymentMethod"": ""宁波银行信用卡(4573)&焕新折扣"", ""tradeCategory"": ""数码电器"", ""incomeOrExpense"": ""支出"", ""merchantOrderNo"": ""T200P4949884623677343545\t"", ""productDescription"": ""【优惠价】iKF King Pro 3.0主动降噪ANC头戴式耳机无线蓝牙长续航电竞游戏 等多件"", ""counterpartyAccount"": ""omu***@163.com""}",2025121722001145901415854964	,2025-12-17 08:48:34,186.92,OUT,ik**店,4573,【优惠价】iKF King Pro 3.0主动降噪ANC头戴式耳机无线蓝牙长续航电竞游戏 等多件 - 数码电器,1807,2.0.0,0,2026-02-04 15:49:33,PARSED,3,2026-02-04 15:49:35,3,2026-02-04 15:49:35,0,数码产品
284,2,3,ALIPAY,PLATFORM_ORDER,a0c031a836fdae5dc54d84d7124bb147,"{""amount"": ""46.78"", ""remark"": """", ""tradeTime"": ""2025-11-15 10:21:45"", ""tradeStatus"": ""交易成功"", ""counterparty"": ""忧***竹"", ""tradeOrderNo"": ""2025111522001145901401566860\t"", ""paymentMethod"": ""花呗"", ""tradeCategory"": ""日用百货"", ""incomeOrExpense"": ""支出"", ""merchantOrderNo"": ""T200P4882934808454343545\t"", ""productDescription"": ""（自动秒发货）叮咚买菜20/30/45/50元代金券现金全国"", ""counterpartyAccount"": ""554***@qq.com""}",2025111522001145901401566860	,2025-11-15 10:21:45,46.78,OUT,忧***竹,花呗,（自动秒发货）叮咚买菜20/30/45/50元代金券现金全国 - 日用百货,1605,2.0.0,0,2026-02-04 15:49:33,PARSED,3,2026-02-04 15:49:36,3,2026-02-04 15:49:36,0,买菜原料
81,2,3,ALIPAY,PLATFORM_ORDER,06b8423f6b042a3a3136d9df0803a793,"{""amount"": ""0.25"", ""remark"": """", ""tradeTime"": ""2025-12-27 18:42:48"", ""tradeStatus"": ""交易成功"", ""counterparty"": ""广州吱驿网络技术有限公司"", ""tradeOrderNo"": ""20251227110070001506900080253187\t"", ""paymentMethod"": """", ""tradeCategory"": ""转账红包"", ""incomeOrExpense"": ""收入"", ""merchantOrderNo"": ""20251227002161010000905072851701_PZ1339244268\t"", ""productDescription"": ""支付宝发红包你赚现金奖励"", ""counterpartyAccount"": ""/""}",20251227110070001506900080253187	,2025-12-27 18:42:48,0.25,IN,广州吱驿网络技术有限公司,null,支付宝发红包你赚现金奖励 - 转账红包,1202,2.0.0,0,2026-02-04 15:49:33,PARSED,3,2026-02-04 15:49:35,3,2026-02-04 15:49:35,0,支付宝红包
292,2,3,ALIPAY,PLATFORM_ORDER,cd8956679bd09b58eb79709ea02b90a9,"{""amount"": ""1.76"", ""remark"": """", ""tradeTime"": ""2025-11-13 10:55:38"", ""tradeStatus"": ""交易成功"", ""counterparty"": ""上海公共交通卡股份有限公司"", ""tradeOrderNo"": ""2025111322001445901447197519\t"", ""paymentMethod"": ""宁波银行信用卡(4573)&宁波银行立减金"", ""tradeCategory"": ""交通出行"", ""incomeOrExpense"": ""支出"", ""merchantOrderNo"": ""25111310553710500200\t"", ""productDescription"": ""上海地铁-七宝-2025-11-13 08:44:05-漕河泾开发区-2025-11-13 08:55:34"", ""counterpartyAccount"": ""zfb***@sptcc.com""}",2025111322001445901447197519	,2025-11-13 10:55:38,1.76,OUT,上海公共交通卡股份有限公司,4573,上海地铁-七宝-2025-11-13 08:44:05-漕河泾开发区-2025-11-13 08:55:34 - 交通出行,203,2.0.0,0,2026-02-04 15:49:33,PARSED,3,2026-02-04 15:49:36,3,2026-02-04 15:49:36,0,交通补贴
134,2,3,ALIPAY,PLATFORM_ORDER,9e94810db75fb8ad1f3cb4992f63af77,"{""amount"": ""3.00"", ""remark"": """", ""tradeTime"": ""2025-12-16 23:32:08"", ""tradeStatus"": ""交易成功"", ""counterparty"": ""上海公共交通卡股份有限公司"", ""tradeOrderNo"": ""2025121622001445901413487698\t"", ""paymentMethod"": ""宁波银行信用卡(4573)"", ""tradeCategory"": ""交通出行"", ""incomeOrExpense"": ""支出"", ""merchantOrderNo"": ""25121623320810400027\t"", ""productDescription"": ""上海地铁-漕河泾开发区-2025-12-16 21:20:03-七宝-2025-12-16 21:32:05"", ""counterpartyAccount"": ""zfb***@sptcc.com""}",2025121622001445901413487698	,2025-12-16 23:32:08,3.00,OUT,上海公共交通卡股份有限公司,4573,上海地铁-漕河泾开发区-2025-12-16 21:20:03-七宝-2025-12-16 21:32:05 - 交通出行,203,2.0.0,0,2026-02-04 15:49:33,PARSED,3,2026-02-04 15:49:35,3,2026-02-04 15:49:35,0,交通补贴
300,2,3,ALIPAY,PLATFORM_ORDER,6ea7bc14d2b67556c7e6179d77b42fd6,"{""amount"": ""2.64"", ""remark"": """", ""tradeTime"": ""2025-11-11 10:56:00"", ""tradeStatus"": ""交易成功"", ""counterparty"": ""上海公共交通卡股份有限公司"", ""tradeOrderNo"": ""2025111122001445901434449137\t"", ""paymentMethod"": ""宁波银行信用卡(4573)&宁波银行立减金"", ""tradeCategory"": ""交通出行"", ""incomeOrExpense"": ""支出"", ""merchantOrderNo"": ""25111110560010500148\t"", ""productDescription"": ""上海地铁-七宝-2025-11-11 08:46:25-漕河泾开发区-2025-11-11 08:55:57"", ""counterpartyAccount"": ""zfb***@sptcc.com""}",2025111122001445901434449137	,2025-11-11 10:56:00,2.64,OUT,上海公共交通卡股份有限公司,4573,上海地铁-七宝-2025-11-11 08:46:25-漕河泾开发区-2025-11-11 08:55:57 - 交通出行,203,2.0.0,0,2026-02-04 15:49:33,PARSED,3,2026-02-04 15:49:36,3,2026-02-04 15:49:36,0,交通补贴
315,2,3,ALIPAY,PLATFORM_ORDER,5ef31a15b7126d4cc832071126e53c21,"{""amount"": ""0.80"", ""remark"": """", ""tradeTime"": ""2025-11-07 08:38:11"", ""tradeStatus"": ""交易成功"", ""counterparty"": ""沪松公路五店"", ""tradeOrderNo"": ""2025110722001445901401440856\t"", ""paymentMethod"": ""宁波银行信用卡(4573)&碰友日立减"", ""tradeCategory"": ""日用百货"", ""incomeOrExpense"": ""支出"", ""merchantOrderNo"": ""SXA1O110843521525\t"", ""productDescription"": ""上海全家便利店"", ""counterpartyAccount"": ""180***@qq.com""}",2025110722001445901401440856	,2025-11-07 08:38:11,0.80,OUT,沪松公路五店,4573,上海全家便利店 - 日用百货,1802,2.0.0,0,2026-02-04 15:49:34,PARSED,3,2026-02-04 15:49:36,3,2026-02-04 15:49:36,0,便利店
308,2,3,ALIPAY,PLATFORM_ORDER,5f614f714b9ae9899d48a983a868ffc9,"{""amount"": ""2.00"", ""remark"": """", ""tradeTime"": ""2025-11-10 10:05:33"", ""tradeStatus"": ""交易成功"", ""counterparty"": ""上海公共交通卡股份有限公司"", ""tradeOrderNo"": ""2025111022001445901427118084\t"", ""paymentMethod"": ""宁波银行信用卡(4573)"", ""tradeCategory"": ""交通出行"", ""incomeOrExpense"": ""支出"", ""merchantOrderNo"": ""25111010053210500702\t"", ""productDescription"": ""上海公交-803路-2025-11-10 08:05:29"", ""counterpartyAccount"": ""jtk***@sptcc.com""}",2025111022001445901427118084	,2025-11-10 10:05:33,2.00,OUT,上海公共交通卡股份有限公司,4573,上海公交-803路-2025-11-10 08:05:29 - 交通出行,203,2.0.0,0,2026-02-04 15:49:33,PARSED,3,2026-02-04 15:49:36,3,2026-02-04 15:49:36,0,交通补贴
138,2,3,ALIPAY,PLATFORM_ORDER,53f01905908a9183971aa2d07c2f9568,"{""amount"": ""2.30"", ""remark"": """", ""tradeTime"": ""2025-12-16 08:36:26"", ""tradeStatus"": ""交易成功"", ""counterparty"": ""沪松公路五店"", ""tradeOrderNo"": ""2025121623001445901411134573\t"", ""paymentMethod"": ""宁波银行信用卡(4573)&碰一下立减"", ""tradeCategory"": ""日用百货"", ""incomeOrExpense"": ""支出"", ""merchantOrderNo"": ""SXA1O2874203326\t"", ""productDescription"": ""上海全家便利店"", ""counterpartyAccount"": ""180***@qq.com""}",2025121623001445901411134573	,2025-12-16 08:36:26,2.30,OUT,沪松公路五店,4573,上海全家便利店 - 日用百货,1802,2.0.0,0,2026-02-04 15:49:33,PARSED,3,2026-02-04 15:49:35,3,2026-02-04 15:49:35,0,便利店
316,2,3,ALIPAY,PLATFORM_ORDER,22a11cdc60ada5ffe0015aad0e4fc471,"{""amount"": ""1.00"", ""remark"": """", ""tradeTime"": ""2025-11-06 23:43:36"", ""tradeStatus"": ""交易成功"", ""counterparty"": ""上海公共交通卡股份有限公司"", ""tradeOrderNo"": ""2025110622001445901406621541\t"", ""paymentMethod"": ""宁波银行信用卡(4573)"", ""tradeCategory"": ""交通出行"", ""incomeOrExpense"": ""支出"", ""merchantOrderNo"": ""25110623433610500040\t"", ""productDescription"": ""上海公交-803路-2025-11-06 21:43:33"", ""counterpartyAccount"": ""jtk***@sptcc.com""}",2025110622001445901406621541	,2025-11-06 23:43:36,1.00,OUT,上海公共交通卡股份有限公司,4573,上海公交-803路-2025-11-06 21:43:33 - 交通出行,203,2.0.0,0,2026-02-04 15:49:34,PARSED,3,2026-02-04 15:49:36,3,2026-02-04 15:49:36,0,交通补贴
307,2,3,ALIPAY,PLATFORM_ORDER,6286a767a6b171fd8181ea4c96287424,"{""amount"": ""43.00"", ""remark"": """", ""tradeTime"": ""2025-11-10 10:16:42"", ""tradeStatus"": ""交易成功"", ""counterparty"": ""杭州柏鹿信息技术有限公司"", ""tradeOrderNo"": ""20251110020070011530900075567160\t"", ""paymentMethod"": """", ""tradeCategory"": ""转账红包"", ""incomeOrExpense"": ""收入"", ""merchantOrderNo"": ""XC208819913479986508\t"", ""productDescription"": ""小蚕提现"", ""counterpartyAccount"": ""/""}",20251110020070011530900075567160	,2025-11-10 10:16:42,43.00,IN,杭州柏鹿信息技术有限公司,null,小蚕提现 - 转账红包,3203,2.0.0,0,2026-02-04 15:49:33,PARSED,3,2026-02-04 15:49:36,3,2026-02-04 15:49:36,0,储蓄卡⇄支付平台
324,2,3,ALIPAY,PLATFORM_ORDER,31551cc5ac5d81d0b59cf4a3de8a7d4a,"{""amount"": ""21.00"", ""remark"": """", ""tradeTime"": ""2025-11-05 22:12:39"", ""tradeStatus"": ""交易成功"", ""counterparty"": ""淮南马店羊肉汤"", ""tradeOrderNo"": ""2025110522001445901459932750\t"", ""paymentMethod"": ""花呗"", ""tradeCategory"": ""餐饮美食"", ""incomeOrExpense"": ""支出"", ""merchantOrderNo"": ""47623519589712598445904\t"", ""productDescription"": ""收钱码收款"", ""counterpartyAccount"": ""135******41""}",2025110522001445901459932750	,2025-11-05 22:12:39,21.00,OUT,淮南马店羊肉汤,花呗,收钱码收款 - 餐饮美食,1605,2.0.0,0,2026-02-04 15:49:34,PARSED,3,2026-02-04 15:49:36,3,2026-02-04 15:49:36,0,买菜原料
305,2,3,ALIPAY,PLATFORM_ORDER,b1cc27683b57b29e6e1571eb1cfa7154,"{""amount"": ""1.00"", ""remark"": """", ""tradeTime"": ""2025-11-10 10:59:28"", ""tradeStatus"": ""交易成功"", ""counterparty"": ""上海公共交通卡股份有限公司"", ""tradeOrderNo"": ""2025111022001445901427752483\t"", ""paymentMethod"": ""宁波银行信用卡(4573)&宁波银行立减金"", ""tradeCategory"": ""交通出行"", ""incomeOrExpense"": ""支出"", ""merchantOrderNo"": ""25111010592810500224\t"", ""productDescription"": ""上海地铁-七宝-2025-11-10 08:48:39-漕河泾开发区-2025-11-10 08:59:25"", ""counterpartyAccount"": ""zfb***@sptcc.com""}",2025111022001445901427752483	,2025-11-10 10:59:28,1.00,OUT,上海公共交通卡股份有限公司,4573,上海地铁-七宝-2025-11-10 08:48:39-漕河泾开发区-2025-11-10 08:59:25 - 交通出行,203,2.0.0,0,2026-02-04 15:49:33,PARSED,3,2026-02-04 15:49:36,3,2026-02-04 15:49:36,0,交通补贴
143,2,3,ALIPAY,PLATFORM_ORDER,ff4b7133e1ce06f3cfc61b08d3d955cb,"{""amount"": ""22.80"", ""remark"": """", ""tradeTime"": ""2025-12-15 11:04:45"", ""tradeStatus"": ""交易成功"", ""counterparty"": ""淘宝闪购"", ""tradeOrderNo"": ""2025121522001145901410658820\t"", ""paymentMethod"": ""宁波银行信用卡(4573)&宁波银行立减金"", ""tradeCategory"": ""餐饮美食"", ""incomeOrExpense"": ""支出"", ""merchantOrderNo"": ""13110600725121520100350796052\t"", ""productDescription"": ""外婆家·外婆送到家(上海爱琴海店)外卖订单"", ""counterpartyAccount"": ""e50***@alibaba-inc.com""}",2025121522001145901410658820	,2025-12-15 11:04:45,22.80,OUT,淘宝闪购,4573,外婆家·外婆送到家(上海爱琴海店)外卖订单 - 餐饮美食,1601,2.0.0,0,2026-02-04 15:49:33,PARSED,3,2026-02-04 15:49:35,3,2026-02-04 15:49:35,0,三餐
319,2,3,ALIPAY,PLATFORM_ORDER,f152d62b0d1abc9a2736cb773dcfe34d,"{""amount"": ""2.00"", ""remark"": """", ""tradeTime"": ""2025-11-06 10:06:33"", ""tradeStatus"": ""交易成功"", ""counterparty"": ""上海公共交通卡股份有限公司"", ""tradeOrderNo"": ""2025110622001445901459907790\t"", ""paymentMethod"": ""宁波银行信用卡(4573)"", ""tradeCategory"": ""交通出行"", ""incomeOrExpense"": ""支出"", ""merchantOrderNo"": ""25110610063210400511\t"", ""productDescription"": ""上海公交-803路-2025-11-06 08:06:29"", ""counterpartyAccount"": ""jtk***@sptcc.com""}",2025110622001445901459907790	,2025-11-06 10:06:33,2.00,OUT,上海公共交通卡股份有限公司,4573,上海公交-803路-2025-11-06 08:06:29 - 交通出行,203,2.0.0,0,2026-02-04 15:49:34,PARSED,3,2026-02-04 15:49:36,3,2026-02-04 15:49:36,0,交通补贴
145,2,3,ALIPAY,PLATFORM_ORDER,7e8be5d3b0a570a6dfec4bd44c54df58,"{""amount"": ""2.00"", ""remark"": """", ""tradeTime"": ""2025-12-15 10:03:59"", ""tradeStatus"": ""交易成功"", ""counterparty"": ""上海公共交通卡股份有限公司"", ""tradeOrderNo"": ""2025121522001445901408323037\t"", ""paymentMethod"": ""宁波银行信用卡(4573)"", ""tradeCategory"": ""交通出行"", ""incomeOrExpense"": ""支出"", ""merchantOrderNo"": ""25121510035810400480\t"", ""productDescription"": ""上海公交-803路-2025-12-15 08:03:55"", ""counterpartyAccount"": ""jtk***@sptcc.com""}",2025121522001445901408323037	,2025-12-15 10:03:59,2.00,OUT,上海公共交通卡股份有限公司,4573,上海公交-803路-2025-12-15 08:03:55 - 交通出行,203,2.0.0,0,2026-02-04 15:49:33,PARSED,3,2026-02-04 15:49:35,3,2026-02-04 15:49:35,0,交通补贴
146,2,3,ALIPAY,PLATFORM_ORDER,828163c8ab997ecd2b844104902848c7,"{""amount"": ""2.80"", ""remark"": """", ""tradeTime"": ""2025-12-15 08:41:31"", ""tradeStatus"": ""交易成功"", ""counterparty"": ""沪松公路五店"", ""tradeOrderNo"": ""2025121522001445901405041255\t"", ""paymentMethod"": ""宁波银行信用卡(4573)"", ""tradeCategory"": ""日用百货"", ""incomeOrExpense"": ""支出"", ""merchantOrderNo"": ""SXA1O2816356926\t"", ""productDescription"": ""上海全家便利店"", ""counterpartyAccount"": ""180***@qq.com""}",2025121522001445901405041255	,2025-12-15 08:41:31,2.80,OUT,沪松公路五店,4573,上海全家便利店 - 日用百货,1802,2.0.0,0,2026-02-04 15:49:33,PARSED,3,2026-02-04 15:49:35,3,2026-02-04 15:49:35,0,便利店
182,2,3,ALIPAY,PLATFORM_ORDER,78fe2838d4e7d7ce85f39d880a5e5abf,"{""amount"": ""126.38"", ""remark"": """", ""tradeTime"": ""2025-12-07 17:15:53"", ""tradeStatus"": ""交易成功"", ""counterparty"": ""哈啰出行"", ""tradeOrderNo"": ""2025120722001445901424065595\t"", ""paymentMethod"": ""宁波银行信用卡(4573)&宁波银行立减金"", ""tradeCategory"": ""交通出行"", ""incomeOrExpense"": ""支出"", ""merchantOrderNo"": ""CPR251207171551834224519172G\t"", ""productDescription"": ""哈啰出行先乘后付"", ""counterpartyAccount"": ""zij***@hellobike.com""}",2025120722001445901424065595	,2025-12-07 17:15:53,126.38,OUT,哈啰出行,4573,哈啰出行先乘后付 - 交通出行,1707,2.0.0,0,2026-02-04 15:49:33,PARSED,3,2026-02-04 15:49:35,3,2026-02-04 15:49:35,0,共享单车
106,2,3,ALIPAY,PLATFORM_ORDER,3fd6fe30ace2d61affed1f1a3187c8b1,"{""amount"": ""3.00"", ""remark"": """", ""tradeTime"": ""2025-12-22 23:13:23"", ""tradeStatus"": ""交易成功"", ""counterparty"": ""上海公共交通卡股份有限公司"", ""tradeOrderNo"": ""2025122222001445901450161073\t"", ""paymentMethod"": ""宁波银行信用卡(4573)"", ""tradeCategory"": ""交通出行"", ""incomeOrExpense"": ""支出"", ""merchantOrderNo"": ""25122223132310500045\t"", ""productDescription"": ""上海地铁-漕河泾开发区-2025-12-22 21:02:17-七宝-2025-12-22 21:13:20"", ""counterpartyAccount"": ""zfb***@sptcc.com""}",2025122222001445901450161073	,2025-12-22 23:13:23,3.00,OUT,上海公共交通卡股份有限公司,4573,上海地铁-漕河泾开发区-2025-12-22 21:02:17-七宝-2025-12-22 21:13:20 - 交通出行,203,2.0.0,0,2026-02-04 15:49:33,PARSED,3,2026-02-04 15:49:35,3,2026-02-04 15:49:35,0,交通补贴
186,2,3,ALIPAY,PLATFORM_ORDER,69d203b629d26b489a79b3b075ca1a22,"{""amount"": ""30.00"", ""remark"": """", ""tradeTime"": ""2025-12-07 06:30:06"", ""tradeStatus"": ""交易关闭"", ""counterparty"": ""滴滴顺风车"", ""tradeOrderNo"": ""2025120722001445901418055304\t"", ""paymentMethod"": ""宁波银行信用卡(4573)"", ""tradeCategory"": ""交通出行"", ""incomeOrExpense"": ""支出"", ""merchantOrderNo"": ""3512660000485958402025120706300500000006757432688\t"", ""productDescription"": ""费用"", ""counterpartyAccount"": ""/""}",2025120722001445901418055304	,2025-12-07 06:30:06,30.00,OUT,滴滴顺风车,4573,费用 - 交通出行,1703,2.0.0,0,2026-02-04 15:49:33,PARSED,3,2026-02-04 15:49:35,3,2026-02-04 15:49:35,0,网约车
150,2,3,ALIPAY,PLATFORM_ORDER,114c3640c995a5aceb1b5c676a5df947,"{""amount"": ""1.00"", ""remark"": """", ""tradeTime"": ""2025-12-12 21:10:22"", ""tradeStatus"": ""交易成功"", ""counterparty"": ""上海公共交通卡股份有限公司"", ""tradeOrderNo"": ""2025121222001445901452128351\t"", ""paymentMethod"": ""宁波银行信用卡(4573)"", ""tradeCategory"": ""交通出行"", ""incomeOrExpense"": ""支出"", ""merchantOrderNo"": ""25121221102210400216\t"", ""productDescription"": ""上海公交-803路-2025-12-12 19:10:19"", ""counterpartyAccount"": ""jtk***@sptcc.com""}",2025121222001445901452128351	,2025-12-12 21:10:22,1.00,OUT,上海公共交通卡股份有限公司,4573,上海公交-803路-2025-12-12 19:10:19 - 交通出行,203,2.0.0,0,2026-02-04 15:49:33,PARSED,3,2026-02-04 15:49:35,3,2026-02-04 15:49:35,0,交通补贴
190,2,3,ALIPAY,PLATFORM_ORDER,3981ff8deffdaa21092b351eeae7ac86,"{""amount"": ""3.00"", ""remark"": """", ""tradeTime"": ""2025-12-05 19:09:10"", ""tradeStatus"": ""交易成功"", ""counterparty"": ""重庆城市通卡支付有限责任公司"", ""tradeOrderNo"": ""2025120522001445901415040420\t"", ""paymentMethod"": ""宁波银行信用卡(4573)"", ""tradeCategory"": ""交通出行"", ""incomeOrExpense"": ""支出"", ""merchantOrderNo"": ""920251205190908188964783\t"", ""productDescription"": ""重庆轨道交通-乘车(幸福广场2025-12-05 18:56:02-重光2025-12-05 19:09:07)"", ""counterpartyAccount"": ""cqt***@163.com""}",2025120522001445901415040420	,2025-12-05 19:09:10,3.00,OUT,重庆城市通卡支付有限责任公司,4573,重庆轨道交通-乘车(幸福广场2025-12-05 18:56:02-重光2025-12-05 19:09:07) - 交通出行,1701,2.0.0,0,2026-02-04 15:49:33,PARSED,3,2026-02-04 15:49:35,3,2026-02-04 15:49:35,0,公交地铁
86,2,3,ALIPAY,PLATFORM_ORDER,8bd3522310f0ae5ceeb7ff5c5ec77f1b,"{""amount"": ""2.00"", ""remark"": """", ""tradeTime"": ""2025-12-26 10:01:42"", ""tradeStatus"": ""交易成功"", ""counterparty"": ""上海公共交通卡股份有限公司"", ""tradeOrderNo"": ""2025122622001445901412906194\t"", ""paymentMethod"": ""宁波银行信用卡(4573)"", ""tradeCategory"": ""交通出行"", ""incomeOrExpense"": ""支出"", ""merchantOrderNo"": ""25122610014210400165\t"", ""productDescription"": ""上海公交-803路-2025-12-26 08:01:39"", ""counterpartyAccount"": ""jtk***@sptcc.com""}",2025122622001445901412906194	,2025-12-26 10:01:42,2.00,OUT,上海公共交通卡股份有限公司,4573,上海公交-803路-2025-12-26 08:01:39 - 交通出行,203,2.0.0,0,2026-02-04 15:49:33,PARSED,3,2026-02-04 15:49:35,3,2026-02-04 15:49:35,0,交通补贴
194,2,3,ALIPAY,PLATFORM_ORDER,f7afd5a172bf430de9ff0fb9970d64e2,"{""amount"": ""2.00"", ""remark"": """", ""tradeTime"": ""2025-12-03 10:04:30"", ""tradeStatus"": ""交易成功"", ""counterparty"": ""上海公共交通卡股份有限公司"", ""tradeOrderNo"": ""2025120322001445901459294062\t"", ""paymentMethod"": ""宁波银行信用卡(4573)"", ""tradeCategory"": ""交通出行"", ""incomeOrExpense"": ""支出"", ""merchantOrderNo"": ""25120310043010500408\t"", ""productDescription"": ""上海公交-803路-2025-12-03 08:04:27"", ""counterpartyAccount"": ""jtk***@sptcc.com""}",2025120322001445901459294062	,2025-12-03 10:04:30,2.00,OUT,上海公共交通卡股份有限公司,4573,上海公交-803路-2025-12-03 08:04:27 - 交通出行,203,2.0.0,0,2026-02-04 15:49:33,PARSED,3,2026-02-04 15:49:35,3,2026-02-04 15:49:35,0,交通补贴
154,2,3,ALIPAY,PLATFORM_ORDER,39e2f471315844bb910d73a6f8758bbd,"{""amount"": ""174.98"", ""remark"": """", ""tradeTime"": ""2025-12-12 18:34:49"", ""tradeStatus"": ""交易成功"", ""counterparty"": ""格桑**店"", ""tradeOrderNo"": ""2025121222001145901454948479\t"", ""paymentMethod"": ""宁波银行信用卡(4573)&优惠"", ""tradeCategory"": ""家居家装"", ""incomeOrExpense"": ""支出"", ""merchantOrderNo"": ""T200P4940424433134343545\t"", ""productDescription"": ""【优惠价】新疆棉花被冬季被子冬被加厚10斤棉被冬纯棉花被芯冬用长绒棉冬天"", ""counterpartyAccount"": ""124***@qq.com""}",2025121222001145901454948479	,2025-12-12 18:34:49,174.98,OUT,格桑**店,4573,【优惠价】新疆棉花被冬季被子冬被加厚10斤棉被冬纯棉花被芯冬用长绒棉冬天 - 家居家装,2211,2.0.0,0,2026-02-04 15:49:33,PARSED,3,2026-02-04 15:49:35,3,2026-02-04 15:49:35,0,装修
198,2,3,ALIPAY,PLATFORM_ORDER,4024280bb253d2d2e9c8b4eda32575f3,"{""amount"": ""3.00"", ""remark"": """", ""tradeTime"": ""2025-12-02 23:31:46"", ""tradeStatus"": ""交易成功"", ""counterparty"": ""上海公共交通卡股份有限公司"", ""tradeOrderNo"": ""2025120222001445901400267344\t"", ""paymentMethod"": ""宁波银行信用卡(4573)"", ""tradeCategory"": ""交通出行"", ""incomeOrExpense"": ""支出"", ""merchantOrderNo"": ""25120223314610500056\t"", ""productDescription"": ""上海地铁-漕河泾开发区-2025-12-02 21:18:09-七宝-2025-12-02 21:31:43"", ""counterpartyAccount"": ""zfb***@sptcc.com""}",2025120222001445901400267344	,2025-12-02 23:31:46,3.00,OUT,上海公共交通卡股份有限公司,4573,上海地铁-漕河泾开发区-2025-12-02 21:18:09-七宝-2025-12-02 21:31:43 - 交通出行,203,2.0.0,0,2026-02-04 15:49:33,PARSED,3,2026-02-04 15:49:35,3,2026-02-04 15:49:35,0,交通补贴
110,2,3,ALIPAY,PLATFORM_ORDER,84a4539856c0a01a7e59192ac75656a5,"{""amount"": ""16.63"", ""remark"": """", ""tradeTime"": ""2025-12-22 22:09:25"", ""tradeStatus"": ""交易关闭"", ""counterparty"": ""lo**卖"", ""tradeOrderNo"": ""2025122222001145901455948885\t"", ""paymentMethod"": ""宁波银行信用卡(4573)"", ""tradeCategory"": ""美容美发"", ""incomeOrExpense"": ""支出"", ""merchantOrderNo"": ""T200P4962552049110343545\t"", ""productDescription"": ""【优惠价】巴黎欧莱雅紫安瓶玻尿酸洗发水控油蓬松洗发露护发素洗护套装正品"", ""counterpartyAccount"": ""oly***@163.com""}",2025122222001145901455948885	,2025-12-22 22:09:25,16.63,OUT,lo**卖,4573,【优惠价】巴黎欧莱雅紫安瓶玻尿酸洗发水控油蓬松洗发露护发素洗护套装正品 - 美容美发,1810,2.0.0,0,2026-02-04 15:49:33,PARSED,3,2026-02-04 15:49:35,3,2026-02-04 15:49:35,0,化妆品
202,2,3,ALIPAY,PLATFORM_ORDER,56d9bf8a727149d85cc3422deadc173f,"{""amount"": ""1.76"", ""remark"": """", ""tradeTime"": ""2025-12-02 10:57:55"", ""tradeStatus"": ""交易成功"", ""counterparty"": ""上海公共交通卡股份有限公司"", ""tradeOrderNo"": ""2025120222001445901453322744\t"", ""paymentMethod"": ""宁波银行信用卡(4573)&宁波银行立减金"", ""tradeCategory"": ""交通出行"", ""incomeOrExpense"": ""支出"", ""merchantOrderNo"": ""25120210575410500366\t"", ""productDescription"": ""上海地铁-七宝-2025-12-02 08:46:12-漕河泾开发区-2025-12-02 08:57:29"", ""counterpartyAccount"": ""zfb***@sptcc.com""}",2025120222001445901453322744	,2025-12-02 10:57:55,1.76,OUT,上海公共交通卡股份有限公司,4573,上海地铁-七宝-2025-12-02 08:46:12-漕河泾开发区-2025-12-02 08:57:29 - 交通出行,203,2.0.0,0,2026-02-04 15:49:33,PARSED,3,2026-02-04 15:49:35,3,2026-02-04 15:49:35,0,交通补贴
158,2,3,ALIPAY,PLATFORM_ORDER,7cf432b28c14c5737f1a1d671746650e,"{""amount"": ""8.09"", ""remark"": """", ""tradeTime"": ""2025-12-12 09:22:57"", ""tradeStatus"": ""交易成功"", ""counterparty"": ""云账户综合服务平台"", ""tradeOrderNo"": ""20251212020070011520900086524055\t"", ""paymentMethod"": """", ""tradeCategory"": ""转账红包"", ""incomeOrExpense"": ""收入"", ""merchantOrderNo"": ""1138864395737612921\t"", ""productDescription"": ""云账户"", ""counterpartyAccount"": ""/""}",20251212020070011520900086524055	,2025-12-12 09:22:57,8.09,IN,云账户综合服务平台,null,云账户 - 转账红包,3704,2.0.0,0,2026-02-04 15:49:33,PARSED,3,2026-02-04 15:49:35,3,2026-02-04 15:49:35,0,转账入账
206,2,3,ALIPAY,PLATFORM_ORDER,1660f5395d38da9127358962fdae8509,"{""amount"": ""3.00"", ""remark"": """", ""tradeTime"": ""2025-12-01 23:17:23"", ""tradeStatus"": ""交易成功"", ""counterparty"": ""上海公共交通卡股份有限公司"", ""tradeOrderNo"": ""2025120122001445901451579395\t"", ""paymentMethod"": ""宁波银行信用卡(4573)"", ""tradeCategory"": ""交通出行"", ""incomeOrExpense"": ""支出"", ""merchantOrderNo"": ""25120123172210400290\t"", ""productDescription"": ""上海地铁-漕河泾开发区-2025-12-01 21:05:16-七宝-2025-12-01 21:17:19"", ""counterpartyAccount"": ""zfb***@sptcc.com""}",2025120122001445901451579395	,2025-12-01 23:17:23,3.00,OUT,上海公共交通卡股份有限公司,4573,上海地铁-漕河泾开发区-2025-12-01 21:05:16-七宝-2025-12-01 21:17:19 - 交通出行,203,2.0.0,0,2026-02-04 15:49:33,PARSED,3,2026-02-04 15:49:35,3,2026-02-04 15:49:35,0,交通补贴
70,2,3,ALIPAY,PLATFORM_ORDER,a173aeff2a57206d543987cdcaf4d0ba,"{""amount"": ""1.00"", ""remark"": """", ""tradeTime"": ""2025-12-28 23:12:53"", ""tradeStatus"": ""交易成功"", ""counterparty"": ""上海公共交通卡股份有限公司"", ""tradeOrderNo"": ""2025122822001445901427233049\t"", ""paymentMethod"": ""宁波银行信用卡(4573)"", ""tradeCategory"": ""交通出行"", ""incomeOrExpense"": ""支出"", ""merchantOrderNo"": ""25122823125310500005\t"", ""productDescription"": ""上海公交-803路-2025-12-28 21:12:50"", ""counterpartyAccount"": ""jtk***@sptcc.com""}",2025122822001445901427233049	,2025-12-28 23:12:53,1.00,OUT,上海公共交通卡股份有限公司,4573,上海公交-803路-2025-12-28 21:12:50 - 交通出行,203,2.0.0,0,2026-02-04 15:49:33,PARSED,3,2026-02-04 15:49:35,3,2026-02-04 15:49:35,0,交通补贴
210,2,3,ALIPAY,PLATFORM_ORDER,3ebc052b8044428d2231d5fd5e519d93,"{""amount"": ""0.00"", ""remark"": """", ""tradeTime"": ""2025-11-30 23:41:38"", ""tradeStatus"": ""交易成功"", ""counterparty"": ""郑远元修脚房（上海市紫堤路店）"", ""tradeOrderNo"": ""2025113022001445901443415672\t"", ""paymentMethod"": ""郑远元储值卡"", ""tradeCategory"": ""文化休闲"", ""incomeOrExpense"": ""支出"", ""merchantOrderNo"": ""651266000048210001251130137206274226\t"", ""productDescription"": ""上海市紫堤路店-1756281914117292032"", ""counterpartyAccount"": ""/""}",2025113022001445901443415672	,2025-11-30 23:41:38,0.00,OUT,郑远元修脚房（上海市紫堤路店）,郑远元储值卡,上海市紫堤路店-1756281914117292032 - 文化休闲,31,2.0.0,0,2026-02-04 15:49:33,PARSED,3,2026-02-04 15:49:35,3,2026-02-04 15:49:35,0,其他支出
162,2,3,ALIPAY,PLATFORM_ORDER,403a183928343a52055e55869494d2e3,"{""amount"": ""24.19"", ""remark"": """", ""tradeTime"": ""2025-12-11 18:26:17"", ""tradeStatus"": ""交易成功"", ""counterparty"": ""玖集科产店"", ""tradeOrderNo"": ""2025121122001445901449769848\t"", ""paymentMethod"": ""宁波银行信用卡(4573)"", ""tradeCategory"": ""餐饮美食"", ""incomeOrExpense"": ""支出"", ""merchantOrderNo"": ""12126600004836000083620251211906223155\t"", ""productDescription"": ""玖集科产大厦店-消费"", ""counterpartyAccount"": ""/""}",2025121122001445901449769848	,2025-12-11 18:26:17,24.19,OUT,玖集科产店,4573,玖集科产大厦店-消费 - 餐饮美食,16,2.0.0,0,2026-02-04 15:49:33,PARSED,3,2026-02-04 15:49:35,3,2026-02-04 15:49:35,0,餐饮美食
214,2,3,ALIPAY,PLATFORM_ORDER,39ae6d8419eb6af7959dd560d32048eb,"{""amount"": ""3.00"", ""remark"": """", ""tradeTime"": ""2025-11-29 21:49:54"", ""tradeStatus"": ""交易成功"", ""counterparty"": ""上海公共交通卡股份有限公司"", ""tradeOrderNo"": ""2025112922001445901435736788\t"", ""paymentMethod"": ""宁波银行信用卡(4573)"", ""tradeCategory"": ""交通出行"", ""incomeOrExpense"": ""支出"", ""merchantOrderNo"": ""25112921495410400016\t"", ""productDescription"": ""上海地铁-国家会展中心-2025-11-29 18:44:21-国家会展中心-2025-11-29 19:49:51"", ""counterpartyAccount"": ""zfb***@sptcc.com""}",2025112922001445901435736788	,2025-11-29 21:49:54,3.00,OUT,上海公共交通卡股份有限公司,4573,上海地铁-国家会展中心-2025-11-29 18:44:21-国家会展中心-2025-11-29 19:49:51 - 交通出行,203,2.0.0,0,2026-02-04 15:49:33,PARSED,3,2026-02-04 15:49:36,3,2026-02-04 15:49:36,0,交通补贴
114,2,3,ALIPAY,PLATFORM_ORDER,51934545d90aa4b617312e4e6b3641c5,"{""amount"": ""4.50"", ""remark"": """", ""tradeTime"": ""2025-12-20 22:17:39"", ""tradeStatus"": ""交易成功"", ""counterparty"": ""齐齐哈尔大齐杨家烤肉"", ""tradeOrderNo"": ""2025122022001445901434676549\t"", ""paymentMethod"": ""宁波银行信用卡(4573)&碰一下立减"", ""tradeCategory"": ""餐饮美食"", ""incomeOrExpense"": ""支出"", ""merchantOrderNo"": ""0912660000482200007895212777453841\t"", ""productDescription"": ""齐齐哈尔大齐杨家烤肉"", ""counterpartyAccount"": ""/""}",2025122022001445901434676549	,2025-12-20 22:17:39,4.50,OUT,齐齐哈尔大齐杨家烤肉,4573,齐齐哈尔大齐杨家烤肉 - 餐饮美食,1601,2.0.0,0,2026-02-04 15:49:33,PARSED,3,2026-02-04 15:49:35,3,2026-02-04 15:49:35,0,三餐
218,2,3,ALIPAY,PLATFORM_ORDER,0672cdf21146297c117d1da11a941f5f,"{""amount"": ""1.00"", ""remark"": """", ""tradeTime"": ""2025-11-28 21:18:22"", ""tradeStatus"": ""交易成功"", ""counterparty"": ""上海公共交通卡股份有限公司"", ""tradeOrderNo"": ""2025112822001445901434942860\t"", ""paymentMethod"": ""宁波银行信用卡(4573)"", ""tradeCategory"": ""交通出行"", ""incomeOrExpense"": ""支出"", ""merchantOrderNo"": ""25112821182210400072\t"", ""productDescription"": ""上海公交-803路-2025-11-28 19:18:19"", ""counterpartyAccount"": ""jtk***@sptcc.com""}",2025112822001445901434942860	,2025-11-28 21:18:22,1.00,OUT,上海公共交通卡股份有限公司,4573,上海公交-803路-2025-11-28 19:18:19 - 交通出行,203,2.0.0,0,2026-02-04 15:49:33,PARSED,3,2026-02-04 15:49:36,3,2026-02-04 15:49:36,0,交通补贴
166,2,3,ALIPAY,PLATFORM_ORDER,075b542f24c85b3cbc87116ab3ce369f,"{""amount"": ""2.80"", ""remark"": """", ""tradeTime"": ""2025-12-11 08:35:34"", ""tradeStatus"": ""交易成功"", ""counterparty"": ""沪松公路五店"", ""tradeOrderNo"": ""2025121122001445901442901448\t"", ""paymentMethod"": ""宁波银行信用卡(4573)"", ""tradeCategory"": ""日用百货"", ""incomeOrExpense"": ""支出"", ""merchantOrderNo"": ""SXA1O2597629726\t"", ""productDescription"": ""上海全家便利店"", ""counterpartyAccount"": ""180***@qq.com""}",2025121122001445901442901448	,2025-12-11 08:35:34,2.80,OUT,沪松公路五店,4573,上海全家便利店 - 日用百货,1802,2.0.0,0,2026-02-04 15:49:33,PARSED,3,2026-02-04 15:49:35,3,2026-02-04 15:49:35,0,便利店
222,2,3,ALIPAY,PLATFORM_ORDER,163b69be1956dedffe394271616a2bab,"{""amount"": ""2.00"", ""remark"": """", ""tradeTime"": ""2025-11-28 14:24:14"", ""tradeStatus"": ""交易成功"", ""counterparty"": ""上海公共交通卡股份有限公司"", ""tradeOrderNo"": ""2025112822001445901428988246\t"", ""paymentMethod"": ""宁波银行信用卡(4573)"", ""tradeCategory"": ""交通出行"", ""incomeOrExpense"": ""支出"", ""merchantOrderNo"": ""25112814241410400042\t"", ""productDescription"": ""上海公交-803路-2025-11-28 12:24:11"", ""counterpartyAccount"": ""jtk***@sptcc.com""}",2025112822001445901428988246	,2025-11-28 14:24:14,2.00,OUT,上海公共交通卡股份有限公司,4573,上海公交-803路-2025-11-28 12:24:11 - 交通出行,203,2.0.0,0,2026-02-04 15:49:33,PARSED,3,2026-02-04 15:49:36,3,2026-02-04 15:49:36,0,交通补贴
90,2,3,ALIPAY,PLATFORM_ORDER,59ed81c67b67006a55314381bb657413,"{""amount"": ""2.50"", ""remark"": """", ""tradeTime"": ""2025-12-25 18:46:13"", ""tradeStatus"": ""交易成功"", ""counterparty"": ""友宝"", ""tradeOrderNo"": ""2025122522001445901405050167\t"", ""paymentMethod"": ""宁波银行信用卡(4573)"", ""tradeCategory"": ""餐饮美食"", ""incomeOrExpense"": ""支出"", ""merchantOrderNo"": ""1711202512256747202221104141\t"", ""productDescription"": ""智能货柜消费_消费时间 :2025-12-25 18:45:18"", ""counterpartyAccount"": ""ton***@ubox.cn""}",2025122522001445901405050167	,2025-12-25 18:46:13,2.50,OUT,友宝,4573,智能货柜消费_消费时间 :2025-12-25 18:45:18 - 餐饮美食,16,2.0.0,0,2026-02-04 15:49:33,PARSED,3,2026-02-04 15:49:35,3,2026-02-04 15:49:35,0,餐饮美食
226,2,3,ALIPAY,PLATFORM_ORDER,99eb96cfb86594185b65d37d01cb59e5,"{""amount"": ""2.00"", ""remark"": """", ""tradeTime"": ""2025-11-27 10:04:53"", ""tradeStatus"": ""交易成功"", ""counterparty"": ""上海公共交通卡股份有限公司"", ""tradeOrderNo"": ""2025112722001445901423116899\t"", ""paymentMethod"": ""宁波银行信用卡(4573)"", ""tradeCategory"": ""交通出行"", ""incomeOrExpense"": ""支出"", ""merchantOrderNo"": ""25112710045310400200\t"", ""productDescription"": ""上海公交-803路-2025-11-27 08:04:50"", ""counterpartyAccount"": ""jtk***@sptcc.com""}",2025112722001445901423116899	,2025-11-27 10:04:53,2.00,OUT,上海公共交通卡股份有限公司,4573,上海公交-803路-2025-11-27 08:04:50 - 交通出行,203,2.0.0,0,2026-02-04 15:49:33,PARSED,3,2026-02-04 15:49:36,3,2026-02-04 15:49:36,0,交通补贴
57,2,3,ALIPAY,PLATFORM_ORDER,019ba6e0191568013b2f01b5050b6831,"{""amount"": ""1.00"", ""remark"": """", ""tradeTime"": ""2025-12-30 23:18:26"", ""tradeStatus"": ""交易成功"", ""counterparty"": ""上海公共交通卡股份有限公司"", ""tradeOrderNo"": ""2025123022001445901439788069\t"", ""paymentMethod"": ""花呗"", ""tradeCategory"": ""交通出行"", ""incomeOrExpense"": ""支出"", ""merchantOrderNo"": ""25123023182610400022\t"", ""productDescription"": ""上海公交-803路-2025-12-30 21:18:23"", ""counterpartyAccount"": ""jtk***@sptcc.com""}",2025123022001445901439788069	,2025-12-30 23:18:26,1.00,OUT,上海公共交通卡股份有限公司,花呗,上海公交-803路-2025-12-30 21:18:23 - 交通出行,203,2.0.0,0,2026-02-04 15:49:33,PARSED,3,2026-02-04 15:49:35,3,2026-02-04 15:49:35,0,交通补贴
230,2,3,ALIPAY,PLATFORM_ORDER,ad3f3d20339c723fb756c5337f249b9e,"{""amount"": ""2.00"", ""remark"": """", ""tradeTime"": ""2025-11-26 10:57:22"", ""tradeStatus"": ""交易成功"", ""counterparty"": ""上海公共交通卡股份有限公司"", ""tradeOrderNo"": ""2025112622001445901417368349\t"", ""paymentMethod"": ""宁波银行信用卡(4573)"", ""tradeCategory"": ""交通出行"", ""incomeOrExpense"": ""支出"", ""merchantOrderNo"": ""25112610572210500496\t"", ""productDescription"": ""上海地铁-七宝-2025-11-26 08:46:44-漕河泾开发区-2025-11-26 08:57:19"", ""counterpartyAccount"": ""zfb***@sptcc.com""}",2025112622001445901417368349	,2025-11-26 10:57:22,2.00,OUT,上海公共交通卡股份有限公司,4573,上海地铁-七宝-2025-11-26 08:46:44-漕河泾开发区-2025-11-26 08:57:19 - 交通出行,203,2.0.0,0,2026-02-04 15:49:33,PARSED,3,2026-02-04 15:49:36,3,2026-02-04 15:49:36,0,交通补贴
118,2,3,ALIPAY,PLATFORM_ORDER,440b31bdb584d4d033ca2669bac9d11c,"{""amount"": ""3.00"", ""remark"": """", ""tradeTime"": ""2025-12-19 21:20:49"", ""tradeStatus"": ""交易成功"", ""counterparty"": ""上海公共交通卡股份有限公司"", ""tradeOrderNo"": ""2025121922001445901433142848\t"", ""paymentMethod"": ""宁波银行信用卡(4573)"", ""tradeCategory"": ""交通出行"", ""incomeOrExpense"": ""支出"", ""merchantOrderNo"": ""25121921204910400456\t"", ""productDescription"": ""上海地铁-漕河泾开发区-2025-12-19 19:10:30-七宝-2025-12-19 19:20:46"", ""counterpartyAccount"": ""zfb***@sptcc.com""}",2025121922001445901433142848	,2025-12-19 21:20:49,3.00,OUT,上海公共交通卡股份有限公司,4573,上海地铁-漕河泾开发区-2025-12-19 19:10:30-七宝-2025-12-19 19:20:46 - 交通出行,203,2.0.0,0,2026-02-04 15:49:33,PARSED,3,2026-02-04 15:49:35,3,2026-02-04 15:49:35,0,交通补贴
234,2,3,ALIPAY,PLATFORM_ORDER,7f6db37eb900f2d3f7a4b048cc4ff457,"{""amount"": ""2.00"", ""remark"": """", ""tradeTime"": ""2025-11-25 10:49:05"", ""tradeStatus"": ""交易成功"", ""counterparty"": ""上海公共交通卡股份有限公司"", ""tradeOrderNo"": ""2025112522001445901412101156\t"", ""paymentMethod"": ""宁波银行信用卡(4573)"", ""tradeCategory"": ""交通出行"", ""incomeOrExpense"": ""支出"", ""merchantOrderNo"": ""25112510490410500186\t"", ""productDescription"": ""上海地铁-七宝-2025-11-25 08:38:52-漕河泾开发区-2025-11-25 08:49:01"", ""counterpartyAccount"": ""zfb***@sptcc.com""}",2025112522001445901412101156	,2025-11-25 10:49:05,2.00,OUT,上海公共交通卡股份有限公司,4573,上海地铁-七宝-2025-11-25 08:38:52-漕河泾开发区-2025-11-25 08:49:01 - 交通出行,203,2.0.0,0,2026-02-04 15:49:33,PARSED,3,2026-02-04 15:49:36,3,2026-02-04 15:49:36,0,交通补贴
64,2,3,ALIPAY,PLATFORM_ORDER,09e6e54e4bc03ba55df4802d4db21c65,"{""amount"": ""2.80"", ""remark"": """", ""tradeTime"": ""2025-12-30 08:38:00"", ""tradeStatus"": ""交易成功"", ""counterparty"": ""沪松公路五店"", ""tradeOrderNo"": ""2025123022001445901436520713\t"", ""paymentMethod"": ""宁波银行信用卡(4573)"", ""tradeCategory"": ""日用百货"", ""incomeOrExpense"": ""支出"", ""merchantOrderNo"": ""SXA1O3716682826\t"", ""productDescription"": ""上海全家便利店"", ""counterpartyAccount"": ""180***@qq.com""}",2025123022001445901436520713	,2025-12-30 08:38:00,2.80,OUT,沪松公路五店,4573,上海全家便利店 - 日用百货,1802,2.0.0,0,2026-02-04 15:49:33,PARSED,3,2026-02-04 15:49:35,3,2026-02-04 15:49:35,0,便利店
238,2,3,ALIPAY,PLATFORM_ORDER,b403aed61fdc626d229485d54cc7fb0d,"{""amount"": ""3.00"", ""remark"": """", ""tradeTime"": ""2025-11-24 23:31:29"", ""tradeStatus"": ""交易成功"", ""counterparty"": ""上海公共交通卡股份有限公司"", ""tradeOrderNo"": ""2025112422001445901412097541\t"", ""paymentMethod"": ""宁波银行信用卡(4573)"", ""tradeCategory"": ""交通出行"", ""incomeOrExpense"": ""支出"", ""merchantOrderNo"": ""25112423312910500035\t"", ""productDescription"": ""上海地铁-漕河泾开发区-2025-11-24 21:20:55-七宝-2025-11-24 21:31:26"", ""counterpartyAccount"": ""zfb***@sptcc.com""}",2025112422001445901412097541	,2025-11-24 23:31:29,3.00,OUT,上海公共交通卡股份有限公司,4573,上海地铁-漕河泾开发区-2025-11-24 21:20:55-七宝-2025-11-24 21:31:26 - 交通出行,203,2.0.0,0,2026-02-04 15:49:33,PARSED,3,2026-02-04 15:49:36,3,2026-02-04 15:49:36,0,交通补贴
141,2,3,ALIPAY,PLATFORM_ORDER,8c57aca34cfdac5b507b0fa6966c5ffa,"{""amount"": ""15.14"", ""remark"": """", ""tradeTime"": ""2025-12-15 18:16:06"", ""tradeStatus"": ""交易成功"", ""counterparty"": ""玖集科产店"", ""tradeOrderNo"": ""2025121523001445901408773032\t"", ""paymentMethod"": ""宁波银行信用卡(4573)&碰一下立减"", ""tradeCategory"": ""餐饮美食"", ""incomeOrExpense"": ""支出"", ""merchantOrderNo"": ""54126600004836000083620251215700298544\t"", ""productDescription"": ""玖集科产大厦店-消费"", ""counterpartyAccount"": ""/""}",2025121523001445901408773032	,2025-12-15 18:16:06,15.14,OUT,玖集科产店,4573,玖集科产大厦店-消费 - 餐饮美食,16,2.0.0,0,2026-02-04 15:49:33,PARSED,3,2026-02-04 15:49:35,3,2026-02-04 15:49:35,0,餐饮美食
242,2,3,ALIPAY,PLATFORM_ORDER,80164d4c90bf28e3df81ba12d8c56718,"{""amount"": ""5.00"", ""remark"": """", ""tradeTime"": ""2025-11-23 21:57:15"", ""tradeStatus"": ""交易成功"", ""counterparty"": ""上海公共交通卡股份有限公司"", ""tradeOrderNo"": ""2025112322001445901406002100\t"", ""paymentMethod"": ""宁波银行信用卡(4573)"", ""tradeCategory"": ""交通出行"", ""incomeOrExpense"": ""支出"", ""merchantOrderNo"": ""25112321571510400108\t"", ""productDescription"": ""上海地铁-虹口足球场-2025-11-23 19:03:51-国家会展中心-2025-11-23 19:57:12"", ""counterpartyAccount"": ""zfb***@sptcc.com""}",2025112322001445901406002100	,2025-11-23 21:57:15,5.00,OUT,上海公共交通卡股份有限公司,4573,上海地铁-虹口足球场-2025-11-23 19:03:51-国家会展中心-2025-11-23 19:57:12 - 交通出行,203,2.0.0,0,2026-02-04 15:49:33,PARSED,3,2026-02-04 15:49:36,3,2026-02-04 15:49:36,0,交通补贴
178,2,3,ALIPAY,PLATFORM_ORDER,c01b41ed0d4b781ef0d3fe9805873b27,"{""amount"": ""1.00"", ""remark"": """", ""tradeTime"": ""2025-12-08 10:57:06"", ""tradeStatus"": ""交易成功"", ""counterparty"": ""上海公共交通卡股份有限公司"", ""tradeOrderNo"": ""2025120822001445901430935048\t"", ""paymentMethod"": ""宁波银行信用卡(4573)&宁波银行立减金"", ""tradeCategory"": ""交通出行"", ""incomeOrExpense"": ""支出"", ""merchantOrderNo"": ""25120810570510400300\t"", ""productDescription"": ""上海地铁-七宝-2025-12-08 08:44:24-漕河泾开发区-2025-12-08 08:57:02"", ""counterpartyAccount"": ""zfb***@sptcc.com""}",2025120822001445901430935048	,2025-12-08 10:57:06,1.00,OUT,上海公共交通卡股份有限公司,4573,上海地铁-七宝-2025-12-08 08:44:24-漕河泾开发区-2025-12-08 08:57:02 - 交通出行,203,2.0.0,0,2026-02-04 15:49:33,PARSED,3,2026-02-04 15:49:35,3,2026-02-04 15:49:35,0,交通补贴
246,2,3,ALIPAY,PLATFORM_ORDER,1ccc1413a45e374ad6081f46d32e4573,"{""amount"": ""1.00"", ""remark"": """", ""tradeTime"": ""2025-11-22 21:35:39"", ""tradeStatus"": ""交易成功"", ""counterparty"": ""上海公共交通卡股份有限公司"", ""tradeOrderNo"": ""2025112222001445901457961591\t"", ""paymentMethod"": ""宁波银行信用卡(4573)"", ""tradeCategory"": ""交通出行"", ""incomeOrExpense"": ""支出"", ""merchantOrderNo"": ""25112221353910400040\t"", ""productDescription"": ""上海公交-803路-2025-11-22 19:35:36"", ""counterpartyAccount"": ""jtk***@sptcc.com""}",2025112222001445901457961591	,2025-11-22 21:35:39,1.00,OUT,上海公共交通卡股份有限公司,4573,上海公交-803路-2025-11-22 19:35:36 - 交通出行,203,2.0.0,0,2026-02-04 15:49:33,PARSED,3,2026-02-04 15:49:36,3,2026-02-04 15:49:36,0,交通补贴
78,2,3,ALIPAY,PLATFORM_ORDER,2dd5c5c1675f1cc7c1a3e8457c683f1d,"{""amount"": ""5.00"", ""remark"": """", ""tradeTime"": ""2025-12-28 00:53:22"", ""tradeStatus"": ""交易成功"", ""counterparty"": ""上海公共交通卡股份有限公司"", ""tradeOrderNo"": ""2025122822001445901423462826\t"", ""paymentMethod"": ""宁波银行信用卡(4573)"", ""tradeCategory"": ""交通出行"", ""incomeOrExpense"": ""支出"", ""merchantOrderNo"": ""25122800532210500012\t"", ""productDescription"": ""上海地铁-南京东路-2025-12-27 22:05:08-国家会展中心-2025-12-27 22:53:19"", ""counterpartyAccount"": ""zfb***@sptcc.com""}",2025122822001445901423462826	,2025-12-28 00:53:22,5.00,OUT,上海公共交通卡股份有限公司,4573,上海地铁-南京东路-2025-12-27 22:05:08-国家会展中心-2025-12-27 22:53:19 - 交通出行,203,2.0.0,0,2026-02-04 15:49:33,PARSED,3,2026-02-04 15:49:35,3,2026-02-04 15:49:35,0,交通补贴
250,2,3,ALIPAY,PLATFORM_ORDER,db335a504d9fc7dd4f46eb4d2058b601,"{""amount"": ""1.00"", ""remark"": """", ""tradeTime"": ""2025-11-21 21:34:39"", ""tradeStatus"": ""交易成功"", ""counterparty"": ""上海公共交通卡股份有限公司"", ""tradeOrderNo"": ""2025112122001445901451449477\t"", ""paymentMethod"": ""宁波银行信用卡(4573)"", ""tradeCategory"": ""交通出行"", ""incomeOrExpense"": ""支出"", ""merchantOrderNo"": ""25112121343910500150\t"", ""productDescription"": ""上海公交-803路-2025-11-21 19:34:36"", ""counterpartyAccount"": ""jtk***@sptcc.com""}",2025112122001445901451449477	,2025-11-21 21:34:39,1.00,OUT,上海公共交通卡股份有限公司,4573,上海公交-803路-2025-11-21 19:34:36 - 交通出行,203,2.0.0,0,2026-02-04 15:49:33,PARSED,3,2026-02-04 15:49:36,3,2026-02-04 15:49:36,0,交通补贴
123,2,3,ALIPAY,PLATFORM_ORDER,f7f8c87d8305e1f0056a3b14a04298b2,"{""amount"": ""19.65"", ""remark"": """", ""tradeTime"": ""2025-12-18 18:19:26"", ""tradeStatus"": ""交易成功"", ""counterparty"": ""玖集科产店"", ""tradeOrderNo"": ""2025121822001445901426157027\t"", ""paymentMethod"": ""宁波银行信用卡(4573)"", ""tradeCategory"": ""餐饮美食"", ""incomeOrExpense"": ""支出"", ""merchantOrderNo"": ""80126600004836000083620251218626643920\t"", ""productDescription"": ""玖集科产大厦店-消费"", ""counterpartyAccount"": ""/""}",2025121822001445901426157027	,2025-12-18 18:19:26,19.65,OUT,玖集科产店,4573,玖集科产大厦店-消费 - 餐饮美食,16,2.0.0,0,2026-02-04 15:49:33,PARSED,3,2026-02-04 15:49:35,3,2026-02-04 15:49:35,0,餐饮美食
254,2,3,ALIPAY,PLATFORM_ORDER,5ee777a359f64af79b39c4c33c2c1137,"{""amount"": ""2.44"", ""remark"": """", ""tradeTime"": ""2025-11-21 08:36:30"", ""tradeStatus"": ""交易成功"", ""counterparty"": ""沪松公路五店"", ""tradeOrderNo"": ""2025112122001445901443357138\t"", ""paymentMethod"": ""宁波银行信用卡(4573)&碰友日立减"", ""tradeCategory"": ""日用百货"", ""incomeOrExpense"": ""支出"", ""merchantOrderNo"": ""SXA1O1395104726\t"", ""productDescription"": ""上海全家便利店"", ""counterpartyAccount"": ""180***@qq.com""}",2025112122001445901443357138	,2025-11-21 08:36:30,2.44,OUT,沪松公路五店,4573,上海全家便利店 - 日用百货,1802,2.0.0,0,2026-02-04 15:49:33,PARSED,3,2026-02-04 15:49:36,3,2026-02-04 15:49:36,0,便利店
289,2,3,ALIPAY,PLATFORM_ORDER,844410317d9d0813797d4e45bb18212d,"{""amount"": ""1.00"", ""remark"": """", ""tradeTime"": ""2025-11-13 23:44:46"", ""tradeStatus"": ""交易成功"", ""counterparty"": ""上海公共交通卡股份有限公司"", ""tradeOrderNo"": ""2025111322001445901454576123\t"", ""paymentMethod"": ""宁波银行信用卡(4573)"", ""tradeCategory"": ""交通出行"", ""incomeOrExpense"": ""支出"", ""merchantOrderNo"": ""25111323444610500008\t"", ""productDescription"": ""上海公交-803路-2025-11-13 21:44:43"", ""counterpartyAccount"": ""jtk***@sptcc.com""}",2025111322001445901454576123	,2025-11-13 23:44:46,1.00,OUT,上海公共交通卡股份有限公司,4573,上海公交-803路-2025-11-13 21:44:43 - 交通出行,203,2.0.0,0,2026-02-04 15:49:33,PARSED,3,2026-02-04 15:49:36,3,2026-02-04 15:49:36,0,交通补贴
258,2,3,ALIPAY,PLATFORM_ORDER,07b4e408acfee12cfa23a35376ad0c82,"{""amount"": ""2.00"", ""remark"": """", ""tradeTime"": ""2025-11-20 10:50:06"", ""tradeStatus"": ""交易成功"", ""counterparty"": ""上海公共交通卡股份有限公司"", ""tradeOrderNo"": ""2025112022001445901434667902\t"", ""paymentMethod"": ""宁波银行信用卡(4573)"", ""tradeCategory"": ""交通出行"", ""incomeOrExpense"": ""支出"", ""merchantOrderNo"": ""25112010500510500695\t"", ""productDescription"": ""上海地铁-七宝-2025-11-20 08:39:43-漕河泾开发区-2025-11-20 08:50:02"", ""counterpartyAccount"": ""zfb***@sptcc.com""}",2025112022001445901434667902	,2025-11-20 10:50:06,2.00,OUT,上海公共交通卡股份有限公司,4573,上海地铁-七宝-2025-11-20 08:39:43-漕河泾开发区-2025-11-20 08:50:02 - 交通出行,203,2.0.0,0,2026-02-04 15:49:33,PARSED,3,2026-02-04 15:49:36,3,2026-02-04 15:49:36,0,交通补贴
125,2,3,ALIPAY,PLATFORM_ORDER,ce22010597add05fbe889b2b973abf76,"{""amount"": ""2.00"", ""remark"": """", ""tradeTime"": ""2025-12-18 10:03:37"", ""tradeStatus"": ""交易成功"", ""counterparty"": ""上海公共交通卡股份有限公司"", ""tradeOrderNo"": ""2025121822001445901425736546\t"", ""paymentMethod"": ""宁波银行信用卡(4573)"", ""tradeCategory"": ""交通出行"", ""incomeOrExpense"": ""支出"", ""merchantOrderNo"": ""25121810033710500376\t"", ""productDescription"": ""上海公交-803路-2025-12-18 08:03:34"", ""counterpartyAccount"": ""jtk***@sptcc.com""}",2025121822001445901425736546	,2025-12-18 10:03:37,2.00,OUT,上海公共交通卡股份有限公司,4573,上海公交-803路-2025-12-18 08:03:34 - 交通出行,203,2.0.0,0,2026-02-04 15:49:33,PARSED,3,2026-02-04 15:49:35,3,2026-02-04 15:49:35,0,交通补贴
262,2,3,ALIPAY,PLATFORM_ORDER,5fdfc83265840b93cafadccdd969b013,"{""amount"": ""3.00"", ""remark"": """", ""tradeTime"": ""2025-11-19 23:38:16"", ""tradeStatus"": ""交易成功"", ""counterparty"": ""上海公共交通卡股份有限公司"", ""tradeOrderNo"": ""2025111922001445901434417815\t"", ""paymentMethod"": ""宁波银行信用卡(4573)"", ""tradeCategory"": ""交通出行"", ""incomeOrExpense"": ""支出"", ""merchantOrderNo"": ""25111923381610400012\t"", ""productDescription"": ""上海地铁-漕河泾开发区-2025-11-19 21:25:00-七宝-2025-11-19 21:38:13"", ""counterpartyAccount"": ""zfb***@sptcc.com""}",2025111922001445901434417815	,2025-11-19 23:38:16,3.00,OUT,上海公共交通卡股份有限公司,4573,上海地铁-漕河泾开发区-2025-11-19 21:25:00-七宝-2025-11-19 21:38:13 - 交通出行,203,2.0.0,0,2026-02-04 15:49:33,PARSED,3,2026-02-04 15:49:36,3,2026-02-04 15:49:36,0,交通补贴
318,2,3,ALIPAY,PLATFORM_ORDER,56ca2a52b43e6ea2f0b8c48a1c3707e4,"{""amount"": ""1.76"", ""remark"": """", ""tradeTime"": ""2025-11-06 11:19:02"", ""tradeStatus"": ""交易成功"", ""counterparty"": ""上海公共交通卡股份有限公司"", ""tradeOrderNo"": ""2025110622001445901400625380\t"", ""paymentMethod"": ""宁波银行信用卡(4573)&宁波银行立减金"", ""tradeCategory"": ""交通出行"", ""incomeOrExpense"": ""支出"", ""merchantOrderNo"": ""25110611190210400038\t"", ""productDescription"": ""上海地铁-七宝-2025-11-06 09:08:19-漕河泾开发区-2025-11-06 09:18:59"", ""counterpartyAccount"": ""zfb***@sptcc.com""}",2025110622001445901400625380	,2025-11-06 11:19:02,1.76,OUT,上海公共交通卡股份有限公司,4573,上海地铁-七宝-2025-11-06 09:08:19-漕河泾开发区-2025-11-06 09:18:59 - 交通出行,203,2.0.0,0,2026-02-04 15:49:34,PARSED,3,2026-02-04 15:49:36,3,2026-02-04 15:49:36,0,交通补贴
266,2,3,ALIPAY,PLATFORM_ORDER,d5679bca23cc60d4e973a2de2197272b,"{""amount"": ""2.80"", ""remark"": """", ""tradeTime"": ""2025-11-19 08:34:28"", ""tradeStatus"": ""交易成功"", ""counterparty"": ""沪松公路五店"", ""tradeOrderNo"": ""2025111922001445901429007671\t"", ""paymentMethod"": ""宁波银行信用卡(4573)"", ""tradeCategory"": ""日用百货"", ""incomeOrExpense"": ""支出"", ""merchantOrderNo"": ""SXA1O1231780726\t"", ""productDescription"": ""上海全家便利店"", ""counterpartyAccount"": ""180***@qq.com""}",2025111922001445901429007671	,2025-11-19 08:34:28,2.80,OUT,沪松公路五店,4573,上海全家便利店 - 日用百货,1802,2.0.0,0,2026-02-04 15:49:33,PARSED,3,2026-02-04 15:49:36,3,2026-02-04 15:49:36,0,便利店
127,2,3,ALIPAY,PLATFORM_ORDER,722a24102ca74d3b48116d0bad95fe27,"{""amount"": ""67.80"", ""remark"": """", ""tradeTime"": ""2025-12-17 23:00:50"", ""tradeStatus"": ""交易成功"", ""counterparty"": ""滴滴出行"", ""tradeOrderNo"": ""2025121722001445901421061884\t"", ""paymentMethod"": ""宁波银行信用卡(4573)&宁波银行立减金"", ""tradeCategory"": ""交通出行"", ""incomeOrExpense"": ""支出"", ""merchantOrderNo"": ""210_202512178512843501948434\t"", ""productDescription"": ""滴滴快车打车-张师傅-12月17日行程"", ""counterpartyAccount"": ""chu***@didichuxing.com""}",2025121722001445901421061884	,2025-12-17 23:00:50,67.80,OUT,滴滴出行,4573,滴滴快车打车-张师傅-12月17日行程 - 交通出行,1703,2.0.0,0,2026-02-04 15:49:33,PARSED,3,2026-02-04 15:49:35,3,2026-02-04 15:49:35,0,网约车
270,2,3,ALIPAY,PLATFORM_ORDER,907202de8bc377ddaccff93b6f2e401e,"{""amount"": ""2.00"", ""remark"": """", ""tradeTime"": ""2025-11-18 10:50:02"", ""tradeStatus"": ""交易成功"", ""counterparty"": ""上海公共交通卡股份有限公司"", ""tradeOrderNo"": ""2025111822001445901427570995\t"", ""paymentMethod"": ""宁波银行信用卡(4573)"", ""tradeCategory"": ""交通出行"", ""incomeOrExpense"": ""支出"", ""merchantOrderNo"": ""25111810500110500564\t"", ""productDescription"": ""上海地铁-七宝-2025-11-18 08:39:34-漕河泾开发区-2025-11-18 08:49:58"", ""counterpartyAccount"": ""zfb***@sptcc.com""}",2025111822001445901427570995	,2025-11-18 10:50:02,2.00,OUT,上海公共交通卡股份有限公司,4573,上海地铁-七宝-2025-11-18 08:39:34-漕河泾开发区-2025-11-18 08:49:58 - 交通出行,203,2.0.0,0,2026-02-04 15:49:33,PARSED,3,2026-02-04 15:49:36,3,2026-02-04 15:49:36,0,交通补贴
274,2,3,ALIPAY,PLATFORM_ORDER,53a4809fd8ff1e7c888ca4e47b22669a,"{""amount"": ""3.00"", ""remark"": """", ""tradeTime"": ""2025-11-17 23:24:36"", ""tradeStatus"": ""交易成功"", ""counterparty"": ""上海公共交通卡股份有限公司"", ""tradeOrderNo"": ""2025111722001445901421858274\t"", ""paymentMethod"": ""宁波银行信用卡(4573)"", ""tradeCategory"": ""交通出行"", ""incomeOrExpense"": ""支出"", ""merchantOrderNo"": ""25111723243610400024\t"", ""productDescription"": ""上海地铁-漕河泾开发区-2025-11-17 21:14:43-七宝-2025-11-17 21:24:33"", ""counterpartyAccount"": ""zfb***@sptcc.com""}",2025111722001445901421858274	,2025-11-17 23:24:36,3.00,OUT,上海公共交通卡股份有限公司,4573,上海地铁-漕河泾开发区-2025-11-17 21:14:43-七宝-2025-11-17 21:24:33 - 交通出行,203,2.0.0,0,2026-02-04 15:49:33,PARSED,3,2026-02-04 15:49:36,3,2026-02-04 15:49:36,0,交通补贴
129,2,3,ALIPAY,PLATFORM_ORDER,d28de361a4f1174ab0ad5a7a616c19a0,"{""amount"": ""2.00"", ""remark"": """", ""tradeTime"": ""2025-12-17 10:02:09"", ""tradeStatus"": ""交易成功"", ""counterparty"": ""上海公共交通卡股份有限公司"", ""tradeOrderNo"": ""2025121722001445901418467289\t"", ""paymentMethod"": ""宁波银行信用卡(4573)"", ""tradeCategory"": ""交通出行"", ""incomeOrExpense"": ""支出"", ""merchantOrderNo"": ""25121710020910500406\t"", ""productDescription"": ""上海公交-803路-2025-12-17 08:02:06"", ""counterpartyAccount"": ""jtk***@sptcc.com""}",2025121722001445901418467289	,2025-12-17 10:02:09,2.00,OUT,上海公共交通卡股份有限公司,4573,上海公交-803路-2025-12-17 08:02:06 - 交通出行,203,2.0.0,0,2026-02-04 15:49:33,PARSED,3,2026-02-04 15:49:35,3,2026-02-04 15:49:35,0,交通补贴
278,2,3,ALIPAY,PLATFORM_ORDER,c7781a1ed57ca81e5a40571038bb53db,"{""amount"": ""2.80"", ""remark"": """", ""tradeTime"": ""2025-11-17 08:35:11"", ""tradeStatus"": ""交易成功"", ""counterparty"": ""沪松公路五店"", ""tradeOrderNo"": ""2025111723001445901413157794\t"", ""paymentMethod"": ""宁波银行信用卡(4573)"", ""tradeCategory"": ""日用百货"", ""incomeOrExpense"": ""支出"", ""merchantOrderNo"": ""SXA1O1116377126\t"", ""productDescription"": ""上海全家便利店"", ""counterpartyAccount"": ""180***@qq.com""}",2025111723001445901413157794	,2025-11-17 08:35:11,2.80,OUT,沪松公路五店,4573,上海全家便利店 - 日用百货,1802,2.0.0,0,2026-02-04 15:49:33,PARSED,3,2026-02-04 15:49:36,3,2026-02-04 15:49:36,0,便利店
65,2,3,ALIPAY,PLATFORM_ORDER,46d84288ee6d8617b1178c955fdd898d,"{""amount"": ""1.00"", ""remark"": """", ""tradeTime"": ""2025-12-29 20:50:44"", ""tradeStatus"": ""交易成功"", ""counterparty"": ""上海公共交通卡股份有限公司"", ""tradeOrderNo"": ""2025122922001445901435360399\t"", ""paymentMethod"": ""宁波银行信用卡(4573)"", ""tradeCategory"": ""交通出行"", ""incomeOrExpense"": ""支出"", ""merchantOrderNo"": ""25122920504410400405\t"", ""productDescription"": ""上海公交-803路-2025-12-29 18:50:41"", ""counterpartyAccount"": ""jtk***@sptcc.com""}",2025122922001445901435360399	,2025-12-29 20:50:44,1.00,OUT,上海公共交通卡股份有限公司,4573,上海公交-803路-2025-12-29 18:50:41 - 交通出行,203,2.0.0,0,2026-02-04 15:49:33,PARSED,3,2026-02-04 15:49:35,3,2026-02-04 15:49:35,0,交通补贴
282,2,3,ALIPAY,PLATFORM_ORDER,40ef0f8af1525bbdf312af0776ff1384,"{""amount"": ""23.50"", ""remark"": """", ""tradeTime"": ""2025-11-15 19:56:11"", ""tradeStatus"": ""交易成功"", ""counterparty"": ""x***2"", ""tradeOrderNo"": ""2025111522001145901407495082\t"", ""paymentMethod"": ""花呗"", ""tradeCategory"": ""日用百货"", ""incomeOrExpense"": ""支出"", ""merchantOrderNo"": ""T200P4884314148737343545\t"", ""productDescription"": ""【自动发货】星巴克代点代下单太妃榛果拿铁星冰乐自助点单全国通"", ""counterpartyAccount"": ""923***@qq.com""}",2025111522001145901407495082	,2025-11-15 19:56:11,23.50,OUT,x***2,花呗,【自动发货】星巴克代点代下单太妃榛果拿铁星冰乐自助点单全国通 - 日用百货,1603,2.0.0,0,2026-02-04 15:49:33,PARSED,3,2026-02-04 15:49:36,3,2026-02-04 15:49:36,0,饮品咖啡
131,2,3,ALIPAY,PLATFORM_ORDER,59987d267c6129fac74c6277235bd36c,"{""amount"": ""8.00"", ""remark"": """", ""tradeTime"": ""2025-12-17 08:47:10"", ""tradeStatus"": ""交易成功"", ""counterparty"": ""浙江天猫技术有限公司"", ""tradeOrderNo"": ""2025121722001345901418165945\t"", ""paymentMethod"": ""宁波银行信用卡(4573)"", ""tradeCategory"": ""充值缴费"", ""incomeOrExpense"": ""支出"", ""merchantOrderNo"": ""T3901P4949882787715343545\t"", ""productDescription"": ""淘宝省钱卡"", ""counterpartyAccount"": ""she***@service.aliyun.com""}",2025121722001345901418165945	,2025-12-17 08:47:10,8.00,OUT,浙江天猫技术有限公司,4573,淘宝省钱卡 - 充值缴费,1803,2.0.0,0,2026-02-04 15:49:33,PARSED,3,2026-02-04 15:49:35,3,2026-02-04 15:49:35,0,网购
286,2,3,ALIPAY,PLATFORM_ORDER,e792a28183ff8e75b0bd88a038cb3ce2,"{""amount"": ""1.76"", ""remark"": """", ""tradeTime"": ""2025-11-14 10:51:19"", ""tradeStatus"": ""交易成功"", ""counterparty"": ""上海公共交通卡股份有限公司"", ""tradeOrderNo"": ""2025111422001445901453652913\t"", ""paymentMethod"": ""宁波银行信用卡(4573)&宁波银行立减金"", ""tradeCategory"": ""交通出行"", ""incomeOrExpense"": ""支出"", ""merchantOrderNo"": ""25111410511810500624\t"", ""productDescription"": ""上海地铁-七宝-2025-11-14 08:40:15-漕河泾开发区-2025-11-14 08:51:15"", ""counterpartyAccount"": ""zfb***@sptcc.com""}",2025111422001445901453652913	,2025-11-14 10:51:19,1.76,OUT,上海公共交通卡股份有限公司,4573,上海地铁-七宝-2025-11-14 08:40:15-漕河泾开发区-2025-11-14 08:51:15 - 交通出行,203,2.0.0,0,2026-02-04 15:49:33,PARSED,3,2026-02-04 15:49:36,3,2026-02-04 15:49:36,0,交通补贴
323,2,3,ALIPAY,PLATFORM_ORDER,92bf76991c62d474be4add2c2e58cc60,"{""amount"": ""3.00"", ""remark"": """", ""tradeTime"": ""2025-11-05 22:14:36"", ""tradeStatus"": ""交易成功"", ""counterparty"": ""淮南马店羊肉汤"", ""tradeOrderNo"": ""2025110522001445901459556222\t"", ""paymentMethod"": ""花呗"", ""tradeCategory"": ""餐饮美食"", ""incomeOrExpense"": ""支出"", ""merchantOrderNo"": ""47623520764712598445904\t"", ""productDescription"": ""收钱码收款"", ""counterpartyAccount"": ""135******41""}",2025110522001445901459556222	,2025-11-05 22:14:36,3.00,OUT,淮南马店羊肉汤,花呗,收钱码收款 - 餐饮美食,1605,2.0.0,0,2026-02-04 15:49:34,PARSED,3,2026-02-04 15:49:36,3,2026-02-04 15:49:36,0,买菜原料
290,2,3,ALIPAY,PLATFORM_ORDER,9a445068820a0c3b1fe2427e401bd8b7,"{""amount"": ""3.00"", ""remark"": """", ""tradeTime"": ""2025-11-13 23:31:51"", ""tradeStatus"": ""交易成功"", ""counterparty"": ""上海公共交通卡股份有限公司"", ""tradeOrderNo"": ""2025111322001445901454034058\t"", ""paymentMethod"": ""宁波银行信用卡(4573)"", ""tradeCategory"": ""交通出行"", ""incomeOrExpense"": ""支出"", ""merchantOrderNo"": ""25111323315110400056\t"", ""productDescription"": ""上海地铁-漕河泾开发区-2025-11-13 21:20:33-七宝-2025-11-13 21:31:48"", ""counterpartyAccount"": ""zfb***@sptcc.com""}",2025111322001445901454034058	,2025-11-13 23:31:51,3.00,OUT,上海公共交通卡股份有限公司,4573,上海地铁-漕河泾开发区-2025-11-13 21:20:33-七宝-2025-11-13 21:31:48 - 交通出行,203,2.0.0,0,2026-02-04 15:49:33,PARSED,3,2026-02-04 15:49:36,3,2026-02-04 15:49:36,0,交通补贴
133,2,3,ALIPAY,PLATFORM_ORDER,17e3109f224591a91c5c63cbbb0e0e54,"{""amount"": ""1.00"", ""remark"": """", ""tradeTime"": ""2025-12-16 23:40:29"", ""tradeStatus"": ""交易成功"", ""counterparty"": ""上海公共交通卡股份有限公司"", ""tradeOrderNo"": ""2025121622001445901415612112\t"", ""paymentMethod"": ""宁波银行信用卡(4573)"", ""tradeCategory"": ""交通出行"", ""incomeOrExpense"": ""支出"", ""merchantOrderNo"": ""25121623402910400063\t"", ""productDescription"": ""上海公交-803路-2025-12-16 21:40:26"", ""counterpartyAccount"": ""jtk***@sptcc.com""}",2025121622001445901415612112	,2025-12-16 23:40:29,1.00,OUT,上海公共交通卡股份有限公司,4573,上海公交-803路-2025-12-16 21:40:26 - 交通出行,203,2.0.0,0,2026-02-04 15:49:33,PARSED,3,2026-02-04 15:49:35,3,2026-02-04 15:49:35,0,交通补贴
294,2,3,ALIPAY,PLATFORM_ORDER,80e260eed9a5815eeab053f6ed35c425,"{""amount"": ""2.80"", ""remark"": """", ""tradeTime"": ""2025-11-13 08:38:37"", ""tradeStatus"": ""交易成功"", ""counterparty"": ""沪松公路五店"", ""tradeOrderNo"": ""2025111322001445901448085514\t"", ""paymentMethod"": ""宁波银行信用卡(4573)"", ""tradeCategory"": ""日用百货"", ""incomeOrExpense"": ""支出"", ""merchantOrderNo"": ""SXA1O111204861625\t"", ""productDescription"": ""上海全家便利店"", ""counterpartyAccount"": ""180***@qq.com""}",2025111322001445901448085514	,2025-11-13 08:38:37,2.80,OUT,沪松公路五店,4573,上海全家便利店 - 日用百货,1802,2.0.0,0,2026-02-04 15:49:33,PARSED,3,2026-02-04 15:49:36,3,2026-02-04 15:49:36,0,便利店
102,2,3,ALIPAY,PLATFORM_ORDER,442af52b2651a82d5c28bc726f34cb69,"{""amount"": ""64.70"", ""remark"": """", ""tradeTime"": ""2025-12-23 15:07:27"", ""tradeStatus"": ""交易成功"", ""counterparty"": ""上海城投水务(集团)有限公司"", ""tradeOrderNo"": ""2025122300003001900069689305\t"", ""paymentMethod"": ""宁波银行信用卡(4573)&宁波银行立减金"", ""tradeCategory"": ""充值缴费"", ""incomeOrExpense"": ""支出"", ""merchantOrderNo"": ""5980754100\t"", ""productDescription"": ""水费-**实名"", ""counterpartyAccount"": ""/""}",2025122300003001900069689305	,2025-12-23 15:07:27,64.70,OUT,上海城投水务(集团)有限公司,4573,水费-**实名 - 充值缴费,2205,2.0.0,0,2026-02-04 15:49:33,PARSED,3,2026-02-04 15:49:35,3,2026-02-04 15:49:35,0,水费
298,2,3,ALIPAY,PLATFORM_ORDER,75bbb6c147d80900e2b406eebd03e8f5,"{""amount"": ""1.00"", ""remark"": """", ""tradeTime"": ""2025-11-11 23:20:30"", ""tradeStatus"": ""交易成功"", ""counterparty"": ""上海公共交通卡股份有限公司"", ""tradeOrderNo"": ""2025111122001445901440005345\t"", ""paymentMethod"": ""宁波银行信用卡(4573)"", ""tradeCategory"": ""交通出行"", ""incomeOrExpense"": ""支出"", ""merchantOrderNo"": ""25111123203010400006\t"", ""productDescription"": ""上海公交-803路-2025-11-11 21:20:27"", ""counterpartyAccount"": ""jtk***@sptcc.com""}",2025111122001445901440005345	,2025-11-11 23:20:30,1.00,OUT,上海公共交通卡股份有限公司,4573,上海公交-803路-2025-11-11 21:20:27 - 交通出行,203,2.0.0,0,2026-02-04 15:49:33,PARSED,3,2026-02-04 15:49:36,3,2026-02-04 15:49:36,0,交通补贴
135,2,3,ALIPAY,PLATFORM_ORDER,3982b7d5acbbd1de2d9018e5c25f88ea,"{""amount"": ""10.22"", ""remark"": """", ""tradeTime"": ""2025-12-16 21:36:13"", ""tradeStatus"": ""交易成功"", ""counterparty"": ""云账户综合服务平台"", ""tradeOrderNo"": ""20251216020070011580900030827311\t"", ""paymentMethod"": """", ""tradeCategory"": ""转账红包"", ""incomeOrExpense"": ""收入"", ""merchantOrderNo"": ""1140498664276878276\t"", ""productDescription"": ""云账户"", ""counterpartyAccount"": ""/""}",20251216020070011580900030827311	,2025-12-16 21:36:13,10.22,IN,云账户综合服务平台,null,云账户 - 转账红包,3704,2.0.0,0,2026-02-04 15:49:33,PARSED,3,2026-02-04 15:49:35,3,2026-02-04 15:49:35,0,转账入账
302,2,3,ALIPAY,PLATFORM_ORDER,aad45887af4c9b876dbc0eaacc68166d,"{""amount"": ""1.00"", ""remark"": """", ""tradeTime"": ""2025-11-10 23:41:17"", ""tradeStatus"": ""交易成功"", ""counterparty"": ""上海公共交通卡股份有限公司"", ""tradeOrderNo"": ""2025111022001445901428056185\t"", ""paymentMethod"": ""宁波银行信用卡(4573)"", ""tradeCategory"": ""交通出行"", ""incomeOrExpense"": ""支出"", ""merchantOrderNo"": ""25111023411710500144\t"", ""productDescription"": ""上海公交-803路-2025-11-10 21:41:14"", ""counterpartyAccount"": ""jtk***@sptcc.com""}",2025111022001445901428056185	,2025-11-10 23:41:17,1.00,OUT,上海公共交通卡股份有限公司,4573,上海公交-803路-2025-11-10 21:41:14 - 交通出行,203,2.0.0,0,2026-02-04 15:49:33,PARSED,3,2026-02-04 15:49:36,3,2026-02-04 15:49:36,0,交通补贴
83,2,3,ALIPAY,PLATFORM_ORDER,4b17534d3770860b9d18545a0708f1eb,"{""amount"": ""4.00"", ""remark"": """", ""tradeTime"": ""2025-12-27 00:00:11"", ""tradeStatus"": ""交易成功"", ""counterparty"": ""上海公共交通卡股份有限公司"", ""tradeOrderNo"": ""2025122722001445901416210717\t"", ""paymentMethod"": ""宁波银行信用卡(4573)"", ""tradeCategory"": ""交通出行"", ""incomeOrExpense"": ""支出"", ""merchantOrderNo"": ""25122700001110400049\t"", ""productDescription"": ""上海地铁-桂林路-2025-12-26 21:28:18-七宝-2025-12-26 22:00:08"", ""counterpartyAccount"": ""zfb***@sptcc.com""}",2025122722001445901416210717	,2025-12-27 00:00:11,4.00,OUT,上海公共交通卡股份有限公司,4573,上海地铁-桂林路-2025-12-26 21:28:18-七宝-2025-12-26 22:00:08 - 交通出行,203,2.0.0,0,2026-02-04 15:49:33,PARSED,3,2026-02-04 15:49:35,3,2026-02-04 15:49:35,0,交通补贴
306,2,3,ALIPAY,PLATFORM_ORDER,347c346696ef30dc1276e0dc6a1217f0,"{""amount"": ""18.98"", ""remark"": """", ""tradeTime"": ""2025-11-10 10:16:46"", ""tradeStatus"": ""交易成功"", ""counterparty"": ""云账户综合服务平台"", ""tradeOrderNo"": ""20251110020070011530900075238859\t"", ""paymentMethod"": """", ""tradeCategory"": ""转账红包"", ""incomeOrExpense"": ""收入"", ""merchantOrderNo"": ""1127281664138404320\t"", ""productDescription"": ""云账户"", ""counterpartyAccount"": ""/""}",20251110020070011530900075238859	,2025-11-10 10:16:46,18.98,IN,云账户综合服务平台,null,云账户 - 转账红包,3704,2.0.0,0,2026-02-04 15:49:33,PARSED,3,2026-02-04 15:49:36,3,2026-02-04 15:49:36,0,转账入账
137,2,3,ALIPAY,PLATFORM_ORDER,85d1979f8285bbd94ebb5e6f2e4e4bab,"{""amount"": ""2.00"", ""remark"": """", ""tradeTime"": ""2025-12-16 10:03:29"", ""tradeStatus"": ""交易成功"", ""counterparty"": ""上海公共交通卡股份有限公司"", ""tradeOrderNo"": ""2025121622001445901413216749\t"", ""paymentMethod"": ""宁波银行信用卡(4573)"", ""tradeCategory"": ""交通出行"", ""incomeOrExpense"": ""支出"", ""merchantOrderNo"": ""25121610032810500164\t"", ""productDescription"": ""上海公交-803路-2025-12-16 08:03:25"", ""counterpartyAccount"": ""jtk***@sptcc.com""}",2025121622001445901413216749	,2025-12-16 10:03:29,2.00,OUT,上海公共交通卡股份有限公司,4573,上海公交-803路-2025-12-16 08:03:25 - 交通出行,203,2.0.0,0,2026-02-04 15:49:33,PARSED,3,2026-02-04 15:49:35,3,2026-02-04 15:49:35,0,交通补贴
310,2,3,ALIPAY,PLATFORM_ORDER,ddc8d341749ff6c95f60bc1d65c412ea,"{""amount"": ""45.00"", ""remark"": """", ""tradeTime"": ""2025-11-07 22:41:53"", ""tradeStatus"": ""交易成功"", ""counterparty"": ""齐齐哈尔大齐杨家烤肉"", ""tradeOrderNo"": ""2025110722001445901405368646\t"", ""paymentMethod"": ""宁波银行信用卡(4573)"", ""tradeCategory"": ""餐饮美食"", ""incomeOrExpense"": ""支出"", ""merchantOrderNo"": ""0612660000482200007895218729843301\t"", ""productDescription"": ""齐齐哈尔大齐杨家烤肉"", ""counterpartyAccount"": ""/""}",2025110722001445901405368646	,2025-11-07 22:41:53,45.00,OUT,齐齐哈尔大齐杨家烤肉,4573,齐齐哈尔大齐杨家烤肉 - 餐饮美食,1601,2.0.0,0,2026-02-04 15:49:34,PARSED,3,2026-02-04 15:49:36,3,2026-02-04 15:49:36,0,三餐
311,2,3,ALIPAY,PLATFORM_ORDER,009ffa02cdbd2a3ac5af75bd55cf6423,"{""amount"": ""1.00"", ""remark"": """", ""tradeTime"": ""2025-11-07 21:32:40"", ""tradeStatus"": ""交易成功"", ""counterparty"": ""上海公共交通卡股份有限公司"", ""tradeOrderNo"": ""2025110722001445901413631038\t"", ""paymentMethod"": ""宁波银行信用卡(4573)"", ""tradeCategory"": ""交通出行"", ""incomeOrExpense"": ""支出"", ""merchantOrderNo"": ""25110721324010400155\t"", ""productDescription"": ""上海公交-803路-2025-11-07 19:32:37"", ""counterpartyAccount"": ""jtk***@sptcc.com""}",2025110722001445901413631038	,2025-11-07 21:32:40,1.00,OUT,上海公共交通卡股份有限公司,4573,上海公交-803路-2025-11-07 19:32:37 - 交通出行,203,2.0.0,0,2026-02-04 15:49:34,PARSED,3,2026-02-04 15:49:36,3,2026-02-04 15:49:36,0,交通补贴
314,2,3,ALIPAY,PLATFORM_ORDER,ccc52978e856522afe3bed5f8ff64282,"{""amount"": ""2.00"", ""remark"": """", ""tradeTime"": ""2025-11-07 09:50:07"", ""tradeStatus"": ""交易成功"", ""counterparty"": ""上海公共交通卡股份有限公司"", ""tradeOrderNo"": ""2025110722001445901407978431\t"", ""paymentMethod"": ""宁波银行信用卡(4573)"", ""tradeCategory"": ""交通出行"", ""incomeOrExpense"": ""支出"", ""merchantOrderNo"": ""25110709500710500040\t"", ""productDescription"": ""上海公交-803路-2025-11-07 07:50:04"", ""counterpartyAccount"": ""jtk***@sptcc.com""}",2025110722001445901407978431	,2025-11-07 09:50:07,2.00,OUT,上海公共交通卡股份有限公司,4573,上海公交-803路-2025-11-07 07:50:04 - 交通出行,203,2.0.0,0,2026-02-04 15:49:34,PARSED,3,2026-02-04 15:49:36,3,2026-02-04 15:49:36,0,交通补贴
101,2,3,ALIPAY,PLATFORM_ORDER,7e9b4a7506e727372b1cc78b8c3fcfe7,"{""amount"": ""121.82"", ""remark"": """", ""tradeTime"": ""2025-12-23 15:08:00"", ""tradeStatus"": ""交易成功"", ""counterparty"": ""国网上海市电力公司(缴费)"", ""tradeOrderNo"": ""2025122300003001900069683722\t"", ""paymentMethod"": ""花呗&花呗立减"", ""tradeCategory"": ""充值缴费"", ""incomeOrExpense"": ""支出"", ""merchantOrderNo"": ""3100000335058\t"", ""productDescription"": ""11月-电费-***"", ""counterpartyAccount"": ""/""}",2025122300003001900069683722	,2025-12-23 15:08:00,121.82,OUT,国网上海市电力公司(缴费),花呗&花呗立减,11月-电费-*** - 充值缴费,2204,2.0.0,0,2026-02-04 15:49:33,PARSED,3,2026-02-04 15:49:35,3,2026-02-04 15:49:35,0,电费
313,2,3,ALIPAY,PLATFORM_ORDER,127f8ee49817d8388dd663c5cf12e60f,"{""amount"": ""1.76"", ""remark"": """", ""tradeTime"": ""2025-11-07 10:54:11"", ""tradeStatus"": ""交易成功"", ""counterparty"": ""上海公共交通卡股份有限公司"", ""tradeOrderNo"": ""2025110722001445901406357857\t"", ""paymentMethod"": ""宁波银行信用卡(4573)&宁波银行立减金"", ""tradeCategory"": ""交通出行"", ""incomeOrExpense"": ""支出"", ""merchantOrderNo"": ""25110710541110400510\t"", ""productDescription"": ""上海地铁-七宝-2025-11-07 08:43:26-漕河泾开发区-2025-11-07 08:54:08"", ""counterpartyAccount"": ""zfb***@sptcc.com""}",2025110722001445901406357857	,2025-11-07 10:54:11,1.76,OUT,上海公共交通卡股份有限公司,4573,上海地铁-七宝-2025-11-07 08:43:26-漕河泾开发区-2025-11-07 08:54:08 - 交通出行,203,2.0.0,0,2026-02-04 15:49:34,PARSED,3,2026-02-04 15:49:36,3,2026-02-04 15:49:36,0,交通补贴
301,2,3,ALIPAY,PLATFORM_ORDER,306c10bf9bddb94219e33e73c5364b52,"{""amount"": ""30.79"", ""remark"": """", ""tradeTime"": ""2025-11-11 08:46:11"", ""tradeStatus"": ""交易成功"", ""counterparty"": ""滴滴出行"", ""tradeOrderNo"": ""2025111122001445901431380406\t"", ""paymentMethod"": ""宁波银行信用卡(4573)&宁波银行立减金"", ""tradeCategory"": ""交通出行"", ""incomeOrExpense"": ""支出"", ""merchantOrderNo"": ""212_202511118482345901695562\t"", ""productDescription"": ""特惠快车打车-林师傅-11月11日行程"", ""counterpartyAccount"": ""chu***@didichuxing.com""}",2025111122001445901431380406	,2025-11-11 08:46:11,30.79,OUT,滴滴出行,4573,特惠快车打车-林师傅-11月11日行程 - 交通出行,1703,2.0.0,0,2026-02-04 15:49:33,PARSED,3,2026-02-04 15:49:36,3,2026-02-04 15:49:36,0,网约车
322,2,3,ALIPAY,PLATFORM_ORDER,2d3b44db7391f46be1a8fbdaea442f3a,"{""amount"": ""15.00"", ""remark"": """", ""tradeTime"": ""2025-11-05 22:15:38"", ""tradeStatus"": ""交易成功"", ""counterparty"": ""福鼎肉片"", ""tradeOrderNo"": ""2025110522001445901400755203\t"", ""paymentMethod"": ""花呗"", ""tradeCategory"": ""文化休闲"", ""incomeOrExpense"": ""支出"", ""merchantOrderNo"": ""17623521380712598445904\t"", ""productDescription"": ""收钱码收款"", ""counterpartyAccount"": ""595***@qq.com""}",2025110522001445901400755203	,2025-11-05 22:15:38,15.00,OUT,福鼎肉片,花呗,收钱码收款 - 文化休闲,3704,2.0.0,0,2026-02-04 15:49:34,PARSED,3,2026-02-04 15:49:36,3,2026-02-04 15:49:36,0,转账入账
139,2,3,ALIPAY,PLATFORM_ORDER,b92270108e2e3da94b1f653e5b397810,"{""amount"": ""1.00"", ""remark"": """", ""tradeTime"": ""2025-12-15 23:45:56"", ""tradeStatus"": ""交易成功"", ""counterparty"": ""上海公共交通卡股份有限公司"", ""tradeOrderNo"": ""2025121522001445901410155268\t"", ""paymentMethod"": ""宁波银行信用卡(4573)"", ""tradeCategory"": ""交通出行"", ""incomeOrExpense"": ""支出"", ""merchantOrderNo"": ""25121523455610400072\t"", ""productDescription"": ""上海公交-803路-2025-12-15 21:45:53"", ""counterpartyAccount"": ""jtk***@sptcc.com""}",2025121522001445901410155268	,2025-12-15 23:45:56,1.00,OUT,上海公共交通卡股份有限公司,4573,上海公交-803路-2025-12-15 21:45:53 - 交通出行,203,2.0.0,0,2026-02-04 15:49:33,PARSED,3,2026-02-04 15:49:35,3,2026-02-04 15:49:35,0,交通补贴
309,2,3,ALIPAY,PLATFORM_ORDER,05d159b999aa1d19937112410ed2e982,"{""amount"": ""45.89"", ""remark"": """", ""tradeTime"": ""2025-11-09 09:05:53"", ""tradeStatus"": ""交易成功"", ""counterparty"": ""淘宝闪购"", ""tradeOrderNo"": ""2025110922001145901420967752\t"", ""paymentMethod"": ""宁波银行信用卡(4573)&宁波银行立减金"", ""tradeCategory"": ""其他"", ""incomeOrExpense"": ""支出"", ""merchantOrderNo"": ""13090600725110917470871796052\t"", ""productDescription"": ""大润发(华漕店)"", ""counterpartyAccount"": ""ele***@service.aliyun.com""}",2025110922001145901420967752	,2025-11-09 09:05:53,45.89,OUT,淘宝闪购,4573,大润发(华漕店) - 其他,1605,2.0.0,0,2026-02-04 15:49:34,PARSED,3,2026-02-04 15:49:36,3,2026-02-04 15:49:36,0,买菜原料
321,2,3,ALIPAY,PLATFORM_ORDER,334bebc1420f14972f86e34b278be623,"{""amount"": ""3.00"", ""remark"": """", ""tradeTime"": ""2025-11-05 23:32:13"", ""tradeStatus"": ""交易成功"", ""counterparty"": ""上海公共交通卡股份有限公司"", ""tradeOrderNo"": ""2025110522001445901400520234\t"", ""paymentMethod"": ""宁波银行信用卡(4573)"", ""tradeCategory"": ""交通出行"", ""incomeOrExpense"": ""支出"", ""merchantOrderNo"": ""25110523321310500048\t"", ""productDescription"": ""上海地铁-漕河泾开发区-2025-11-05 21:19:45-七宝-2025-11-05 21:32:10"", ""counterpartyAccount"": ""zfb***@sptcc.com""}",2025110522001445901400520234	,2025-11-05 23:32:13,3.00,OUT,上海公共交通卡股份有限公司,4573,上海地铁-漕河泾开发区-2025-11-05 21:19:45-七宝-2025-11-05 21:32:10 - 交通出行,203,2.0.0,0,2026-02-04 15:49:34,PARSED,3,2026-02-04 15:49:36,3,2026-02-04 15:49:36,0,交通补贴
100,2,3,ALIPAY,PLATFORM_ORDER,69bd0eea6daff9d06d3f5e3dd3a9709d,"{""amount"": ""11.14"", ""remark"": """", ""tradeTime"": ""2025-12-23 18:27:28"", ""tradeStatus"": ""交易成功"", ""counterparty"": ""玖集科产店"", ""tradeOrderNo"": ""2025122322001445901450971341\t"", ""paymentMethod"": ""宁波银行信用卡(4573)&碰一下立减"", ""tradeCategory"": ""餐饮美食"", ""incomeOrExpense"": ""支出"", ""merchantOrderNo"": ""05126600004836000083620251223725274477\t"", ""productDescription"": ""玖集科产大厦店-消费"", ""counterpartyAccount"": ""/""}",2025122322001445901450971341	,2025-12-23 18:27:28,11.14,OUT,玖集科产店,4573,玖集科产大厦店-消费 - 餐饮美食,16,2.0.0,0,2026-02-04 15:49:33,PARSED,3,2026-02-04 15:49:35,3,2026-02-04 15:49:35,0,餐饮美食
303,2,3,ALIPAY,PLATFORM_ORDER,5c00f698224503ce3041610361711cd7,"{""amount"": ""3.00"", ""remark"": """", ""tradeTime"": ""2025-11-10 23:32:19"", ""tradeStatus"": ""交易成功"", ""counterparty"": ""上海公共交通卡股份有限公司"", ""tradeOrderNo"": ""2025111022001445901434415572\t"", ""paymentMethod"": ""宁波银行信用卡(4573)"", ""tradeCategory"": ""交通出行"", ""incomeOrExpense"": ""支出"", ""merchantOrderNo"": ""25111023321910400024\t"", ""productDescription"": ""上海地铁-漕河泾开发区-2025-11-10 21:17:08-七宝-2025-11-10 21:32:16"", ""counterpartyAccount"": ""zfb***@sptcc.com""}",2025111022001445901434415572	,2025-11-10 23:32:19,3.00,OUT,上海公共交通卡股份有限公司,4573,上海地铁-漕河泾开发区-2025-11-10 21:17:08-七宝-2025-11-10 21:32:16 - 交通出行,203,2.0.0,0,2026-02-04 15:49:33,PARSED,3,2026-02-04 15:49:36,3,2026-02-04 15:49:36,0,交通补贴
73,2,3,ALIPAY,PLATFORM_ORDER,db874491c45125fa7ef1ba684b65f281,"{""amount"": ""2.00"", ""remark"": """", ""tradeTime"": ""2025-12-28 11:23:22"", ""tradeStatus"": ""交易成功"", ""counterparty"": ""上海公共交通卡股份有限公司"", ""tradeOrderNo"": ""2025122822001445901420936546\t"", ""paymentMethod"": ""宁波银行信用卡(4573)"", ""tradeCategory"": ""交通出行"", ""incomeOrExpense"": ""支出"", ""merchantOrderNo"": ""25122811232210500054\t"", ""productDescription"": ""上海地铁-七宝-2025-12-28 09:12:53-漕河泾开发区-2025-12-28 09:23:19"", ""counterpartyAccount"": ""zfb***@sptcc.com""}",2025122822001445901420936546	,2025-12-28 11:23:22,2.00,OUT,上海公共交通卡股份有限公司,4573,上海地铁-七宝-2025-12-28 09:12:53-漕河泾开发区-2025-12-28 09:23:19 - 交通出行,203,2.0.0,0,2026-02-04 15:49:33,PARSED,3,2026-02-04 15:49:35,3,2026-02-04 15:49:35,0,交通补贴
295,2,3,ALIPAY,PLATFORM_ORDER,ebf44b6e266f2b814d0a8b626a228fd3,"{""amount"": ""1.76"", ""remark"": """", ""tradeTime"": ""2025-11-12 10:53:19"", ""tradeStatus"": ""交易成功"", ""counterparty"": ""上海公共交通卡股份有限公司"", ""tradeOrderNo"": ""2025111222001445901440252826\t"", ""paymentMethod"": ""宁波银行信用卡(4573)&宁波银行立减金"", ""tradeCategory"": ""交通出行"", ""incomeOrExpense"": ""支出"", ""merchantOrderNo"": ""25111210531810500920\t"", ""productDescription"": ""上海地铁-七宝-2025-11-12 08:43:03-漕河泾开发区-2025-11-12 08:53:15"", ""counterpartyAccount"": ""zfb***@sptcc.com""}",2025111222001445901440252826	,2025-11-12 10:53:19,1.76,OUT,上海公共交通卡股份有限公司,4573,上海地铁-七宝-2025-11-12 08:43:03-漕河泾开发区-2025-11-12 08:53:15 - 交通出行,203,2.0.0,0,2026-02-04 15:49:33,PARSED,3,2026-02-04 15:49:36,3,2026-02-04 15:49:36,0,交通补贴
104,2,3,ALIPAY,PLATFORM_ORDER,9c0463a8832671fe72fc7f6bf4d8b7ab,"{""amount"": ""2.00"", ""remark"": """", ""tradeTime"": ""2025-12-23 10:12:40"", ""tradeStatus"": ""交易成功"", ""counterparty"": ""上海公共交通卡股份有限公司"", ""tradeOrderNo"": ""2025122322001445901451329756\t"", ""paymentMethod"": ""宁波银行信用卡(4573)"", ""tradeCategory"": ""交通出行"", ""incomeOrExpense"": ""支出"", ""merchantOrderNo"": ""25122310124010500126\t"", ""productDescription"": ""上海公交-803路-2025-12-23 08:12:37"", ""counterpartyAccount"": ""jtk***@sptcc.com""}",2025122322001445901451329756	,2025-12-23 10:12:40,2.00,OUT,上海公共交通卡股份有限公司,4573,上海公交-803路-2025-12-23 08:12:37 - 交通出行,203,2.0.0,0,2026-02-04 15:49:33,PARSED,3,2026-02-04 15:49:35,3,2026-02-04 15:49:35,0,交通补贴
69,2,3,ALIPAY,PLATFORM_ORDER,bf56258c73f4ad08865127976d71667f,"{""amount"": ""2.00"", ""remark"": """", ""tradeTime"": ""2025-12-29 08:42:18"", ""tradeStatus"": ""交易成功"", ""counterparty"": ""沪松公路五店"", ""tradeOrderNo"": ""2025122922001445901423870858\t"", ""paymentMethod"": ""宁波银行信用卡(4573)&现金抵价券"", ""tradeCategory"": ""日用百货"", ""incomeOrExpense"": ""支出"", ""merchantOrderNo"": ""SXA1O3658570826\t"", ""productDescription"": ""上海全家便利店"", ""counterpartyAccount"": ""180***@qq.com""}",2025122922001445901423870858	,2025-12-29 08:42:18,2.00,OUT,沪松公路五店,4573,上海全家便利店 - 日用百货,1802,2.0.0,0,2026-02-04 15:49:33,PARSED,3,2026-02-04 15:49:35,3,2026-02-04 15:49:35,0,便利店
74,2,3,ALIPAY,PLATFORM_ORDER,db5d3f767cbbce3d769b54227c909e4d,"{""amount"": ""2.00"", ""remark"": """", ""tradeTime"": ""2025-12-28 10:39:18"", ""tradeStatus"": ""交易成功"", ""counterparty"": ""上海公共交通卡股份有限公司"", ""tradeOrderNo"": ""2025122822001445901423342837\t"", ""paymentMethod"": ""宁波银行信用卡(4573)"", ""tradeCategory"": ""交通出行"", ""incomeOrExpense"": ""支出"", ""merchantOrderNo"": ""25122810391810400126\t"", ""productDescription"": ""上海公交-803路-2025-12-28 08:39:15"", ""counterpartyAccount"": ""jtk***@sptcc.com""}",2025122822001445901423342837	,2025-12-28 10:39:18,2.00,OUT,上海公共交通卡股份有限公司,4573,上海公交-803路-2025-12-28 08:39:15 - 交通出行,203,2.0.0,0,2026-02-04 15:49:33,PARSED,3,2026-02-04 15:49:35,3,2026-02-04 15:49:35,0,交通补贴
105,2,3,ALIPAY,PLATFORM_ORDER,d31ca1e08ca9fc4e188277553bdf5006,"{""amount"": ""1.00"", ""remark"": """", ""tradeTime"": ""2025-12-22 23:23:36"", ""tradeStatus"": ""交易成功"", ""counterparty"": ""上海公共交通卡股份有限公司"", ""tradeOrderNo"": ""2025122222001445901452814448\t"", ""paymentMethod"": ""宁波银行信用卡(4573)"", ""tradeCategory"": ""交通出行"", ""incomeOrExpense"": ""支出"", ""merchantOrderNo"": ""25122223233610500027\t"", ""productDescription"": ""上海公交-803路-2025-12-22 21:23:33"", ""counterpartyAccount"": ""jtk***@sptcc.com""}",2025122222001445901452814448	,2025-12-22 23:23:36,1.00,OUT,上海公共交通卡股份有限公司,4573,上海公交-803路-2025-12-22 21:23:33 - 交通出行,203,2.0.0,0,2026-02-04 15:49:33,PARSED,3,2026-02-04 15:49:35,3,2026-02-04 15:49:35,0,交通补贴
181,2,3,ALIPAY,PLATFORM_ORDER,ff31641c75749058b784a15a5040d67e,"{""amount"": ""4.40"", ""remark"": """", ""tradeTime"": ""2025-12-08 00:20:05"", ""tradeStatus"": ""交易成功"", ""counterparty"": ""上海公共交通卡股份有限公司"", ""tradeOrderNo"": ""2025120822001445901427865726\t"", ""paymentMethod"": ""宁波银行信用卡(4573)&宁波银行立减金"", ""tradeCategory"": ""交通出行"", ""incomeOrExpense"": ""支出"", ""merchantOrderNo"": ""25120800200510500005\t"", ""productDescription"": ""上海地铁-虹口足球场-2025-12-07 21:20:24-国家会展中心-2025-12-07 22:20:02"", ""counterpartyAccount"": ""zfb***@sptcc.com""}",2025120822001445901427865726	,2025-12-08 00:20:05,4.40,OUT,上海公共交通卡股份有限公司,4573,上海地铁-虹口足球场-2025-12-07 21:20:24-国家会展中心-2025-12-07 22:20:02 - 交通出行,203,2.0.0,0,2026-02-04 15:49:33,PARSED,3,2026-02-04 15:49:35,3,2026-02-04 15:49:35,0,交通补贴
147,2,3,ALIPAY,PLATFORM_ORDER,ed74245ac1faf2798724bd44902bfcba,"{""amount"": ""4.40"", ""remark"": """", ""tradeTime"": ""2025-12-14 16:10:26"", ""tradeStatus"": ""交易成功"", ""counterparty"": ""上海公共交通卡股份有限公司"", ""tradeOrderNo"": ""2025121422001445901405123099\t"", ""paymentMethod"": ""宁波银行信用卡(4573)&宁波银行立减金"", ""tradeCategory"": ""交通出行"", ""incomeOrExpense"": ""支出"", ""merchantOrderNo"": ""25121416102610400162\t"", ""productDescription"": ""上海地铁-虹口足球场-2025-12-14 13:09:52-国家会展中心-2025-12-14 14:10:23"", ""counterpartyAccount"": ""zfb***@sptcc.com""}",2025121422001445901405123099	,2025-12-14 16:10:26,4.40,OUT,上海公共交通卡股份有限公司,4573,上海地铁-虹口足球场-2025-12-14 13:09:52-国家会展中心-2025-12-14 14:10:23 - 交通出行,203,2.0.0,0,2026-02-04 15:49:33,PARSED,3,2026-02-04 15:49:35,3,2026-02-04 15:49:35,0,交通补贴
183,2,3,ALIPAY,PLATFORM_ORDER,e5d56dddb2af2102e11523bb3e400b61,"{""amount"": ""138.18"", ""remark"": """", ""tradeTime"": ""2025-12-07 13:32:27"", ""tradeStatus"": ""交易成功"", ""counterparty"": ""哈啰出行"", ""tradeOrderNo"": ""2025120723001445901425357978\t"", ""paymentMethod"": ""宁波银行信用卡(4573)&宁波银行立减金"", ""tradeCategory"": ""交通出行"", ""incomeOrExpense"": ""支出"", ""merchantOrderNo"": ""CPR251207133226413224519172T\t"", ""productDescription"": ""哈啰出行先乘后付"", ""counterpartyAccount"": ""zij***@hellobike.com""}",2025120723001445901425357978	,2025-12-07 13:32:27,138.18,OUT,哈啰出行,4573,哈啰出行先乘后付 - 交通出行,1707,2.0.0,0,2026-02-04 15:49:33,PARSED,3,2026-02-04 15:49:35,3,2026-02-04 15:49:35,0,共享单车
85,2,3,ALIPAY,PLATFORM_ORDER,94a3dffa54cc5937842cd0c1a8cfd7a2,"{""amount"": ""2.00"", ""remark"": """", ""tradeTime"": ""2025-12-26 10:52:34"", ""tradeStatus"": ""交易成功"", ""counterparty"": ""上海公共交通卡股份有限公司"", ""tradeOrderNo"": ""2025122622001445901411632720\t"", ""paymentMethod"": ""宁波银行信用卡(4573)"", ""tradeCategory"": ""交通出行"", ""incomeOrExpense"": ""支出"", ""merchantOrderNo"": ""25122610523310400333\t"", ""productDescription"": ""上海地铁-七宝-2025-12-26 08:41:39-漕河泾开发区-2025-12-26 08:52:30"", ""counterpartyAccount"": ""zfb***@sptcc.com""}",2025122622001445901411632720	,2025-12-26 10:52:34,2.00,OUT,上海公共交通卡股份有限公司,4573,上海地铁-七宝-2025-12-26 08:41:39-漕河泾开发区-2025-12-26 08:52:30 - 交通出行,203,2.0.0,0,2026-02-04 15:49:33,PARSED,3,2026-02-04 15:49:35,3,2026-02-04 15:49:35,0,交通补贴
185,2,3,ALIPAY,PLATFORM_ORDER,33b3c4466afe4a272d0095528d7f1117,"{""amount"": ""45.20"", ""remark"": """", ""tradeTime"": ""2025-12-07 07:30:28"", ""tradeStatus"": ""交易成功"", ""counterparty"": ""哈啰出行"", ""tradeOrderNo"": ""2025120722001445901419390383\t"", ""paymentMethod"": ""宁波银行信用卡(4573)&宁波银行立减金"", ""tradeCategory"": ""交通出行"", ""incomeOrExpense"": ""支出"", ""merchantOrderNo"": ""CPR251207073026528224519172U\t"", ""productDescription"": ""哈啰出行先乘后付"", ""counterpartyAccount"": ""zij***@hellobike.com""}",2025120722001445901419390383	,2025-12-07 07:30:28,45.20,OUT,哈啰出行,4573,哈啰出行先乘后付 - 交通出行,1707,2.0.0,0,2026-02-04 15:49:33,PARSED,3,2026-02-04 15:49:35,3,2026-02-04 15:49:35,0,共享单车
149,2,3,ALIPAY,PLATFORM_ORDER,b7ca52a905923d1d29ba17b2c67703cd,"{""amount"": ""31.30"", ""remark"": """", ""tradeTime"": ""2025-12-14 09:08:01"", ""tradeStatus"": ""交易成功"", ""counterparty"": ""哈啰出行"", ""tradeOrderNo"": ""2025121422001445901400431612\t"", ""paymentMethod"": ""宁波银行信用卡(4573)&宁波银行立减金"", ""tradeCategory"": ""交通出行"", ""incomeOrExpense"": ""支出"", ""merchantOrderNo"": ""CPR251214090759952224519172L\t"", ""productDescription"": ""哈啰出行先乘后付"", ""counterpartyAccount"": ""zij***@hellobike.com""}",2025121422001445901400431612	,2025-12-14 09:08:01,31.30,OUT,哈啰出行,4573,哈啰出行先乘后付 - 交通出行,1707,2.0.0,0,2026-02-04 15:49:33,PARSED,3,2026-02-04 15:49:35,3,2026-02-04 15:49:35,0,共享单车
187,2,3,ALIPAY,PLATFORM_ORDER,3f26f4fbb8a04ab08a3eef0c94763b66,"{""amount"": ""0.38"", ""remark"": """", ""tradeTime"": ""2025-12-07 06:23:31"", ""tradeStatus"": ""交易关闭"", ""counterparty"": ""tb**7"", ""tradeOrderNo"": ""2025120722001145901422001672\t"", ""paymentMethod"": ""宁波银行信用卡(4573)"", ""tradeCategory"": ""生活服务"", ""incomeOrExpense"": ""支出"", ""merchantOrderNo"": ""T200P4928212405085343545\t"", ""productDescription"": ""滴滴出行优惠券滴滴快车出行代金券全国通用打车优惠券抵扣券秒发"", ""counterpartyAccount"": ""1-989*****50""}",2025120722001145901422001672	,2025-12-07 06:23:31,0.38,OUT,tb**7,4573,滴滴出行优惠券滴滴快车出行代金券全国通用打车优惠券抵扣券秒发 - 生活服务,1703,2.0.0,0,2026-02-04 15:49:33,PARSED,3,2026-02-04 15:49:35,3,2026-02-04 15:49:35,0,网约车
107,2,3,ALIPAY,PLATFORM_ORDER,6a69406d9d0cbdbc3a3d5d5ec84cac81,"{""amount"": ""54.57"", ""remark"": """", ""tradeTime"": ""2025-12-22 22:09:25"", ""tradeStatus"": ""交易关闭"", ""counterparty"": ""be**店"", ""tradeOrderNo"": ""2025122222001145901450261906\t"", ""paymentMethod"": ""宁波银行信用卡(4573)"", ""tradeCategory"": ""美容美发"", ""incomeOrExpense"": ""支出"", ""merchantOrderNo"": ""T200P4962552049107343545\t"", ""productDescription"": ""【优惠价】Befe不凡茶树控油蓬松洗发水滋养强韧防断头发男女洗头膏洗发露 等多件"", ""counterpartyAccount"": ""suq***@dayukeji.com""}",2025122222001145901450261906	,2025-12-22 22:09:25,54.57,OUT,be**店,4573,【优惠价】Befe不凡茶树控油蓬松洗发水滋养强韧防断头发男女洗头膏洗发露 等多件 - 美容美发,1811,2.0.0,0,2026-02-04 15:49:33,PARSED,3,2026-02-04 15:49:35,3,2026-02-04 15:49:35,0,日用品
189,2,3,ALIPAY,PLATFORM_ORDER,c91bc2c42c0162dadf3311c88d73b114,"{""amount"": ""53.80"", ""remark"": """", ""tradeTime"": ""2025-12-06 13:57:49"", ""tradeStatus"": ""交易成功"", ""counterparty"": ""滴滴出行"", ""tradeOrderNo"": ""2025120622001445901419595084\t"", ""paymentMethod"": ""宁波银行信用卡(4573)&宁波银行立减金"", ""tradeCategory"": ""交通出行"", ""incomeOrExpense"": ""支出"", ""merchantOrderNo"": ""210_202512068502630801155495\t"", ""productDescription"": ""滴滴快车打车-甘师傅-12月06日行程"", ""counterpartyAccount"": ""chu***@didichuxing.com""}",2025120622001445901419595084	,2025-12-06 13:57:49,53.80,OUT,滴滴出行,4573,滴滴快车打车-甘师傅-12月06日行程 - 交通出行,1703,2.0.0,0,2026-02-04 15:49:33,PARSED,3,2026-02-04 15:49:35,3,2026-02-04 15:49:35,0,网约车
151,2,3,ALIPAY,PLATFORM_ORDER,9d0e5510bfb54d4aa2eabcff308a08bf,"{""amount"": ""3.00"", ""remark"": """", ""tradeTime"": ""2025-12-12 21:00:56"", ""tradeStatus"": ""交易成功"", ""counterparty"": ""上海公共交通卡股份有限公司"", ""tradeOrderNo"": ""2025121222001445901452037743\t"", ""paymentMethod"": ""宁波银行信用卡(4573)"", ""tradeCategory"": ""交通出行"", ""incomeOrExpense"": ""支出"", ""merchantOrderNo"": ""25121221005610500208\t"", ""productDescription"": ""上海地铁-漕河泾开发区-2025-12-12 18:47:21-七宝-2025-12-12 19:00:53"", ""counterpartyAccount"": ""zfb***@sptcc.com""}",2025121222001445901452037743	,2025-12-12 21:00:56,3.00,OUT,上海公共交通卡股份有限公司,4573,上海地铁-漕河泾开发区-2025-12-12 18:47:21-七宝-2025-12-12 19:00:53 - 交通出行,203,2.0.0,0,2026-02-04 15:49:33,PARSED,3,2026-02-04 15:49:35,3,2026-02-04 15:49:35,0,交通补贴
191,2,3,ALIPAY,PLATFORM_ORDER,2efc90a99adf8085cc58bf4dc5354248,"{""amount"": ""6.00"", ""remark"": """", ""tradeTime"": ""2025-12-03 20:41:50"", ""tradeStatus"": ""交易成功"", ""counterparty"": ""上海公共交通卡股份有限公司"", ""tradeOrderNo"": ""2025120322001445901403989069\t"", ""paymentMethod"": ""宁波银行信用卡(4573)"", ""tradeCategory"": ""交通出行"", ""incomeOrExpense"": ""支出"", ""merchantOrderNo"": ""25120320415010500152\t"", ""productDescription"": ""上海地铁-漕河泾开发区-2025-12-03 17:52:37-市域线虹桥T2航站楼-2025-12-03 18:41:47"", ""counterpartyAccount"": ""zfb***@sptcc.com""}",2025120322001445901403989069	,2025-12-03 20:41:50,6.00,OUT,上海公共交通卡股份有限公司,4573,上海地铁-漕河泾开发区-2025-12-03 17:52:37-市域线虹桥T2航站楼-2025-12-03 18:41:47 - 交通出行,203,2.0.0,0,2026-02-04 15:49:33,PARSED,3,2026-02-04 15:49:35,3,2026-02-04 15:49:35,0,交通补贴
75,2,3,ALIPAY,PLATFORM_ORDER,410b4c07c0385f959e19cb901376f116,"{""amount"": ""21.38"", ""remark"": """", ""tradeTime"": ""2025-12-28 10:01:47"", ""tradeStatus"": ""交易成功"", ""counterparty"": ""淘宝闪购"", ""tradeOrderNo"": ""2025122822001145901422947415\t"", ""paymentMethod"": ""宁波银行信用卡(4573)&宁波银行立减金"", ""tradeCategory"": ""餐饮美食"", ""incomeOrExpense"": ""支出"", ""merchantOrderNo"": ""13100600725122887397692796052\t"", ""productDescription"": ""黑猫面馆(漕河泾店)外卖订单"", ""counterpartyAccount"": ""e50***@alibaba-inc.com""}",2025122822001145901422947415	,2025-12-28 10:01:47,21.38,OUT,淘宝闪购,4573,黑猫面馆(漕河泾店)外卖订单 - 餐饮美食,1803,2.0.0,0,2026-02-04 15:49:33,PARSED,3,2026-02-04 15:49:35,3,2026-02-04 15:49:35,0,网购
193,2,3,ALIPAY,PLATFORM_ORDER,4e986492301580ef50800b9d1d4e5a5d,"{""amount"": ""1.76"", ""remark"": """", ""tradeTime"": ""2025-12-03 10:54:04"", ""tradeStatus"": ""交易成功"", ""counterparty"": ""上海公共交通卡股份有限公司"", ""tradeOrderNo"": ""2025120322001445901459651970\t"", ""paymentMethod"": ""宁波银行信用卡(4573)&宁波银行立减金"", ""tradeCategory"": ""交通出行"", ""incomeOrExpense"": ""支出"", ""merchantOrderNo"": ""25120310540310500086\t"", ""productDescription"": ""上海地铁-七宝-2025-12-03 08:42:59-漕河泾开发区-2025-12-03 08:54:00"", ""counterpartyAccount"": ""zfb***@sptcc.com""}",2025120322001445901459651970	,2025-12-03 10:54:04,1.76,OUT,上海公共交通卡股份有限公司,4573,上海地铁-七宝-2025-12-03 08:42:59-漕河泾开发区-2025-12-03 08:54:00 - 交通出行,203,2.0.0,0,2026-02-04 15:49:33,PARSED,3,2026-02-04 15:49:35,3,2026-02-04 15:49:35,0,交通补贴
153,2,3,ALIPAY,PLATFORM_ORDER,0055934c2bb3c3b0acdf3e797aa5f3b2,"{""amount"": ""219.58"", ""remark"": """", ""tradeTime"": ""2025-12-12 18:34:49"", ""tradeStatus"": ""交易关闭"", ""counterparty"": ""tb**3"", ""tradeOrderNo"": ""2025121222001145901454536034\t"", ""paymentMethod"": ""宁波银行信用卡(4573)&优惠"", ""tradeCategory"": ""数码电器"", ""incomeOrExpense"": ""支出"", ""merchantOrderNo"": ""T200P4940424433135343545\t"", ""productDescription"": ""华强北Max二代头戴式蓝牙耳机政府补贴犀狼2025新款主动降噪运动"", ""counterpartyAccount"": ""hui***@126.com""}",2025121222001145901454536034	,2025-12-12 18:34:49,219.58,OUT,tb**3,4573,华强北Max二代头戴式蓝牙耳机政府补贴犀狼2025新款主动降噪运动 - 数码电器,1807,2.0.0,0,2026-02-04 15:49:33,PARSED,3,2026-02-04 15:49:35,3,2026-02-04 15:49:35,0,数码产品
195,2,3,ALIPAY,PLATFORM_ORDER,20a33ee8419d802265eaa9299680be1f,"{""amount"": ""2.80"", ""remark"": """", ""tradeTime"": ""2025-12-03 08:37:51"", ""tradeStatus"": ""交易成功"", ""counterparty"": ""沪松公路五店"", ""tradeOrderNo"": ""2025120322001445901401758177\t"", ""paymentMethod"": ""宁波银行信用卡(4573)"", ""tradeCategory"": ""日用百货"", ""incomeOrExpense"": ""支出"", ""merchantOrderNo"": ""SXA1O2123282526\t"", ""productDescription"": ""上海全家便利店"", ""counterpartyAccount"": ""180***@qq.com""}",2025120322001445901401758177	,2025-12-03 08:37:51,2.80,OUT,沪松公路五店,4573,上海全家便利店 - 日用百货,1802,2.0.0,0,2026-02-04 15:49:33,PARSED,3,2026-02-04 15:49:35,3,2026-02-04 15:49:35,0,便利店
109,2,3,ALIPAY,PLATFORM_ORDER,34920fcfc21ae1d657428e45f8e72292,"{""amount"": ""7.74"", ""remark"": """", ""tradeTime"": ""2025-12-22 22:09:25"", ""tradeStatus"": ""交易关闭"", ""counterparty"": ""ho**店"", ""tradeOrderNo"": ""2025122222001145901455327083\t"", ""paymentMethod"": ""宁波银行信用卡(4573)"", ""tradeCategory"": ""运动户外"", ""incomeOrExpense"": ""支出"", ""merchantOrderNo"": ""T200P4962552049112343545\t"", ""productDescription"": ""【优惠价】木炭烧烤碳无烟家用果木炭碳烤炉速燃煤炭竹炭专用碳室内机制炭块"", ""counterpartyAccount"": ""ljq***@163.com""}",2025122222001145901455327083	,2025-12-22 22:09:25,7.74,OUT,ho**店,4573,【优惠价】木炭烧烤碳无烟家用果木炭碳烤炉速燃煤炭竹炭专用碳室内机制炭块 - 运动户外,1601,2.0.0,0,2026-02-04 15:49:33,PARSED,3,2026-02-04 15:49:35,3,2026-02-04 15:49:35,0,三餐
197,2,3,ALIPAY,PLATFORM_ORDER,44e0768be176e5ccc7886b6fea848386,"{""amount"": ""10.53"", ""remark"": """", ""tradeTime"": ""2025-12-02 23:34:17"", ""tradeStatus"": ""交易成功"", ""counterparty"": ""火药**店"", ""tradeOrderNo"": ""2025120222001145901458634390\t"", ""paymentMethod"": ""宁波银行信用卡(4573)&宁波银行立减金"", ""tradeCategory"": ""餐饮美食"", ""incomeOrExpense"": ""支出"", ""merchantOrderNo"": ""T200P4919666006343343545\t"", ""productDescription"": ""火药脾气超辣辣条20g*10网红魔辣爆辣辣条小包装解馋零食平江特产"", ""counterpartyAccount"": ""hyp***@syjin.com.cn""}",2025120222001145901458634390	,2025-12-02 23:34:17,10.53,OUT,火药**店,4573,火药脾气超辣辣条20g*10网红魔辣爆辣辣条小包装解馋零食平江特产 - 餐饮美食,1604,2.0.0,0,2026-02-04 15:49:33,PARSED,3,2026-02-04 15:49:35,3,2026-02-04 15:49:35,0,零食
155,2,3,ALIPAY,PLATFORM_ORDER,d0c31a517c3bb6fba8c3618a290f8491,"{""amount"": ""269.95"", ""remark"": """", ""tradeTime"": ""2025-12-12 18:34:49"", ""tradeStatus"": ""交易关闭"", ""counterparty"": ""苏泊**店"", ""tradeOrderNo"": ""2025121222001145901454960901\t"", ""paymentMethod"": ""宁波银行信用卡(4573)&优惠"", ""tradeCategory"": ""美容美发"", ""incomeOrExpense"": ""支出"", ""merchantOrderNo"": ""T200P4940424433133343545\t"", ""productDescription"": ""【优惠价】苏泊尔泡脚桶加热恒温足浴盆电动按摩洗脚盆全自动家用高深足疗机"", ""counterpartyAccount"": ""shi***@163.com""}",2025121222001145901454960901	,2025-12-12 18:34:49,269.95,OUT,苏泊**店,4573,【优惠价】苏泊尔泡脚桶加热恒温足浴盆电动按摩洗脚盆全自动家用高深足疗机 - 美容美发,1908,2.0.0,0,2026-02-04 15:49:33,PARSED,3,2026-02-04 15:49:35,3,2026-02-04 15:49:35,0,康复
199,2,3,ALIPAY,PLATFORM_ORDER,29b67cccb55007207d8d49450cced7da,"{""amount"": ""18.37"", ""remark"": """", ""tradeTime"": ""2025-12-02 18:24:33"", ""tradeStatus"": ""交易成功"", ""counterparty"": ""玖集科产店"", ""tradeOrderNo"": ""2025120222001445901452879011\t"", ""paymentMethod"": ""宁波银行信用卡(4573)"", ""tradeCategory"": ""餐饮美食"", ""incomeOrExpense"": ""支出"", ""merchantOrderNo"": ""73126600004836000083620251202333887992\t"", ""productDescription"": ""玖集科产大厦店-消费"", ""counterpartyAccount"": ""/""}",2025120222001445901452879011	,2025-12-02 18:24:33,18.37,OUT,玖集科产店,4573,玖集科产大厦店-消费 - 餐饮美食,16,2.0.0,0,2026-02-04 15:49:33,PARSED,3,2026-02-04 15:49:35,3,2026-02-04 15:49:35,0,餐饮美食
87,2,3,ALIPAY,PLATFORM_ORDER,39d41e7306a85e5bfc2f0e342e4612cd,"{""amount"": ""3.80"", ""remark"": """", ""tradeTime"": ""2025-12-26 08:36:06"", ""tradeStatus"": ""交易成功"", ""counterparty"": ""沪松公路五店"", ""tradeOrderNo"": ""2025122622001445901407173073\t"", ""paymentMethod"": ""宁波银行信用卡(4573)"", ""tradeCategory"": ""日用百货"", ""incomeOrExpense"": ""支出"", ""merchantOrderNo"": ""SXA1O3483238926\t"", ""productDescription"": ""上海全家便利店"", ""counterpartyAccount"": ""180***@qq.com""}",2025122622001445901407173073	,2025-12-26 08:36:06,3.80,OUT,沪松公路五店,4573,上海全家便利店 - 日用百货,1802,2.0.0,0,2026-02-04 15:49:33,PARSED,3,2026-02-04 15:49:35,3,2026-02-04 15:49:35,0,便利店
201,2,3,ALIPAY,PLATFORM_ORDER,5ecc9844adee5c3182c10283ad251c61,"{""amount"": ""99.98"", ""remark"": """", ""tradeTime"": ""2025-12-02 15:40:15"", ""tradeStatus"": ""交易成功"", ""counterparty"": ""中国移动"", ""tradeOrderNo"": ""2025120222001445901453325394\t"", ""paymentMethod"": ""宁波银行信用卡(4573)&宁波银行立减金"", ""tradeCategory"": ""充值缴费"", ""incomeOrExpense"": ""支出"", ""merchantOrderNo"": ""2025120200003100009063003390\t"", ""productDescription"": ""为18616268269话费充值"", ""counterpartyAccount"": ""z97***@service.aliyun.com""}",2025120222001445901453325394	,2025-12-02 15:40:15,99.98,OUT,中国移动,4573,为18616268269话费充值 - 充值缴费,2208,2.0.0,0,2026-02-04 15:49:33,PARSED,3,2026-02-04 15:49:35,3,2026-02-04 15:49:35,0,话费
157,2,3,ALIPAY,PLATFORM_ORDER,fcd40b33fe06a9422564afa86aa86a79,"{""amount"": ""2.00"", ""remark"": """", ""tradeTime"": ""2025-12-12 10:12:41"", ""tradeStatus"": ""交易成功"", ""counterparty"": ""上海公共交通卡股份有限公司"", ""tradeOrderNo"": ""2025121222001445901452268700\t"", ""paymentMethod"": ""宁波银行信用卡(4573)"", ""tradeCategory"": ""交通出行"", ""incomeOrExpense"": ""支出"", ""merchantOrderNo"": ""25121210124110400342\t"", ""productDescription"": ""上海公交-803路-2025-12-12 08:12:38"", ""counterpartyAccount"": ""jtk***@sptcc.com""}",2025121222001445901452268700	,2025-12-12 10:12:41,2.00,OUT,上海公共交通卡股份有限公司,4573,上海公交-803路-2025-12-12 08:12:38 - 交通出行,203,2.0.0,0,2026-02-04 15:49:33,PARSED,3,2026-02-04 15:49:35,3,2026-02-04 15:49:35,0,交通补贴
203,2,3,ALIPAY,PLATFORM_ORDER,a2956307cd8118abe6388f7e12afb5c5,"{""amount"": ""23.60"", ""remark"": """", ""tradeTime"": ""2025-12-02 10:52:23"", ""tradeStatus"": ""交易成功"", ""counterparty"": ""淘宝闪购"", ""tradeOrderNo"": ""2025120222001145901452261061\t"", ""paymentMethod"": ""宁波银行信用卡(4573)&宁波银行立减金"", ""tradeCategory"": ""餐饮美食"", ""incomeOrExpense"": ""支出"", ""merchantOrderNo"": ""13100600725120292379490796052\t"", ""productDescription"": ""绝味鸭脖(吴中路店)外卖订单"", ""counterpartyAccount"": ""e50***@alibaba-inc.com""}",2025120222001145901452261061	,2025-12-02 10:52:23,23.60,OUT,淘宝闪购,4573,绝味鸭脖(吴中路店)外卖订单 - 餐饮美食,1803,2.0.0,0,2026-02-04 15:49:33,PARSED,3,2026-02-04 15:49:35,3,2026-02-04 15:49:35,0,网购
111,2,3,ALIPAY,PLATFORM_ORDER,7445283dc294ca7286e887e780ecd070,"{""amount"": ""1.00"", ""remark"": """", ""tradeTime"": ""2025-12-22 10:52:56"", ""tradeStatus"": ""交易成功"", ""counterparty"": ""上海公共交通卡股份有限公司"", ""tradeOrderNo"": ""2025122222001445901444441070\t"", ""paymentMethod"": ""宁波银行信用卡(4573)&宁波银行立减金"", ""tradeCategory"": ""交通出行"", ""incomeOrExpense"": ""支出"", ""merchantOrderNo"": ""25122210525610400553\t"", ""productDescription"": ""上海地铁-七宝-2025-12-22 08:40:54-漕河泾开发区-2025-12-22 08:52:53"", ""counterpartyAccount"": ""zfb***@sptcc.com""}",2025122222001445901444441070	,2025-12-22 10:52:56,1.00,OUT,上海公共交通卡股份有限公司,4573,上海地铁-七宝-2025-12-22 08:40:54-漕河泾开发区-2025-12-22 08:52:53 - 交通出行,203,2.0.0,0,2026-02-04 15:49:33,PARSED,3,2026-02-04 15:49:35,3,2026-02-04 15:49:35,0,交通补贴
205,2,3,ALIPAY,PLATFORM_ORDER,fe5a01331d3983e7290672229475e9f4,"{""amount"": ""2.80"", ""remark"": """", ""tradeTime"": ""2025-12-02 08:40:52"", ""tradeStatus"": ""交易成功"", ""counterparty"": ""沪松公路五店"", ""tradeOrderNo"": ""2025120222001445901452858306\t"", ""paymentMethod"": ""宁波银行信用卡(4573)"", ""tradeCategory"": ""日用百货"", ""incomeOrExpense"": ""支出"", ""merchantOrderNo"": ""SXA1O2063614026\t"", ""productDescription"": ""上海全家便利店"", ""counterpartyAccount"": ""180***@qq.com""}",2025120222001445901452858306	,2025-12-02 08:40:52,2.80,OUT,沪松公路五店,4573,上海全家便利店 - 日用百货,1802,2.0.0,0,2026-02-04 15:49:33,PARSED,3,2026-02-04 15:49:35,3,2026-02-04 15:49:35,0,便利店
159,2,3,ALIPAY,PLATFORM_ORDER,5ee8e6543f44b6a0eb209dbd8d994867,"{""amount"": ""22.00"", ""remark"": """", ""tradeTime"": ""2025-12-12 09:22:53"", ""tradeStatus"": ""交易成功"", ""counterparty"": ""杭州柏鹿信息技术有限公司"", ""tradeOrderNo"": ""20251212020070011520900086467998\t"", ""paymentMethod"": """", ""tradeCategory"": ""转账红包"", ""incomeOrExpense"": ""收入"", ""merchantOrderNo"": ""XC221108919479986508\t"", ""productDescription"": ""小蚕提现"", ""counterpartyAccount"": ""/""}",20251212020070011520900086467998	,2025-12-12 09:22:53,22.00,IN,杭州柏鹿信息技术有限公司,null,小蚕提现 - 转账红包,3203,2.0.0,0,2026-02-04 15:49:33,PARSED,3,2026-02-04 15:49:35,3,2026-02-04 15:49:35,0,储蓄卡⇄支付平台
207,2,3,ALIPAY,PLATFORM_ORDER,263c508471246ce385866b513a0e0a5e,"{""amount"": ""9.90"", ""remark"": """", ""tradeTime"": ""2025-12-01 18:17:16"", ""tradeStatus"": ""交易成功"", ""counterparty"": ""兰州纯汤牛肉面虹梅店"", ""tradeOrderNo"": ""2025120122001445901451298234\t"", ""paymentMethod"": ""宁波银行信用卡(4573)"", ""tradeCategory"": ""餐饮美食"", ""incomeOrExpense"": ""支出"", ""merchantOrderNo"": ""8212660000481800007895212135193136\t"", ""productDescription"": ""兰州纯汤牛肉面虹梅店"", ""counterpartyAccount"": ""/""}",2025120122001445901451298234	,2025-12-01 18:17:16,9.90,OUT,兰州纯汤牛肉面虹梅店,4573,兰州纯汤牛肉面虹梅店 - 餐饮美食,1601,2.0.0,0,2026-02-04 15:49:33,PARSED,3,2026-02-04 15:49:35,3,2026-02-04 15:49:35,0,三餐
97,2,3,ALIPAY,PLATFORM_ORDER,4f11c90de4108bf935d03cf0d63a5281,"{""amount"": ""2.00"", ""remark"": """", ""tradeTime"": ""2025-12-24 10:10:38"", ""tradeStatus"": ""交易成功"", ""counterparty"": ""上海公共交通卡股份有限公司"", ""tradeOrderNo"": ""2025122422001445901459857358\t"", ""paymentMethod"": ""宁波银行信用卡(4573)"", ""tradeCategory"": ""交通出行"", ""incomeOrExpense"": ""支出"", ""merchantOrderNo"": ""25122410103710500426\t"", ""productDescription"": ""上海公交-803路-2025-12-24 08:10:34"", ""counterpartyAccount"": ""jtk***@sptcc.com""}",2025122422001445901459857358	,2025-12-24 10:10:38,2.00,OUT,上海公共交通卡股份有限公司,4573,上海公交-803路-2025-12-24 08:10:34 - 交通出行,203,2.0.0,0,2026-02-04 15:49:33,PARSED,3,2026-02-04 15:49:35,3,2026-02-04 15:49:35,0,交通补贴
209,2,3,ALIPAY,PLATFORM_ORDER,6799057026ad6eeb8c3f7b091af7f86c,"{""amount"": ""2.00"", ""remark"": """", ""tradeTime"": ""2025-12-01 10:04:23"", ""tradeStatus"": ""交易成功"", ""counterparty"": ""上海公共交通卡股份有限公司"", ""tradeOrderNo"": ""2025120122001445901444887674\t"", ""paymentMethod"": ""宁波银行信用卡(4573)"", ""tradeCategory"": ""交通出行"", ""incomeOrExpense"": ""支出"", ""merchantOrderNo"": ""25120110042210400285\t"", ""productDescription"": ""上海公交-803路-2025-12-01 08:04:19"", ""counterpartyAccount"": ""jtk***@sptcc.com""}",2025120122001445901444887674	,2025-12-01 10:04:23,2.00,OUT,上海公共交通卡股份有限公司,4573,上海公交-803路-2025-12-01 08:04:19 - 交通出行,203,2.0.0,0,2026-02-04 15:49:33,PARSED,3,2026-02-04 15:49:35,3,2026-02-04 15:49:35,0,交通补贴
161,2,3,ALIPAY,PLATFORM_ORDER,d03e25ad8c4393678e831c24b5a91cc3,"{""amount"": ""3.00"", ""remark"": """", ""tradeTime"": ""2025-12-11 23:24:54"", ""tradeStatus"": ""交易成功"", ""counterparty"": ""上海公共交通卡股份有限公司"", ""tradeOrderNo"": ""2025121122001445901449113029\t"", ""paymentMethod"": ""宁波银行信用卡(4573)"", ""tradeCategory"": ""交通出行"", ""incomeOrExpense"": ""支出"", ""merchantOrderNo"": ""25121123245410400090\t"", ""productDescription"": ""上海地铁-漕河泾开发区-2025-12-11 21:09:20-七宝-2025-12-11 21:24:51"", ""counterpartyAccount"": ""zfb***@sptcc.com""}",2025121122001445901449113029	,2025-12-11 23:24:54,3.00,OUT,上海公共交通卡股份有限公司,4573,上海地铁-漕河泾开发区-2025-12-11 21:09:20-七宝-2025-12-11 21:24:51 - 交通出行,203,2.0.0,0,2026-02-04 15:49:33,PARSED,3,2026-02-04 15:49:35,3,2026-02-04 15:49:35,0,交通补贴
211,2,3,ALIPAY,PLATFORM_ORDER,e4b8ec547b64b46c79db310cdc969e99,"{""amount"": ""298.94"", ""remark"": """", ""tradeTime"": ""2025-11-30 23:41:21"", ""tradeStatus"": ""交易成功"", ""counterparty"": ""郑远元修脚房（上海市紫堤路店）"", ""tradeOrderNo"": ""2025113022001445901438812664\t"", ""paymentMethod"": ""宁波银行信用卡(4573)&宁波银行立减金"", ""tradeCategory"": ""文化休闲"", ""incomeOrExpense"": ""支出"", ""merchantOrderNo"": ""001266000048210001251130133206277462\t"", ""productDescription"": ""上海市紫堤路店-1756281877607284736"", ""counterpartyAccount"": ""/""}",2025113022001445901438812664	,2025-11-30 23:41:21,298.94,OUT,郑远元修脚房（上海市紫堤路店）,4573,上海市紫堤路店-1756281877607284736 - 文化休闲,31,2.0.0,0,2026-02-04 15:49:33,PARSED,3,2026-02-04 15:49:36,3,2026-02-04 15:49:36,0,其他支出
113,2,3,ALIPAY,PLATFORM_ORDER,fe7b7ca58c31cb1185af7866f17dcc8e,"{""amount"": ""0.00"", ""remark"": """", ""tradeTime"": ""2025-12-21 11:38:50"", ""tradeStatus"": ""交易成功"", ""counterparty"": ""上海盒马"", ""tradeOrderNo"": ""2025122122001145901439765761\t"", ""paymentMethod"": """", ""tradeCategory"": ""餐饮美食"", ""incomeOrExpense"": ""支出"", ""merchantOrderNo"": ""T200P4959007237575343545\t"", ""productDescription"": ""盒马日日鲜 小香葱 约50g等多件"", ""counterpartyAccount"": ""shh***@163.com""}",2025122122001145901439765761	,2025-12-21 11:38:50,0.00,OUT,上海盒马,null,盒马日日鲜 小香葱 约50g等多件 - 餐饮美食,1801,2.0.0,0,2026-02-04 15:49:33,PARSED,3,2026-02-04 15:49:35,3,2026-02-04 15:49:35,0,超市
213,2,3,ALIPAY,PLATFORM_ORDER,63fb62992eb7312f0802a860ed7c3b89,"{""amount"": ""26.06"", ""remark"": """", ""tradeTime"": ""2025-11-30 10:33:58"", ""tradeStatus"": ""交易成功"", ""counterparty"": ""杭州柏鹿信息技术有限公司"", ""tradeOrderNo"": ""20251130020070011530900076518994\t"", ""paymentMethod"": """", ""tradeCategory"": ""转账红包"", ""incomeOrExpense"": ""收入"", ""merchantOrderNo"": ""XC216558619479986508\t"", ""productDescription"": ""小蚕提现"", ""counterpartyAccount"": ""/""}",20251130020070011530900076518994	,2025-11-30 10:33:58,26.06,IN,杭州柏鹿信息技术有限公司,null,小蚕提现 - 转账红包,3203,2.0.0,0,2026-02-04 15:49:33,PARSED,3,2026-02-04 15:49:36,3,2026-02-04 15:49:36,0,储蓄卡⇄支付平台
163,2,3,ALIPAY,PLATFORM_ORDER,a37736e744c6bdc034fbbc84794078eb,"{""amount"": ""13.40"", ""remark"": """", ""tradeTime"": ""2025-12-11 11:23:37"", ""tradeStatus"": ""交易成功"", ""counterparty"": ""淘宝闪购"", ""tradeOrderNo"": ""2025121122001145901444310033\t"", ""paymentMethod"": ""宁波银行信用卡(4573)&宁波银行立减金"", ""tradeCategory"": ""餐饮美食"", ""incomeOrExpense"": ""支出"", ""merchantOrderNo"": ""13110600725121165502259796052\t"", ""productDescription"": ""1点点(繁兴店)外卖订单"", ""counterpartyAccount"": ""e50***@alibaba-inc.com""}",2025121122001145901444310033	,2025-12-11 11:23:37,13.40,OUT,淘宝闪购,4573,1点点(繁兴店)外卖订单 - 餐饮美食,1803,2.0.0,0,2026-02-04 15:49:33,PARSED,3,2026-02-04 15:49:35,3,2026-02-04 15:49:35,0,网购
215,2,3,ALIPAY,PLATFORM_ORDER,12a9f8e9822ff5c667d9db32bacf861d,"{""amount"": ""19.12"", ""remark"": """", ""tradeTime"": ""2025-11-29 19:32:39"", ""tradeStatus"": ""交易成功"", ""counterparty"": ""淘宝闪购"", ""tradeOrderNo"": ""2025112922001145901440120954\t"", ""paymentMethod"": ""宁波银行信用卡(4573)&宁波银行立减金"", ""tradeCategory"": ""餐饮美食"", ""incomeOrExpense"": ""支出"", ""merchantOrderNo"": ""13190600725112904060778796052\t"", ""productDescription"": ""麻辣西施·市井冒菜(虹桥店)外卖订单"", ""counterpartyAccount"": ""e50***@alibaba-inc.com""}",2025112922001145901440120954	,2025-11-29 19:32:39,19.12,OUT,淘宝闪购,4573,麻辣西施·市井冒菜(虹桥店)外卖订单 - 餐饮美食,1803,2.0.0,0,2026-02-04 15:49:33,PARSED,3,2026-02-04 15:49:36,3,2026-02-04 15:49:36,0,网购
89,2,3,ALIPAY,PLATFORM_ORDER,386cc94cff9a9e28288ccb127b7a9a70,"{""amount"": ""3.00"", ""remark"": """", ""tradeTime"": ""2025-12-25 23:32:10"", ""tradeStatus"": ""交易成功"", ""counterparty"": ""上海公共交通卡股份有限公司"", ""tradeOrderNo"": ""2025122522001445901411641108\t"", ""paymentMethod"": ""宁波银行信用卡(4573)"", ""tradeCategory"": ""交通出行"", ""incomeOrExpense"": ""支出"", ""merchantOrderNo"": ""25122523321010400017\t"", ""productDescription"": ""上海地铁-漕河泾开发区-2025-12-25 21:18:39-七宝-2025-12-25 21:32:07"", ""counterpartyAccount"": ""zfb***@sptcc.com""}",2025122522001445901411641108	,2025-12-25 23:32:10,3.00,OUT,上海公共交通卡股份有限公司,4573,上海地铁-漕河泾开发区-2025-12-25 21:18:39-七宝-2025-12-25 21:32:07 - 交通出行,203,2.0.0,0,2026-02-04 15:49:33,PARSED,3,2026-02-04 15:49:35,3,2026-02-04 15:49:35,0,交通补贴
217,2,3,ALIPAY,PLATFORM_ORDER,18b48ab27928b0f7ddd8807cac6f8fe0,"{""amount"": ""29.90"", ""remark"": """", ""tradeTime"": ""2025-11-29 09:47:46"", ""tradeStatus"": ""交易成功"", ""counterparty"": ""滴滴出行"", ""tradeOrderNo"": ""2025112922001445901435223570\t"", ""paymentMethod"": ""宁波银行信用卡(4573)&宁波银行立减金"", ""tradeCategory"": ""交通出行"", ""incomeOrExpense"": ""支出"", ""merchantOrderNo"": ""212_202511298496689801770713\t"", ""productDescription"": ""特惠快车打车-王师傅-11月29日行程"", ""counterpartyAccount"": ""chu***@didichuxing.com""}",2025112922001445901435223570	,2025-11-29 09:47:46,29.90,OUT,滴滴出行,4573,特惠快车打车-王师傅-11月29日行程 - 交通出行,1703,2.0.0,0,2026-02-04 15:49:33,PARSED,3,2026-02-04 15:49:36,3,2026-02-04 15:49:36,0,网约车
330,2,3,ALIPAY,PLATFORM_ORDER,242b00be02bcf25bf10ece4818c10c66,"{""amount"": ""1.76"", ""remark"": """", ""tradeTime"": ""2025-11-04 10:53:09"", ""tradeStatus"": ""交易成功"", ""counterparty"": ""上海公共交通卡股份有限公司"", ""tradeOrderNo"": ""2025110422001445901446853495\t"", ""paymentMethod"": ""宁波银行信用卡(4573)&宁波银行立减金"", ""tradeCategory"": ""交通出行"", ""incomeOrExpense"": ""支出"", ""merchantOrderNo"": ""25110410530910500016\t"", ""productDescription"": ""上海地铁-七宝-2025-11-04 08:43:00-漕河泾开发区-2025-11-04 08:53:02"", ""counterpartyAccount"": ""zfb***@sptcc.com""}",2025110422001445901446853495	,2025-11-04 10:53:09,1.76,OUT,上海公共交通卡股份有限公司,4573,上海地铁-七宝-2025-11-04 08:43:00-漕河泾开发区-2025-11-04 08:53:02 - 交通出行,203,2.0.0,0,2026-02-04 15:49:34,PARSED,3,2026-02-04 15:49:36,3,2026-02-04 15:49:36,0,交通补贴
219,2,3,ALIPAY,PLATFORM_ORDER,d31e654a793213428dc79436ef679637,"{""amount"": ""3.00"", ""remark"": """", ""tradeTime"": ""2025-11-28 20:53:06"", ""tradeStatus"": ""交易成功"", ""counterparty"": ""上海公共交通卡股份有限公司"", ""tradeOrderNo"": ""2025112822001445901434893660\t"", ""paymentMethod"": ""宁波银行信用卡(4573)"", ""tradeCategory"": ""交通出行"", ""incomeOrExpense"": ""支出"", ""merchantOrderNo"": ""25112820530610400204\t"", ""productDescription"": ""上海地铁-漕河泾开发区-2025-11-28 18:43:19-七宝-2025-11-28 18:53:03"", ""counterpartyAccount"": ""zfb***@sptcc.com""}",2025112822001445901434893660	,2025-11-28 20:53:06,3.00,OUT,上海公共交通卡股份有限公司,4573,上海地铁-漕河泾开发区-2025-11-28 18:43:19-七宝-2025-11-28 18:53:03 - 交通出行,203,2.0.0,0,2026-02-04 15:49:33,PARSED,3,2026-02-04 15:49:36,3,2026-02-04 15:49:36,0,交通补贴
115,2,3,ALIPAY,PLATFORM_ORDER,df8ece958d7b2af28a51bcd660080d18,"{""amount"": ""17.50"", ""remark"": """", ""tradeTime"": ""2025-12-20 21:14:40"", ""tradeStatus"": ""交易成功"", ""counterparty"": ""农夫果园批发行"", ""tradeOrderNo"": ""2025122022001445901434497970\t"", ""paymentMethod"": ""宁波银行信用卡(4573)&现金抵价券"", ""tradeCategory"": ""餐饮美食"", ""incomeOrExpense"": ""支出"", ""merchantOrderNo"": ""44126600004823000003212512207647746715435\t"", ""productDescription"": ""农夫果园批发行"", ""counterpartyAccount"": ""/""}",2025122022001445901434497970	,2025-12-20 21:14:40,17.50,OUT,农夫果园批发行,4573,农夫果园批发行 - 餐饮美食,16,2.0.0,0,2026-02-04 15:49:33,PARSED,3,2026-02-04 15:49:35,3,2026-02-04 15:49:35,0,餐饮美食
221,2,3,ALIPAY,PLATFORM_ORDER,2d13899dd23499007b07aa97ea84f3c6,"{""amount"": ""2.00"", ""remark"": """", ""tradeTime"": ""2025-11-28 15:09:44"", ""tradeStatus"": ""交易成功"", ""counterparty"": ""上海公共交通卡股份有限公司"", ""tradeOrderNo"": ""2025112822001445901429106532\t"", ""paymentMethod"": ""宁波银行信用卡(4573)"", ""tradeCategory"": ""交通出行"", ""incomeOrExpense"": ""支出"", ""merchantOrderNo"": ""25112815094410400060\t"", ""productDescription"": ""上海地铁-七宝-2025-11-28 12:57:17-漕河泾开发区-2025-11-28 13:09:41"", ""counterpartyAccount"": ""zfb***@sptcc.com""}",2025112822001445901429106532	,2025-11-28 15:09:44,2.00,OUT,上海公共交通卡股份有限公司,4573,上海地铁-七宝-2025-11-28 12:57:17-漕河泾开发区-2025-11-28 13:09:41 - 交通出行,203,2.0.0,0,2026-02-04 15:49:33,PARSED,3,2026-02-04 15:49:36,3,2026-02-04 15:49:36,0,交通补贴
167,2,3,ALIPAY,PLATFORM_ORDER,d5432f99a799fbc71053a03c0c79c551,"{""amount"": ""61.88"", ""remark"": """", ""tradeTime"": ""2025-12-10 22:40:45"", ""tradeStatus"": ""交易成功"", ""counterparty"": ""滴滴出行"", ""tradeOrderNo"": ""2025121022001445901443673237\t"", ""paymentMethod"": ""宁波银行信用卡(4573)&宁波银行立减金"", ""tradeCategory"": ""交通出行"", ""incomeOrExpense"": ""支出"", ""merchantOrderNo"": ""210_202512108506141501918926\t"", ""productDescription"": ""滴滴快车打车-于师傅-12月10日行程"", ""counterpartyAccount"": ""chu***@didichuxing.com""}",2025121022001445901443673237	,2025-12-10 22:40:45,61.88,OUT,滴滴出行,4573,滴滴快车打车-于师傅-12月10日行程 - 交通出行,1703,2.0.0,0,2026-02-04 15:49:33,PARSED,3,2026-02-04 15:49:35,3,2026-02-04 15:49:35,0,网约车
223,2,3,ALIPAY,PLATFORM_ORDER,5420b13a38a5bb76c1f0643e98c3fcbb,"{""amount"": ""56.58"", ""remark"": """", ""tradeTime"": ""2025-11-28 03:48:41"", ""tradeStatus"": ""交易成功"", ""counterparty"": ""滴滴出行"", ""tradeOrderNo"": ""2025112822001445901419668524\t"", ""paymentMethod"": ""宁波银行信用卡(4573)&宁波银行立减金"", ""tradeCategory"": ""交通出行"", ""incomeOrExpense"": ""支出"", ""merchantOrderNo"": ""210_202511288495611001683571\t"", ""productDescription"": ""滴滴快车打车-杨师傅-11月28日行程"", ""counterpartyAccount"": ""chu***@didichuxing.com""}",2025112822001445901419668524	,2025-11-28 03:48:41,56.58,OUT,滴滴出行,4573,滴滴快车打车-杨师傅-11月28日行程 - 交通出行,1703,2.0.0,0,2026-02-04 15:49:33,PARSED,3,2026-02-04 15:49:36,3,2026-02-04 15:49:36,0,网约车
77,2,3,ALIPAY,PLATFORM_ORDER,ed23eec98c6249af1500d63b180a3380,"{""amount"": ""14.00"", ""remark"": """", ""tradeTime"": ""2025-12-28 09:55:06"", ""tradeStatus"": ""交易成功"", ""counterparty"": ""杭州柏鹿信息技术有限公司"", ""tradeOrderNo"": ""20251228020070011520900042603907\t"", ""paymentMethod"": """", ""tradeCategory"": ""转账红包"", ""incomeOrExpense"": ""收入"", ""merchantOrderNo"": ""XC227145395479986508\t"", ""productDescription"": ""小蚕提现"", ""counterpartyAccount"": ""/""}",20251228020070011520900042603907	,2025-12-28 09:55:06,14.00,IN,杭州柏鹿信息技术有限公司,null,小蚕提现 - 转账红包,3203,2.0.0,0,2026-02-04 15:49:33,PARSED,3,2026-02-04 15:49:35,3,2026-02-04 15:49:35,0,储蓄卡⇄支付平台
225,2,3,ALIPAY,PLATFORM_ORDER,78295bea9c2b73c8df3947de39faddb1,"{""amount"": ""2.00"", ""remark"": """", ""tradeTime"": ""2025-11-27 10:53:10"", ""tradeStatus"": ""交易成功"", ""counterparty"": ""上海公共交通卡股份有限公司"", ""tradeOrderNo"": ""2025112722001445901423312549\t"", ""paymentMethod"": ""宁波银行信用卡(4573)"", ""tradeCategory"": ""交通出行"", ""incomeOrExpense"": ""支出"", ""merchantOrderNo"": ""25112710530910500078\t"", ""productDescription"": ""上海地铁-七宝-2025-11-27 08:42:30-漕河泾开发区-2025-11-27 08:53:06"", ""counterpartyAccount"": ""zfb***@sptcc.com""}",2025112722001445901423312549	,2025-11-27 10:53:10,2.00,OUT,上海公共交通卡股份有限公司,4573,上海地铁-七宝-2025-11-27 08:42:30-漕河泾开发区-2025-11-27 08:53:06 - 交通出行,203,2.0.0,0,2026-02-04 15:49:33,PARSED,3,2026-02-04 15:49:36,3,2026-02-04 15:49:36,0,交通补贴
55,2,3,ALIPAY,PLATFORM_ORDER,7878026cdc500c4c474cd132787dfde6,"{""amount"": ""2.00"", ""remark"": """", ""tradeTime"": ""2025-12-31 11:01:01"", ""tradeStatus"": ""交易成功"", ""counterparty"": ""上海公共交通卡股份有限公司"", ""tradeOrderNo"": ""2025123122001445901439308626\t"", ""paymentMethod"": ""花呗"", ""tradeCategory"": ""交通出行"", ""incomeOrExpense"": ""支出"", ""merchantOrderNo"": ""25123111010110500117\t"", ""productDescription"": ""上海地铁-七宝-2025-12-31 08:50:29-漕河泾开发区-2025-12-31 09:00:58"", ""counterpartyAccount"": ""zfb***@sptcc.com""}",2025123122001445901439308626	,2025-12-31 11:01:01,2.00,OUT,上海公共交通卡股份有限公司,花呗,上海地铁-七宝-2025-12-31 08:50:29-漕河泾开发区-2025-12-31 09:00:58 - 交通出行,203,2.0.0,0,2026-02-04 15:49:33,PARSED,3,2026-02-04 15:49:35,3,2026-02-04 15:49:35,0,交通补贴
227,2,3,ALIPAY,PLATFORM_ORDER,1e2f4d1c7014e6cb51889716059a5ad3,"{""amount"": ""2.80"", ""remark"": """", ""tradeTime"": ""2025-11-27 08:37:11"", ""tradeStatus"": ""交易成功"", ""counterparty"": ""沪松公路五店"", ""tradeOrderNo"": ""2025112722001445901417958054\t"", ""paymentMethod"": ""宁波银行信用卡(4573)"", ""tradeCategory"": ""日用百货"", ""incomeOrExpense"": ""支出"", ""merchantOrderNo"": ""SXA1O1738219526\t"", ""productDescription"": ""上海全家便利店"", ""counterpartyAccount"": ""180***@qq.com""}",2025112722001445901417958054	,2025-11-27 08:37:11,2.80,OUT,沪松公路五店,4573,上海全家便利店 - 日用百货,1802,2.0.0,0,2026-02-04 15:49:33,PARSED,3,2026-02-04 15:49:36,3,2026-02-04 15:49:36,0,便利店
117,2,3,ALIPAY,PLATFORM_ORDER,158df8d45862a45ca7fc58d2be113300,"{""amount"": ""1.00"", ""remark"": """", ""tradeTime"": ""2025-12-19 21:34:26"", ""tradeStatus"": ""交易成功"", ""counterparty"": ""上海公共交通卡股份有限公司"", ""tradeOrderNo"": ""2025121922001445901432582811\t"", ""paymentMethod"": ""宁波银行信用卡(4573)"", ""tradeCategory"": ""交通出行"", ""incomeOrExpense"": ""支出"", ""merchantOrderNo"": ""25121921342610400078\t"", ""productDescription"": ""上海公交-803路-2025-12-19 19:34:23"", ""counterpartyAccount"": ""jtk***@sptcc.com""}",2025121922001445901432582811	,2025-12-19 21:34:26,1.00,OUT,上海公共交通卡股份有限公司,4573,上海公交-803路-2025-12-19 19:34:23 - 交通出行,203,2.0.0,0,2026-02-04 15:49:33,PARSED,3,2026-02-04 15:49:35,3,2026-02-04 15:49:35,0,交通补贴
229,2,3,ALIPAY,PLATFORM_ORDER,365e965eca829fbd311d3996f7ddd6c0,"{""amount"": ""18.00"", ""remark"": """", ""tradeTime"": ""2025-11-26 18:18:09"", ""tradeStatus"": ""交易成功"", ""counterparty"": ""兰州牛肉面上海虹梅路店"", ""tradeOrderNo"": ""2025112622001445901419366089\t"", ""paymentMethod"": ""宁波银行信用卡(4573)"", ""tradeCategory"": ""餐饮美食"", ""incomeOrExpense"": ""支出"", ""merchantOrderNo"": ""6212660000481800007895212945036757\t"", ""productDescription"": ""兰州牛肉面上海虹梅路店"", ""counterpartyAccount"": ""/""}",2025112622001445901419366089	,2025-11-26 18:18:09,18.00,OUT,兰州牛肉面上海虹梅路店,4573,兰州牛肉面上海虹梅路店 - 餐饮美食,1601,2.0.0,0,2026-02-04 15:49:33,PARSED,3,2026-02-04 15:49:36,3,2026-02-04 15:49:36,0,三餐
59,2,3,ALIPAY,PLATFORM_ORDER,6349c4df19b24faf3799b712ac4dc50b,"{""amount"": ""2.96"", ""remark"": """", ""tradeTime"": ""2025-12-30 19:31:24"", ""tradeStatus"": ""交易成功"", ""counterparty"": ""云账户综合服务平台"", ""tradeOrderNo"": ""20251230020070011570900066909714\t"", ""paymentMethod"": """", ""tradeCategory"": ""转账红包"", ""incomeOrExpense"": ""收入"", ""merchantOrderNo"": ""1145540565623362000\t"", ""productDescription"": ""云账户"", ""counterpartyAccount"": ""/""}",20251230020070011570900066909714	,2025-12-30 19:31:24,2.96,IN,云账户综合服务平台,null,云账户 - 转账红包,3704,2.0.0,0,2026-02-04 15:49:33,PARSED,3,2026-02-04 15:49:35,3,2026-02-04 15:49:35,0,转账入账
231,2,3,ALIPAY,PLATFORM_ORDER,3b53e02e0be3217658746f2eb42910e9,"{""amount"": ""2.00"", ""remark"": """", ""tradeTime"": ""2025-11-26 10:06:29"", ""tradeStatus"": ""交易成功"", ""counterparty"": ""上海公共交通卡股份有限公司"", ""tradeOrderNo"": ""2025112622001445901417634464\t"", ""paymentMethod"": ""宁波银行信用卡(4573)"", ""tradeCategory"": ""交通出行"", ""incomeOrExpense"": ""支出"", ""merchantOrderNo"": ""25112610062910400189\t"", ""productDescription"": ""上海公交-803路-2025-11-26 08:06:26"", ""counterpartyAccount"": ""jtk***@sptcc.com""}",2025112622001445901417634464	,2025-11-26 10:06:29,2.00,OUT,上海公共交通卡股份有限公司,4573,上海公交-803路-2025-11-26 08:06:26 - 交通出行,203,2.0.0,0,2026-02-04 15:49:33,PARSED,3,2026-02-04 15:49:36,3,2026-02-04 15:49:36,0,交通补贴
91,2,3,ALIPAY,PLATFORM_ORDER,66e25badb9b7e38cad47774dcfd3d2b8,"{""amount"": ""1.95"", ""remark"": """", ""tradeTime"": ""2025-12-25 10:49:45"", ""tradeStatus"": ""交易成功"", ""counterparty"": ""上海公共交通卡股份有限公司"", ""tradeOrderNo"": ""2025122522001445901406760238\t"", ""paymentMethod"": ""宁波银行信用卡(4573)&现金抵价券"", ""tradeCategory"": ""交通出行"", ""incomeOrExpense"": ""支出"", ""merchantOrderNo"": ""25122510494510500531\t"", ""productDescription"": ""上海地铁-七宝-2025-12-25 08:39:32-漕河泾开发区-2025-12-25 08:49:42"", ""counterpartyAccount"": ""zfb***@sptcc.com""}",2025122522001445901406760238	,2025-12-25 10:49:45,1.95,OUT,上海公共交通卡股份有限公司,4573,上海地铁-七宝-2025-12-25 08:39:32-漕河泾开发区-2025-12-25 08:49:42 - 交通出行,203,2.0.0,0,2026-02-04 15:49:33,PARSED,3,2026-02-04 15:49:35,3,2026-02-04 15:49:35,0,交通补贴
233,2,3,ALIPAY,PLATFORM_ORDER,f9c3d938c8ea1ac4bb2b6028dec206fc,"{""amount"": ""20.00"", ""remark"": """", ""tradeTime"": ""2025-11-25 18:23:51"", ""tradeStatus"": ""交易成功"", ""counterparty"": ""兰州牛肉面上海虹梅路店"", ""tradeOrderNo"": ""2025112523001445901414792036\t"", ""paymentMethod"": ""宁波银行信用卡(4573)"", ""tradeCategory"": ""餐饮美食"", ""incomeOrExpense"": ""支出"", ""merchantOrderNo"": ""0012660000481800007895212400415596\t"", ""productDescription"": ""兰州牛肉面上海虹梅路店"", ""counterpartyAccount"": ""/""}",2025112523001445901414792036	,2025-11-25 18:23:51,20.00,OUT,兰州牛肉面上海虹梅路店,4573,兰州牛肉面上海虹梅路店 - 餐饮美食,1601,2.0.0,0,2026-02-04 15:49:33,PARSED,3,2026-02-04 15:49:36,3,2026-02-04 15:49:36,0,三餐
63,2,3,ALIPAY,PLATFORM_ORDER,a4b15440e577132c51800901ada94117,"{""amount"": ""2.00"", ""remark"": """", ""tradeTime"": ""2025-12-30 10:00:08"", ""tradeStatus"": ""交易成功"", ""counterparty"": ""上海公共交通卡股份有限公司"", ""tradeOrderNo"": ""2025123022001445901435076154\t"", ""paymentMethod"": ""宁波银行信用卡(4573)"", ""tradeCategory"": ""交通出行"", ""incomeOrExpense"": ""支出"", ""merchantOrderNo"": ""25123010000810500064\t"", ""productDescription"": ""上海公交-803路-2025-12-30 08:00:05"", ""counterpartyAccount"": ""jtk***@sptcc.com""}",2025123022001445901435076154	,2025-12-30 10:00:08,2.00,OUT,上海公共交通卡股份有限公司,4573,上海公交-803路-2025-12-30 08:00:05 - 交通出行,203,2.0.0,0,2026-02-04 15:49:33,PARSED,3,2026-02-04 15:49:35,3,2026-02-04 15:49:35,0,交通补贴
235,2,3,ALIPAY,PLATFORM_ORDER,dce72a284c6a48a14b2b5db44e9db202,"{""amount"": ""2.00"", ""remark"": """", ""tradeTime"": ""2025-11-25 10:00:50"", ""tradeStatus"": ""交易成功"", ""counterparty"": ""上海公共交通卡股份有限公司"", ""tradeOrderNo"": ""2025112522001445901412717707\t"", ""paymentMethod"": ""宁波银行信用卡(4573)"", ""tradeCategory"": ""交通出行"", ""incomeOrExpense"": ""支出"", ""merchantOrderNo"": ""25112510005010500052\t"", ""productDescription"": ""上海公交-803路-2025-11-25 08:00:47"", ""counterpartyAccount"": ""jtk***@sptcc.com""}",2025112522001445901412717707	,2025-11-25 10:00:50,2.00,OUT,上海公共交通卡股份有限公司,4573,上海公交-803路-2025-11-25 08:00:47 - 交通出行,203,2.0.0,0,2026-02-04 15:49:33,PARSED,3,2026-02-04 15:49:36,3,2026-02-04 15:49:36,0,交通补贴
119,2,3,ALIPAY,PLATFORM_ORDER,c5efd94b50c86f785688d127659cc20e,"{""amount"": ""2.00"", ""remark"": """", ""tradeTime"": ""2025-12-19 10:58:02"", ""tradeStatus"": ""交易成功"", ""counterparty"": ""上海公共交通卡股份有限公司"", ""tradeOrderNo"": ""2025121922001445901430549043\t"", ""paymentMethod"": ""宁波银行信用卡(4573)"", ""tradeCategory"": ""交通出行"", ""incomeOrExpense"": ""支出"", ""merchantOrderNo"": ""25121910580110500623\t"", ""productDescription"": ""上海地铁-七宝-2025-12-19 08:46:09-漕河泾开发区-2025-12-19 08:57:58"", ""counterpartyAccount"": ""zfb***@sptcc.com""}",2025121922001445901430549043	,2025-12-19 10:58:02,2.00,OUT,上海公共交通卡股份有限公司,4573,上海地铁-七宝-2025-12-19 08:46:09-漕河泾开发区-2025-12-19 08:57:58 - 交通出行,203,2.0.0,0,2026-02-04 15:49:33,PARSED,3,2026-02-04 15:49:35,3,2026-02-04 15:49:35,0,交通补贴
237,2,3,ALIPAY,PLATFORM_ORDER,02ed05036bcf327dc9d239a8d4f17faf,"{""amount"": ""1.00"", ""remark"": """", ""tradeTime"": ""2025-11-24 23:42:35"", ""tradeStatus"": ""交易成功"", ""counterparty"": ""上海公共交通卡股份有限公司"", ""tradeOrderNo"": ""2025112422001445901410613270\t"", ""paymentMethod"": ""宁波银行信用卡(4573)"", ""tradeCategory"": ""交通出行"", ""incomeOrExpense"": ""支出"", ""merchantOrderNo"": ""25112423423510400008\t"", ""productDescription"": ""上海公交-803路-2025-11-24 21:42:32"", ""counterpartyAccount"": ""jtk***@sptcc.com""}",2025112422001445901410613270	,2025-11-24 23:42:35,1.00,OUT,上海公共交通卡股份有限公司,4573,上海公交-803路-2025-11-24 21:42:32 - 交通出行,203,2.0.0,0,2026-02-04 15:49:33,PARSED,3,2026-02-04 15:49:36,3,2026-02-04 15:49:36,0,交通补贴
175,2,3,ALIPAY,PLATFORM_ORDER,e14aa80fede70d87604661b9bcd77a00,"{""amount"": ""2.00"", ""remark"": """", ""tradeTime"": ""2025-12-09 10:16:13"", ""tradeStatus"": ""交易成功"", ""counterparty"": ""上海公共交通卡股份有限公司"", ""tradeOrderNo"": ""2025120922001445901436237892\t"", ""paymentMethod"": ""宁波银行信用卡(4573)"", ""tradeCategory"": ""交通出行"", ""incomeOrExpense"": ""支出"", ""merchantOrderNo"": ""25120910161310400336\t"", ""productDescription"": ""上海公交-803路-2025-12-09 08:16:10"", ""counterpartyAccount"": ""jtk***@sptcc.com""}",2025120922001445901436237892	,2025-12-09 10:16:13,2.00,OUT,上海公共交通卡股份有限公司,4573,上海公交-803路-2025-12-09 08:16:10 - 交通出行,203,2.0.0,0,2026-02-04 15:49:33,PARSED,3,2026-02-04 15:49:35,3,2026-02-04 15:49:35,0,交通补贴
239,2,3,ALIPAY,PLATFORM_ORDER,6e8c9f7fd3353766a6389a69a0a42840,"{""amount"": ""19.05"", ""remark"": """", ""tradeTime"": ""2025-11-24 18:21:51"", ""tradeStatus"": ""交易成功"", ""counterparty"": ""玖集科产店"", ""tradeOrderNo"": ""2025112422001445901408112606\t"", ""paymentMethod"": ""宁波银行信用卡(4573)"", ""tradeCategory"": ""餐饮美食"", ""incomeOrExpense"": ""支出"", ""merchantOrderNo"": ""80126600004836000083620251124654036844\t"", ""productDescription"": ""玖集科产大厦店-消费"", ""counterpartyAccount"": ""/""}",2025112422001445901408112606	,2025-11-24 18:21:51,19.05,OUT,玖集科产店,4573,玖集科产大厦店-消费 - 餐饮美食,16,2.0.0,0,2026-02-04 15:49:33,PARSED,3,2026-02-04 15:49:36,3,2026-02-04 15:49:36,0,餐饮美食
283,2,3,ALIPAY,PLATFORM_ORDER,87cab3b78e6cd2fcade6ce1b65fea9ff,"{""amount"": ""27.99"", ""remark"": """", ""tradeTime"": ""2025-11-15 19:47:57"", ""tradeStatus"": ""交易成功"", ""counterparty"": ""x***2"", ""tradeOrderNo"": ""2025111522001145901407115277\t"", ""paymentMethod"": ""花呗"", ""tradeCategory"": ""日用百货"", ""incomeOrExpense"": ""支出"", ""merchantOrderNo"": ""T200P4884262813602343545\t"", ""productDescription"": ""【自动发货】星巴克代点代下单太妃榛果拿铁星冰乐自助点单全国通"", ""counterpartyAccount"": ""923***@qq.com""}",2025111522001145901407115277	,2025-11-15 19:47:57,27.99,OUT,x***2,花呗,【自动发货】星巴克代点代下单太妃榛果拿铁星冰乐自助点单全国通 - 日用百货,1603,2.0.0,0,2026-02-04 15:49:33,PARSED,3,2026-02-04 15:49:36,3,2026-02-04 15:49:36,0,饮品咖啡
241,2,3,ALIPAY,PLATFORM_ORDER,eb201398b30858c5a82e132616af8f1b,"{""amount"": ""2.00"", ""remark"": """", ""tradeTime"": ""2025-11-24 10:03:36"", ""tradeStatus"": ""交易成功"", ""counterparty"": ""上海公共交通卡股份有限公司"", ""tradeOrderNo"": ""2025112422001445901406188468\t"", ""paymentMethod"": ""宁波银行信用卡(4573)"", ""tradeCategory"": ""交通出行"", ""incomeOrExpense"": ""支出"", ""merchantOrderNo"": ""25112410033610400333\t"", ""productDescription"": ""上海公交-803路-2025-11-24 08:03:33"", ""counterpartyAccount"": ""jtk***@sptcc.com""}",2025112422001445901406188468	,2025-11-24 10:03:36,2.00,OUT,上海公共交通卡股份有限公司,4573,上海公交-803路-2025-11-24 08:03:33 - 交通出行,203,2.0.0,0,2026-02-04 15:49:33,PARSED,3,2026-02-04 15:49:36,3,2026-02-04 15:49:36,0,交通补贴
177,2,3,ALIPAY,PLATFORM_ORDER,d243802d65b605fe63145b6869c0698f,"{""amount"": ""19.90"", ""remark"": """", ""tradeTime"": ""2025-12-08 13:37:40"", ""tradeStatus"": ""交易成功"", ""counterparty"": ""淘宝闪购"", ""tradeOrderNo"": ""2025120822001145901427082664\t"", ""paymentMethod"": ""宁波银行信用卡(4573)&宁波银行立减金"", ""tradeCategory"": ""餐饮美食"", ""incomeOrExpense"": ""支出"", ""merchantOrderNo"": ""13130600725120879624365796052\t"", ""productDescription"": ""沪上阿姨·精选茶饮(古美路店)外卖订单"", ""counterpartyAccount"": ""e50***@alibaba-inc.com""}",2025120822001145901427082664	,2025-12-08 13:37:40,19.90,OUT,淘宝闪购,4573,沪上阿姨·精选茶饮(古美路店)外卖订单 - 餐饮美食,1803,2.0.0,0,2026-02-04 15:49:33,PARSED,3,2026-02-04 15:49:35,3,2026-02-04 15:49:35,0,网购
243,2,3,ALIPAY,PLATFORM_ORDER,157aa3c6a2775ce7982bca1c549d9c93,"{""amount"": ""5.00"", ""remark"": """", ""tradeTime"": ""2025-11-23 16:32:47"", ""tradeStatus"": ""交易成功"", ""counterparty"": ""上海公共交通卡股份有限公司"", ""tradeOrderNo"": ""2025112322001445901457695961\t"", ""paymentMethod"": ""宁波银行信用卡(4573)"", ""tradeCategory"": ""交通出行"", ""incomeOrExpense"": ""支出"", ""merchantOrderNo"": ""25112316324710500064\t"", ""productDescription"": ""上海地铁-国家会展中心-2025-11-23 13:33:12-虹口足球场-2025-11-23 14:32:44"", ""counterpartyAccount"": ""zfb***@sptcc.com""}",2025112322001445901457695961	,2025-11-23 16:32:47,5.00,OUT,上海公共交通卡股份有限公司,4573,上海地铁-国家会展中心-2025-11-23 13:33:12-虹口足球场-2025-11-23 14:32:44 - 交通出行,203,2.0.0,0,2026-02-04 15:49:33,PARSED,3,2026-02-04 15:49:36,3,2026-02-04 15:49:36,0,交通补贴
121,2,3,ALIPAY,PLATFORM_ORDER,ca390d29dfcaafe93b483cb4b4319cb6,"{""amount"": ""1.00"", ""remark"": """", ""tradeTime"": ""2025-12-18 23:43:33"", ""tradeStatus"": ""交易成功"", ""counterparty"": ""上海公共交通卡股份有限公司"", ""tradeOrderNo"": ""2025121822001445901425351634\t"", ""paymentMethod"": ""宁波银行信用卡(4573)"", ""tradeCategory"": ""交通出行"", ""incomeOrExpense"": ""支出"", ""merchantOrderNo"": ""25121823433310500112\t"", ""productDescription"": ""上海公交-803路-2025-12-18 21:43:30"", ""counterpartyAccount"": ""jtk***@sptcc.com""}",2025121822001445901425351634	,2025-12-18 23:43:33,1.00,OUT,上海公共交通卡股份有限公司,4573,上海公交-803路-2025-12-18 21:43:30 - 交通出行,203,2.0.0,0,2026-02-04 15:49:33,PARSED,3,2026-02-04 15:49:35,3,2026-02-04 15:49:35,0,交通补贴
245,2,3,ALIPAY,PLATFORM_ORDER,106178ccf5b7156de4544a369bc12e41,"{""amount"": ""13.00"", ""remark"": """", ""tradeTime"": ""2025-11-23 11:53:50"", ""tradeStatus"": ""交易成功"", ""counterparty"": ""杭州柏鹿信息技术有限公司"", ""tradeOrderNo"": ""20251123020070011530900010763253\t"", ""paymentMethod"": """", ""tradeCategory"": ""转账红包"", ""incomeOrExpense"": ""收入"", ""merchantOrderNo"": ""XC213879228479986508\t"", ""productDescription"": ""小蚕提现"", ""counterpartyAccount"": ""/""}",20251123020070011530900010763253	,2025-11-23 11:53:50,13.00,IN,杭州柏鹿信息技术有限公司,null,小蚕提现 - 转账红包,3203,2.0.0,0,2026-02-04 15:49:33,PARSED,3,2026-02-04 15:49:36,3,2026-02-04 15:49:36,0,储蓄卡⇄支付平台
179,2,3,ALIPAY,PLATFORM_ORDER,cc0f6a999fba866a1131dfc250f98102,"{""amount"": ""2.00"", ""remark"": """", ""tradeTime"": ""2025-12-08 10:04:29"", ""tradeStatus"": ""交易成功"", ""counterparty"": ""上海公共交通卡股份有限公司"", ""tradeOrderNo"": ""2025120822001445901427671853\t"", ""paymentMethod"": ""宁波银行信用卡(4573)"", ""tradeCategory"": ""交通出行"", ""incomeOrExpense"": ""支出"", ""merchantOrderNo"": ""25120810042810500505\t"", ""productDescription"": ""上海公交-803路-2025-12-08 08:04:25"", ""counterpartyAccount"": ""jtk***@sptcc.com""}",2025120822001445901427671853	,2025-12-08 10:04:29,2.00,OUT,上海公共交通卡股份有限公司,4573,上海公交-803路-2025-12-08 08:04:25 - 交通出行,203,2.0.0,0,2026-02-04 15:49:33,PARSED,3,2026-02-04 15:49:35,3,2026-02-04 15:49:35,0,交通补贴
247,2,3,ALIPAY,PLATFORM_ORDER,26853a158c6cc34303bb356a523c33a8,"{""amount"": ""3.00"", ""remark"": """", ""tradeTime"": ""2025-11-22 21:18:31"", ""tradeStatus"": ""交易成功"", ""counterparty"": ""上海公共交通卡股份有限公司"", ""tradeOrderNo"": ""2025112222001445901459474857\t"", ""paymentMethod"": ""宁波银行信用卡(4573)"", ""tradeCategory"": ""交通出行"", ""incomeOrExpense"": ""支出"", ""merchantOrderNo"": ""25112221183110400060\t"", ""productDescription"": ""上海地铁-漕河泾开发区-2025-11-22 19:06:10-七宝-2025-11-22 19:18:28"", ""counterpartyAccount"": ""zfb***@sptcc.com""}",2025112222001445901459474857	,2025-11-22 21:18:31,3.00,OUT,上海公共交通卡股份有限公司,4573,上海地铁-漕河泾开发区-2025-11-22 19:06:10-七宝-2025-11-22 19:18:28 - 交通出行,203,2.0.0,0,2026-02-04 15:49:33,PARSED,3,2026-02-04 15:49:36,3,2026-02-04 15:49:36,0,交通补贴
293,2,3,ALIPAY,PLATFORM_ORDER,cd01e1a5eb4bd0f7bfb752d2eda1a377,"{""amount"": ""2.00"", ""remark"": """", ""tradeTime"": ""2025-11-13 10:04:33"", ""tradeStatus"": ""交易成功"", ""counterparty"": ""上海公共交通卡股份有限公司"", ""tradeOrderNo"": ""2025111322001445901446859395\t"", ""paymentMethod"": ""宁波银行信用卡(4573)"", ""tradeCategory"": ""交通出行"", ""incomeOrExpense"": ""支出"", ""merchantOrderNo"": ""25111310043310500320\t"", ""productDescription"": ""上海公交-732路-2025-11-13 08:04:30"", ""counterpartyAccount"": ""jtk***@sptcc.com""}",2025111322001445901446859395	,2025-11-13 10:04:33,2.00,OUT,上海公共交通卡股份有限公司,4573,上海公交-732路-2025-11-13 08:04:30 - 交通出行,203,2.0.0,0,2026-02-04 15:49:33,PARSED,3,2026-02-04 15:49:36,3,2026-02-04 15:49:36,0,交通补贴
249,2,3,ALIPAY,PLATFORM_ORDER,62c4e49ed5ffaede2e5cd6ee350dc9aa,"{""amount"": ""2.00"", ""remark"": """", ""tradeTime"": ""2025-11-22 11:13:16"", ""tradeStatus"": ""交易成功"", ""counterparty"": ""上海公共交通卡股份有限公司"", ""tradeOrderNo"": ""2025112222001445901453385045\t"", ""paymentMethod"": ""宁波银行信用卡(4573)"", ""tradeCategory"": ""交通出行"", ""incomeOrExpense"": ""支出"", ""merchantOrderNo"": ""25112211131610500126\t"", ""productDescription"": ""上海公交-803路-2025-11-22 09:13:13"", ""counterpartyAccount"": ""jtk***@sptcc.com""}",2025112222001445901453385045	,2025-11-22 11:13:16,2.00,OUT,上海公共交通卡股份有限公司,4573,上海公交-803路-2025-11-22 09:13:13 - 交通出行,203,2.0.0,0,2026-02-04 15:49:33,PARSED,3,2026-02-04 15:49:36,3,2026-02-04 15:49:36,0,交通补贴
93,2,3,ALIPAY,PLATFORM_ORDER,93f381a719372110b685122490451ad0,"{""amount"": ""1.00"", ""remark"": """", ""tradeTime"": ""2025-12-24 20:28:47"", ""tradeStatus"": ""交易成功"", ""counterparty"": ""上海公共交通卡股份有限公司"", ""tradeOrderNo"": ""2025122422001445901408302622\t"", ""paymentMethod"": ""宁波银行信用卡(4573)"", ""tradeCategory"": ""交通出行"", ""incomeOrExpense"": ""支出"", ""merchantOrderNo"": ""25122420284710500195\t"", ""productDescription"": ""上海公交-803路-2025-12-24 18:28:44"", ""counterpartyAccount"": ""jtk***@sptcc.com""}",2025122422001445901408302622	,2025-12-24 20:28:47,1.00,OUT,上海公共交通卡股份有限公司,4573,上海公交-803路-2025-12-24 18:28:44 - 交通出行,203,2.0.0,0,2026-02-04 15:49:33,PARSED,3,2026-02-04 15:49:35,3,2026-02-04 15:49:35,0,交通补贴
251,2,3,ALIPAY,PLATFORM_ORDER,97b2510c5d552a2b867d2e882ead3500,"{""amount"": ""3.00"", ""remark"": """", ""tradeTime"": ""2025-11-21 21:20:19"", ""tradeStatus"": ""交易成功"", ""counterparty"": ""上海公共交通卡股份有限公司"", ""tradeOrderNo"": ""2025112122001445901452184982\t"", ""paymentMethod"": ""宁波银行信用卡(4573)"", ""tradeCategory"": ""交通出行"", ""incomeOrExpense"": ""支出"", ""merchantOrderNo"": ""25112121201910400238\t"", ""productDescription"": ""上海地铁-漕河泾开发区-2025-11-21 19:06:49-七宝-2025-11-21 19:20:16"", ""counterpartyAccount"": ""zfb***@sptcc.com""}",2025112122001445901452184982	,2025-11-21 21:20:19,3.00,OUT,上海公共交通卡股份有限公司,4573,上海地铁-漕河泾开发区-2025-11-21 19:06:49-七宝-2025-11-21 19:20:16 - 交通出行,203,2.0.0,0,2026-02-04 15:49:33,PARSED,3,2026-02-04 15:49:36,3,2026-02-04 15:49:36,0,交通补贴
67,2,3,ALIPAY,PLATFORM_ORDER,a72bdef19ceb91d2fe9fa07b1ddd9048,"{""amount"": ""1.00"", ""remark"": """", ""tradeTime"": ""2025-12-29 10:57:13"", ""tradeStatus"": ""交易成功"", ""counterparty"": ""上海公共交通卡股份有限公司"", ""tradeOrderNo"": ""2025122922001445901427157467\t"", ""paymentMethod"": ""宁波银行信用卡(4573)&宁波银行立减金"", ""tradeCategory"": ""交通出行"", ""incomeOrExpense"": ""支出"", ""merchantOrderNo"": ""25122910571210400103\t"", ""productDescription"": ""上海地铁-七宝-2025-12-29 08:47:20-漕河泾开发区-2025-12-29 08:57:09"", ""counterpartyAccount"": ""zfb***@sptcc.com""}",2025122922001445901427157467	,2025-12-29 10:57:13,1.00,OUT,上海公共交通卡股份有限公司,4573,上海地铁-七宝-2025-12-29 08:47:20-漕河泾开发区-2025-12-29 08:57:09 - 交通出行,203,2.0.0,0,2026-02-04 15:49:33,PARSED,3,2026-02-04 15:49:35,3,2026-02-04 15:49:35,0,交通补贴
253,2,3,ALIPAY,PLATFORM_ORDER,e4e6a28f508cf1f8a2077bc6e7d6939f,"{""amount"": ""2.00"", ""remark"": """", ""tradeTime"": ""2025-11-21 10:04:49"", ""tradeStatus"": ""交易成功"", ""counterparty"": ""上海公共交通卡股份有限公司"", ""tradeOrderNo"": ""2025112122001445901445122879\t"", ""paymentMethod"": ""宁波银行信用卡(4573)"", ""tradeCategory"": ""交通出行"", ""incomeOrExpense"": ""支出"", ""merchantOrderNo"": ""25112110044910400450\t"", ""productDescription"": ""上海公交-803路-2025-11-21 08:04:46"", ""counterpartyAccount"": ""jtk***@sptcc.com""}",2025112122001445901445122879	,2025-11-21 10:04:49,2.00,OUT,上海公共交通卡股份有限公司,4573,上海公交-803路-2025-11-21 08:04:46 - 交通出行,203,2.0.0,0,2026-02-04 15:49:33,PARSED,3,2026-02-04 15:49:36,3,2026-02-04 15:49:36,0,交通补贴
71,2,3,ALIPAY,PLATFORM_ORDER,f8fb7825bb522228235b52badaf53090,"{""amount"": ""4.00"", ""remark"": """", ""tradeTime"": ""2025-12-28 21:24:04"", ""tradeStatus"": ""交易成功"", ""counterparty"": ""上海公共交通卡股份有限公司"", ""tradeOrderNo"": ""2025122822001445901428271248\t"", ""paymentMethod"": ""宁波银行信用卡(4573)"", ""tradeCategory"": ""交通出行"", ""incomeOrExpense"": ""支出"", ""merchantOrderNo"": ""25122821240410400070\t"", ""productDescription"": ""上海地铁-桂林路-2025-12-28 19:08:51-七宝-2025-12-28 19:24:01"", ""counterpartyAccount"": ""zfb***@sptcc.com""}",2025122822001445901428271248	,2025-12-28 21:24:04,4.00,OUT,上海公共交通卡股份有限公司,4573,上海地铁-桂林路-2025-12-28 19:08:51-七宝-2025-12-28 19:24:01 - 交通出行,203,2.0.0,0,2026-02-04 15:49:33,PARSED,3,2026-02-04 15:49:35,3,2026-02-04 15:49:35,0,交通补贴
255,2,3,ALIPAY,PLATFORM_ORDER,7070958c9b4a3db10bd7bdf8dda6eea3,"{""amount"": ""1.00"", ""remark"": """", ""tradeTime"": ""2025-11-20 23:28:54"", ""tradeStatus"": ""交易成功"", ""counterparty"": ""上海公共交通卡股份有限公司"", ""tradeOrderNo"": ""2025112022001445901445141732\t"", ""paymentMethod"": ""宁波银行信用卡(4573)"", ""tradeCategory"": ""交通出行"", ""incomeOrExpense"": ""支出"", ""merchantOrderNo"": ""25112023285410500004\t"", ""productDescription"": ""上海公交-189路-2025-11-20 21:28:51"", ""counterpartyAccount"": ""jtk***@sptcc.com""}",2025112022001445901445141732	,2025-11-20 23:28:54,1.00,OUT,上海公共交通卡股份有限公司,4573,上海公交-189路-2025-11-20 21:28:51 - 交通出行,203,2.0.0,0,2026-02-04 15:49:33,PARSED,3,2026-02-04 15:49:36,3,2026-02-04 15:49:36,0,交通补贴
103,2,3,ALIPAY,PLATFORM_ORDER,1e60200f9df2179dc46a7b4f85983419,"{""amount"": ""2.00"", ""remark"": """", ""tradeTime"": ""2025-12-23 11:01:50"", ""tradeStatus"": ""交易成功"", ""counterparty"": ""上海公共交通卡股份有限公司"", ""tradeOrderNo"": ""2025122322001445901450172758\t"", ""paymentMethod"": ""宁波银行信用卡(4573)"", ""tradeCategory"": ""交通出行"", ""incomeOrExpense"": ""支出"", ""merchantOrderNo"": ""25122311015010500072\t"", ""productDescription"": ""上海地铁-七宝-2025-12-23 08:49:29-漕河泾开发区-2025-12-23 09:01:47"", ""counterpartyAccount"": ""zfb***@sptcc.com""}",2025122322001445901450172758	,2025-12-23 11:01:50,2.00,OUT,上海公共交通卡股份有限公司,4573,上海地铁-七宝-2025-12-23 08:49:29-漕河泾开发区-2025-12-23 09:01:47 - 交通出行,203,2.0.0,0,2026-02-04 15:49:33,PARSED,3,2026-02-04 15:49:35,3,2026-02-04 15:49:35,0,交通补贴
257,2,3,ALIPAY,PLATFORM_ORDER,f30662e4aed7a244dc7d62d9b607c9a7,"{""amount"": ""21.62"", ""remark"": """", ""tradeTime"": ""2025-11-20 18:29:45"", ""tradeStatus"": ""交易成功"", ""counterparty"": ""玖集科产店"", ""tradeOrderNo"": ""2025112022001445901434726118\t"", ""paymentMethod"": ""宁波银行信用卡(4573)"", ""tradeCategory"": ""餐饮美食"", ""incomeOrExpense"": ""支出"", ""merchantOrderNo"": ""06126600004836000083620251120689250130\t"", ""productDescription"": ""玖集科产大厦店-消费"", ""counterpartyAccount"": ""/""}",2025112022001445901434726118	,2025-11-20 18:29:45,21.62,OUT,玖集科产店,4573,玖集科产大厦店-消费 - 餐饮美食,16,2.0.0,0,2026-02-04 15:49:33,PARSED,3,2026-02-04 15:49:36,3,2026-02-04 15:49:36,0,餐饮美食
94,2,3,ALIPAY,PLATFORM_ORDER,959f29ea91615114d61750a0d516b580,"{""amount"": ""3.00"", ""remark"": """", ""tradeTime"": ""2025-12-24 20:19:09"", ""tradeStatus"": ""交易成功"", ""counterparty"": ""上海公共交通卡股份有限公司"", ""tradeOrderNo"": ""2025122422001445901407242937\t"", ""paymentMethod"": ""宁波银行信用卡(4573)"", ""tradeCategory"": ""交通出行"", ""incomeOrExpense"": ""支出"", ""merchantOrderNo"": ""25122420190910400558\t"", ""productDescription"": ""上海地铁-漕河泾开发区-2025-12-24 18:09:59-七宝-2025-12-24 18:19:06"", ""counterpartyAccount"": ""zfb***@sptcc.com""}",2025122422001445901407242937	,2025-12-24 20:19:09,3.00,OUT,上海公共交通卡股份有限公司,4573,上海地铁-漕河泾开发区-2025-12-24 18:09:59-七宝-2025-12-24 18:19:06 - 交通出行,203,2.0.0,0,2026-02-04 15:49:33,PARSED,3,2026-02-04 15:49:35,3,2026-02-04 15:49:35,0,交通补贴
259,2,3,ALIPAY,PLATFORM_ORDER,c9ba5c6c45f2d024a9e0539e877b6616,"{""amount"": ""2.00"", ""remark"": """", ""tradeTime"": ""2025-11-20 10:02:34"", ""tradeStatus"": ""交易成功"", ""counterparty"": ""上海公共交通卡股份有限公司"", ""tradeOrderNo"": ""2025112022001445901434364568\t"", ""paymentMethod"": ""宁波银行信用卡(4573)"", ""tradeCategory"": ""交通出行"", ""incomeOrExpense"": ""支出"", ""merchantOrderNo"": ""25112010023410400170\t"", ""productDescription"": ""上海公交-803路-2025-11-20 08:02:31"", ""counterpartyAccount"": ""jtk***@sptcc.com""}",2025112022001445901434364568	,2025-11-20 10:02:34,2.00,OUT,上海公共交通卡股份有限公司,4573,上海公交-803路-2025-11-20 08:02:31 - 交通出行,203,2.0.0,0,2026-02-04 15:49:33,PARSED,3,2026-02-04 15:49:36,3,2026-02-04 15:49:36,0,交通补贴
98,2,3,ALIPAY,PLATFORM_ORDER,ffbcb556c38cf806961bd95eff774780,"{""amount"": ""1.00"", ""remark"": """", ""tradeTime"": ""2025-12-23 23:48:53"", ""tradeStatus"": ""交易成功"", ""counterparty"": ""上海公共交通卡股份有限公司"", ""tradeOrderNo"": ""2025122322001445901400077146\t"", ""paymentMethod"": ""宁波银行信用卡(4573)"", ""tradeCategory"": ""交通出行"", ""incomeOrExpense"": ""支出"", ""merchantOrderNo"": ""25122323485310500018\t"", ""productDescription"": ""上海公交-803路-2025-12-23 21:48:50"", ""counterpartyAccount"": ""jtk***@sptcc.com""}",2025122322001445901400077146	,2025-12-23 23:48:53,1.00,OUT,上海公共交通卡股份有限公司,4573,上海公交-803路-2025-12-23 21:48:50 - 交通出行,203,2.0.0,0,2026-02-04 15:49:33,PARSED,3,2026-02-04 15:49:35,3,2026-02-04 15:49:35,0,交通补贴
261,2,3,ALIPAY,PLATFORM_ORDER,6a3337abfaa743bc5cc81f7b5c4a6ecc,"{""amount"": ""1.00"", ""remark"": """", ""tradeTime"": ""2025-11-19 23:43:08"", ""tradeStatus"": ""交易成功"", ""counterparty"": ""上海公共交通卡股份有限公司"", ""tradeOrderNo"": ""2025111922001445901434686305\t"", ""paymentMethod"": ""宁波银行信用卡(4573)"", ""tradeCategory"": ""交通出行"", ""incomeOrExpense"": ""支出"", ""merchantOrderNo"": ""25111923430810400025\t"", ""productDescription"": ""上海公交-803路-2025-11-19 21:43:05"", ""counterpartyAccount"": ""jtk***@sptcc.com""}",2025111922001445901434686305	,2025-11-19 23:43:08,1.00,OUT,上海公共交通卡股份有限公司,4573,上海公交-803路-2025-11-19 21:43:05 - 交通出行,203,2.0.0,0,2026-02-04 15:49:33,PARSED,3,2026-02-04 15:49:36,3,2026-02-04 15:49:36,0,交通补贴
291,2,3,ALIPAY,PLATFORM_ORDER,be3c75df1b629f5765603b8e6dd892a8,"{""amount"": ""5.69"", ""remark"": """", ""tradeTime"": ""2025-11-13 19:05:13"", ""tradeStatus"": ""交易成功"", ""counterparty"": ""友宝"", ""tradeOrderNo"": ""2025111322001445901445656722\t"", ""paymentMethod"": ""宁波银行信用卡(4573)"", ""tradeCategory"": ""餐饮美食"", ""incomeOrExpense"": ""支出"", ""merchantOrderNo"": ""1711202511136858804221104141\t"", ""productDescription"": ""智能货柜消费_消费时间 :2025-11-13 19:03:44"", ""counterpartyAccount"": ""ton***@ubox.cn""}",2025111322001445901445656722	,2025-11-13 19:05:13,5.69,OUT,友宝,4573,智能货柜消费_消费时间 :2025-11-13 19:03:44 - 餐饮美食,16,2.0.0,0,2026-02-04 15:49:33,PARSED,3,2026-02-04 15:49:36,3,2026-02-04 15:49:36,0,餐饮美食
263,2,3,ALIPAY,PLATFORM_ORDER,bde9c66424476114a25df001f4d165b1,"{""amount"": ""17.23"", ""remark"": """", ""tradeTime"": ""2025-11-19 18:27:33"", ""tradeStatus"": ""交易成功"", ""counterparty"": ""玖集科产店"", ""tradeOrderNo"": ""2025111923001445901434314816\t"", ""paymentMethod"": ""宁波银行信用卡(4573)"", ""tradeCategory"": ""餐饮美食"", ""incomeOrExpense"": ""支出"", ""merchantOrderNo"": ""22126600004836000083620251119673709990\t"", ""productDescription"": ""玖集科产大厦店-消费"", ""counterpartyAccount"": ""/""}",2025111923001445901434314816	,2025-11-19 18:27:33,17.23,OUT,玖集科产店,4573,玖集科产大厦店-消费 - 餐饮美食,16,2.0.0,0,2026-02-04 15:49:33,PARSED,3,2026-02-04 15:49:36,3,2026-02-04 15:49:36,0,餐饮美食
285,2,3,ALIPAY,PLATFORM_ORDER,e2af3862fafae86341f12010a801b272,"{""amount"": ""43.54"", ""remark"": """", ""tradeTime"": ""2025-11-15 09:45:26"", ""tradeStatus"": ""交易成功"", ""counterparty"": ""淘宝闪购"", ""tradeOrderNo"": ""2025111522001145901400472519\t"", ""paymentMethod"": ""宁波银行信用卡(4573)&宁波银行立减金"", ""tradeCategory"": ""其他"", ""incomeOrExpense"": ""支出"", ""merchantOrderNo"": ""13090600725111580140856796052\t"", ""productDescription"": ""大润发(华漕店)"", ""counterpartyAccount"": ""ele***@service.aliyun.com""}",2025111522001145901400472519	,2025-11-15 09:45:26,43.54,OUT,淘宝闪购,4573,大润发(华漕店) - 其他,1605,2.0.0,0,2026-02-04 15:49:33,PARSED,3,2026-02-04 15:49:36,3,2026-02-04 15:49:36,0,买菜原料
265,2,3,ALIPAY,PLATFORM_ORDER,7d3b5c26facbba8c656386a5010b6e0a,"{""amount"": ""2.00"", ""remark"": """", ""tradeTime"": ""2025-11-19 10:04:12"", ""tradeStatus"": ""交易成功"", ""counterparty"": ""上海公共交通卡股份有限公司"", ""tradeOrderNo"": ""2025111922001445901433704884\t"", ""paymentMethod"": ""宁波银行信用卡(4573)"", ""tradeCategory"": ""交通出行"", ""incomeOrExpense"": ""支出"", ""merchantOrderNo"": ""25111910041210500536\t"", ""productDescription"": ""上海公交-803路-2025-11-19 08:04:09"", ""counterpartyAccount"": ""jtk***@sptcc.com""}",2025111922001445901433704884	,2025-11-19 10:04:12,2.00,OUT,上海公共交通卡股份有限公司,4573,上海公交-803路-2025-11-19 08:04:09 - 交通出行,203,2.0.0,0,2026-02-04 15:49:33,PARSED,3,2026-02-04 15:49:36,3,2026-02-04 15:49:36,0,交通补贴
95,2,3,ALIPAY,PLATFORM_ORDER,4ce3b901ba8d8ef07d44c67dcd9d6aa9,"{""amount"": ""2.50"", ""remark"": """", ""tradeTime"": ""2025-12-24 12:15:19"", ""tradeStatus"": ""交易成功"", ""counterparty"": ""友宝"", ""tradeOrderNo"": ""2025122422001445901401367258\t"", ""paymentMethod"": ""宁波银行信用卡(4573)"", ""tradeCategory"": ""餐饮美食"", ""incomeOrExpense"": ""支出"", ""merchantOrderNo"": ""1711202512244403702221104141\t"", ""productDescription"": ""智能货柜消费_消费时间 :2025-12-24 12:14:13"", ""counterpartyAccount"": ""ton***@ubox.cn""}",2025122422001445901401367258	,2025-12-24 12:15:19,2.50,OUT,友宝,4573,智能货柜消费_消费时间 :2025-12-24 12:14:13 - 餐饮美食,16,2.0.0,0,2026-02-04 15:49:33,PARSED,3,2026-02-04 15:49:35,3,2026-02-04 15:49:35,0,餐饮美食
267,2,3,ALIPAY,PLATFORM_ORDER,59c689a0cbdd7d58f27dece9ad7445d6,"{""amount"": ""1.00"", ""remark"": """", ""tradeTime"": ""2025-11-18 23:42:29"", ""tradeStatus"": ""交易成功"", ""counterparty"": ""上海公共交通卡股份有限公司"", ""tradeOrderNo"": ""2025111822001445901428601430\t"", ""paymentMethod"": ""宁波银行信用卡(4573)"", ""tradeCategory"": ""交通出行"", ""incomeOrExpense"": ""支出"", ""merchantOrderNo"": ""25111823422910500004\t"", ""productDescription"": ""上海公交-803路-2025-11-18 21:42:26"", ""counterpartyAccount"": ""jtk***@sptcc.com""}",2025111822001445901428601430	,2025-11-18 23:42:29,1.00,OUT,上海公共交通卡股份有限公司,4573,上海公交-803路-2025-11-18 21:42:26 - 交通出行,203,2.0.0,0,2026-02-04 15:49:33,PARSED,3,2026-02-04 15:49:36,3,2026-02-04 15:49:36,0,交通补贴
142,2,3,ALIPAY,PLATFORM_ORDER,5deb0f509530e4bc0ff23d559d96a422,"{""amount"": ""11.09"", ""remark"": """", ""tradeTime"": ""2025-12-15 12:33:00"", ""tradeStatus"": ""交易成功"", ""counterparty"": ""淘天物流科技有限公司"", ""tradeOrderNo"": ""2025121522001445901408292324\t"", ""paymentMethod"": ""工商银行储蓄卡(1637)&工商银行立减金"", ""tradeCategory"": ""生活服务"", ""incomeOrExpense"": ""支出"", ""merchantOrderNo"": ""CN_V1_602375224158250055\t"", ""productDescription"": ""淘宝退货-寄件费_2349344535_LP00784699374325"", ""counterpartyAccount"": ""ttw***@service.aliyun.com""}",2025121522001445901408292324	,2025-12-15 12:33:00,11.09,OUT,淘天物流科技有限公司,1637,淘宝退货-寄件费_2349344535_LP00784699374325 - 生活服务,1803,2.0.0,0,2026-02-04 15:49:33,PARSED,3,2026-02-04 15:49:35,3,2026-02-04 15:49:35,0,网购
269,2,3,ALIPAY,PLATFORM_ORDER,00107d2c49b6c53e64f44626c2eb81d3,"{""amount"": ""14.21"", ""remark"": """", ""tradeTime"": ""2025-11-18 18:36:17"", ""tradeStatus"": ""交易成功"", ""counterparty"": ""玖集科产店"", ""tradeOrderNo"": ""2025111822001445901429007448\t"", ""paymentMethod"": ""宁波银行信用卡(4573)"", ""tradeCategory"": ""餐饮美食"", ""incomeOrExpense"": ""支出"", ""merchantOrderNo"": ""09126600004836000083620251118777634893\t"", ""productDescription"": ""玖集科产大厦店-消费"", ""counterpartyAccount"": ""/""}",2025111822001445901429007448	,2025-11-18 18:36:17,14.21,OUT,玖集科产店,4573,玖集科产大厦店-消费 - 餐饮美食,16,2.0.0,0,2026-02-04 15:49:33,PARSED,3,2026-02-04 15:49:36,3,2026-02-04 15:49:36,0,餐饮美食
287,2,3,ALIPAY,PLATFORM_ORDER,5bf1fd1f0249fbf45113b19f07d8a6ff,"{""amount"": ""2.00"", ""remark"": """", ""tradeTime"": ""2025-11-14 10:02:58"", ""tradeStatus"": ""交易成功"", ""counterparty"": ""上海公共交通卡股份有限公司"", ""tradeOrderNo"": ""2025111422001445901454815387\t"", ""paymentMethod"": ""宁波银行信用卡(4573)"", ""tradeCategory"": ""交通出行"", ""incomeOrExpense"": ""支出"", ""merchantOrderNo"": ""25111410025810400324\t"", ""productDescription"": ""上海公交-803路-2025-11-14 08:02:55"", ""counterpartyAccount"": ""jtk***@sptcc.com""}",2025111422001445901454815387	,2025-11-14 10:02:58,2.00,OUT,上海公共交通卡股份有限公司,4573,上海公交-803路-2025-11-14 08:02:55 - 交通出行,203,2.0.0,0,2026-02-04 15:49:33,PARSED,3,2026-02-04 15:49:36,3,2026-02-04 15:49:36,0,交通补贴
271,2,3,ALIPAY,PLATFORM_ORDER,9db59be67c88ee278c72a96ad553e57f,"{""amount"": ""2.00"", ""remark"": """", ""tradeTime"": ""2025-11-18 10:04:05"", ""tradeStatus"": ""交易成功"", ""counterparty"": ""上海公共交通卡股份有限公司"", ""tradeOrderNo"": ""2025111822001445901421657625\t"", ""paymentMethod"": ""宁波银行信用卡(4573)"", ""tradeCategory"": ""交通出行"", ""incomeOrExpense"": ""支出"", ""merchantOrderNo"": ""25111810040510500180\t"", ""productDescription"": ""上海公交-803路-2025-11-18 08:04:02"", ""counterpartyAccount"": ""jtk***@sptcc.com""}",2025111822001445901421657625	,2025-11-18 10:04:05,2.00,OUT,上海公共交通卡股份有限公司,4573,上海公交-803路-2025-11-18 08:04:02 - 交通出行,203,2.0.0,0,2026-02-04 15:49:33,PARSED,3,2026-02-04 15:49:36,3,2026-02-04 15:49:36,0,交通补贴
273,2,3,ALIPAY,PLATFORM_ORDER,12acac50f1bb794bf0123861d341471c,"{""amount"": ""1.00"", ""remark"": """", ""tradeTime"": ""2025-11-17 23:41:15"", ""tradeStatus"": ""交易成功"", ""counterparty"": ""上海公共交通卡股份有限公司"", ""tradeOrderNo"": ""2025111722001445901420979908\t"", ""paymentMethod"": ""宁波银行信用卡(4573)"", ""tradeCategory"": ""交通出行"", ""incomeOrExpense"": ""支出"", ""merchantOrderNo"": ""25111723411510500020\t"", ""productDescription"": ""上海公交-803路-2025-11-17 21:41:12"", ""counterpartyAccount"": ""jtk***@sptcc.com""}",2025111722001445901420979908	,2025-11-17 23:41:15,1.00,OUT,上海公共交通卡股份有限公司,4573,上海公交-803路-2025-11-17 21:41:12 - 交通出行,203,2.0.0,0,2026-02-04 15:49:33,PARSED,3,2026-02-04 15:49:36,3,2026-02-04 15:49:36,0,交通补贴
96,2,3,ALIPAY,PLATFORM_ORDER,61af84ba6a23300981036ce0c5b468a6,"{""amount"": ""2.00"", ""remark"": """", ""tradeTime"": ""2025-12-24 10:58:43"", ""tradeStatus"": ""交易成功"", ""counterparty"": ""上海公共交通卡股份有限公司"", ""tradeOrderNo"": ""2025122422001445901459030697\t"", ""paymentMethod"": ""宁波银行信用卡(4573)"", ""tradeCategory"": ""交通出行"", ""incomeOrExpense"": ""支出"", ""merchantOrderNo"": ""25122410584210500056\t"", ""productDescription"": ""上海地铁-七宝-2025-12-24 08:48:13-漕河泾开发区-2025-12-24 08:58:39"", ""counterpartyAccount"": ""zfb***@sptcc.com""}",2025122422001445901459030697	,2025-12-24 10:58:43,2.00,OUT,上海公共交通卡股份有限公司,4573,上海地铁-七宝-2025-12-24 08:48:13-漕河泾开发区-2025-12-24 08:58:39 - 交通出行,203,2.0.0,0,2026-02-04 15:49:33,PARSED,3,2026-02-04 15:49:35,3,2026-02-04 15:49:35,0,交通补贴
275,2,3,ALIPAY,PLATFORM_ORDER,08ddb30feacbdef8ca246940fbcf6234,"{""amount"": ""6.49"", ""remark"": """", ""tradeTime"": ""2025-11-17 21:29:27"", ""tradeStatus"": ""交易成功"", ""counterparty"": ""罗森(七莘路3062店)"", ""tradeOrderNo"": ""2025111722001445901422062397\t"", ""paymentMethod"": ""宁波银行信用卡(4573)&宁波银行立减金"", ""tradeCategory"": ""日用百货"", ""incomeOrExpense"": ""支出"", ""merchantOrderNo"": ""702035653788\t"", ""productDescription"": ""支付宝支付七莘路3062号店消费"", ""counterpartyAccount"": ""law***@lawson.com.cn""}",2025111722001445901422062397	,2025-11-17 21:29:27,6.49,OUT,罗森(七莘路3062店),4573,支付宝支付七莘路3062号店消费 - 日用百货,1202,2.0.0,0,2026-02-04 15:49:33,PARSED,3,2026-02-04 15:49:36,3,2026-02-04 15:49:36,0,支付宝红包
68,2,3,ALIPAY,PLATFORM_ORDER,c6c56fada8504263c4dd15bc3a74eb7c,"{""amount"": ""2.00"", ""remark"": """", ""tradeTime"": ""2025-12-29 10:02:30"", ""tradeStatus"": ""交易成功"", ""counterparty"": ""上海公共交通卡股份有限公司"", ""tradeOrderNo"": ""2025122922001445901427618806\t"", ""paymentMethod"": ""宁波银行信用卡(4573)"", ""tradeCategory"": ""交通出行"", ""incomeOrExpense"": ""支出"", ""merchantOrderNo"": ""25122910023010400055\t"", ""productDescription"": ""上海公交-803路-2025-12-29 08:02:27"", ""counterpartyAccount"": ""jtk***@sptcc.com""}",2025122922001445901427618806	,2025-12-29 10:02:30,2.00,OUT,上海公共交通卡股份有限公司,4573,上海公交-803路-2025-12-29 08:02:27 - 交通出行,203,2.0.0,0,2026-02-04 15:49:33,PARSED,3,2026-02-04 15:49:35,3,2026-02-04 15:49:35,0,交通补贴
277,2,3,ALIPAY,PLATFORM_ORDER,272dda4f535edef12f2f24726bd7a27b,"{""amount"": ""2.00"", ""remark"": """", ""tradeTime"": ""2025-11-17 10:03:39"", ""tradeStatus"": ""交易成功"", ""counterparty"": ""上海公共交通卡股份有限公司"", ""tradeOrderNo"": ""2025111722001445901414145751\t"", ""paymentMethod"": ""宁波银行信用卡(4573)"", ""tradeCategory"": ""交通出行"", ""incomeOrExpense"": ""支出"", ""merchantOrderNo"": ""25111710033910400444\t"", ""productDescription"": ""上海公交-803路-2025-11-17 08:03:36"", ""counterpartyAccount"": ""jtk***@sptcc.com""}",2025111722001445901414145751	,2025-11-17 10:03:39,2.00,OUT,上海公共交通卡股份有限公司,4573,上海公交-803路-2025-11-17 08:03:36 - 交通出行,203,2.0.0,0,2026-02-04 15:49:33,PARSED,3,2026-02-04 15:49:36,3,2026-02-04 15:49:36,0,交通补贴
72,2,3,ALIPAY,PLATFORM_ORDER,a232fa8910587dd9516d3d7e19c23353,"{""amount"": ""3.00"", ""remark"": """", ""tradeTime"": ""2025-12-28 19:47:43"", ""tradeStatus"": ""交易成功"", ""counterparty"": ""上海公共交通卡股份有限公司"", ""tradeOrderNo"": ""2025122822001445901427157372\t"", ""paymentMethod"": ""宁波银行信用卡(4573)"", ""tradeCategory"": ""交通出行"", ""incomeOrExpense"": ""支出"", ""merchantOrderNo"": ""25122819474310500102\t"", ""productDescription"": ""上海地铁-漕河泾开发区-2025-12-28 17:22:08-桂林路-2025-12-28 17:47:40"", ""counterpartyAccount"": ""zfb***@sptcc.com""}",2025122822001445901427157372	,2025-12-28 19:47:43,3.00,OUT,上海公共交通卡股份有限公司,4573,上海地铁-漕河泾开发区-2025-12-28 17:22:08-桂林路-2025-12-28 17:47:40 - 交通出行,203,2.0.0,0,2026-02-04 15:49:33,PARSED,3,2026-02-04 15:49:35,3,2026-02-04 15:49:35,0,交通补贴
279,2,3,ALIPAY,PLATFORM_ORDER,cec8c25a656c4177ddc9c7e7a9c23970,"{""amount"": ""1.76"", ""remark"": """", ""tradeTime"": ""2025-11-16 10:47:34"", ""tradeStatus"": ""交易成功"", ""counterparty"": ""上海公共交通卡股份有限公司"", ""tradeOrderNo"": ""2025111622001445901408198695\t"", ""paymentMethod"": ""宁波银行信用卡(4573)&宁波银行立减金"", ""tradeCategory"": ""交通出行"", ""incomeOrExpense"": ""支出"", ""merchantOrderNo"": ""25111610473410400054\t"", ""productDescription"": ""上海地铁-七宝-2025-11-16 08:34:53-漕河泾开发区-2025-11-16 08:47:31"", ""counterpartyAccount"": ""zfb***@sptcc.com""}",2025111622001445901408198695	,2025-11-16 10:47:34,1.76,OUT,上海公共交通卡股份有限公司,4573,上海地铁-七宝-2025-11-16 08:34:53-漕河泾开发区-2025-11-16 08:47:31 - 交通出行,203,2.0.0,0,2026-02-04 15:49:33,PARSED,3,2026-02-04 15:49:36,3,2026-02-04 15:49:36,0,交通补贴
327,2,3,ALIPAY,PLATFORM_ORDER,aba462e26a972ece44f313c3dd3704df,"{""amount"": ""2.58"", ""remark"": """", ""tradeTime"": ""2025-11-05 08:38:39"", ""tradeStatus"": ""交易成功"", ""counterparty"": ""沪松公路五店"", ""tradeOrderNo"": ""2025110522001445901444930968\t"", ""paymentMethod"": ""宁波银行信用卡(4573)&碰一下立减"", ""tradeCategory"": ""日用百货"", ""incomeOrExpense"": ""支出"", ""merchantOrderNo"": ""SXA1O110715008025\t"", ""productDescription"": ""上海全家便利店"", ""counterpartyAccount"": ""180***@qq.com""}",2025110522001445901444930968	,2025-11-05 08:38:39,2.58,OUT,沪松公路五店,4573,上海全家便利店 - 日用百货,1802,2.0.0,0,2026-02-04 15:49:34,PARSED,3,2026-02-04 15:49:36,3,2026-02-04 15:49:36,0,便利店
281,2,3,ALIPAY,PLATFORM_ORDER,65dff15a9633e2d56191cec59373b368,"{""amount"": ""2.80"", ""remark"": """", ""tradeTime"": ""2025-11-16 08:28:25"", ""tradeStatus"": ""交易成功"", ""counterparty"": ""沪松公路五店"", ""tradeOrderNo"": ""2025111622001445901401934211\t"", ""paymentMethod"": ""宁波银行信用卡(4573)"", ""tradeCategory"": ""日用百货"", ""incomeOrExpense"": ""支出"", ""merchantOrderNo"": ""SXA1O1062559826\t"", ""productDescription"": ""上海全家便利店"", ""counterpartyAccount"": ""180***@qq.com""}",2025111622001445901401934211	,2025-11-16 08:28:25,2.80,OUT,沪松公路五店,4573,上海全家便利店 - 日用百货,1802,2.0.0,0,2026-02-04 15:49:33,PARSED,3,2026-02-04 15:49:36,3,2026-02-04 15:49:36,0,便利店
325,2,3,ALIPAY,PLATFORM_ORDER,f7a7c32a2fdeb5b731e68d57c779f95f,"{""amount"": ""1.76"", ""remark"": """", ""tradeTime"": ""2025-11-05 10:55:35"", ""tradeStatus"": ""交易成功"", ""counterparty"": ""上海公共交通卡股份有限公司"", ""tradeOrderNo"": ""2025110522001445901453114183\t"", ""paymentMethod"": ""宁波银行信用卡(4573)&宁波银行立减金"", ""tradeCategory"": ""交通出行"", ""incomeOrExpense"": ""支出"", ""merchantOrderNo"": ""25110510553510400522\t"", ""productDescription"": ""上海地铁-七宝-2025-11-05 08:44:20-漕河泾开发区-2025-11-05 08:55:32"", ""counterpartyAccount"": ""zfb***@sptcc.com""}",2025110522001445901453114183	,2025-11-05 10:55:35,1.76,OUT,上海公共交通卡股份有限公司,4573,上海地铁-七宝-2025-11-05 08:44:20-漕河泾开发区-2025-11-05 08:55:32 - 交通出行,203,2.0.0,0,2026-02-04 15:49:34,PARSED,3,2026-02-04 15:49:36,3,2026-02-04 15:49:36,0,交通补贴
299,2,3,ALIPAY,PLATFORM_ORDER,20e27755422b7a9e0599d4764ed82148,"{""amount"": ""3.00"", ""remark"": """", ""tradeTime"": ""2025-11-11 23:17:23"", ""tradeStatus"": ""交易成功"", ""counterparty"": ""上海公共交通卡股份有限公司"", ""tradeOrderNo"": ""2025111122001445901440319850\t"", ""paymentMethod"": ""宁波银行信用卡(4573)"", ""tradeCategory"": ""交通出行"", ""incomeOrExpense"": ""支出"", ""merchantOrderNo"": ""25111123172310400044\t"", ""productDescription"": ""上海地铁-漕河泾开发区-2025-11-11 21:04:39-七宝-2025-11-11 21:17:20"", ""counterpartyAccount"": ""zfb***@sptcc.com""}",2025111122001445901440319850	,2025-11-11 23:17:23,3.00,OUT,上海公共交通卡股份有限公司,4573,上海地铁-漕河泾开发区-2025-11-11 21:04:39-七宝-2025-11-11 21:17:20 - 交通出行,203,2.0.0,0,2026-02-04 15:49:33,PARSED,3,2026-02-04 15:49:36,3,2026-02-04 15:49:36,0,交通补贴
317,2,3,ALIPAY,PLATFORM_ORDER,a24f5c9e570363434f2eaf4e59c4d823,"{""amount"": ""3.00"", ""remark"": """", ""tradeTime"": ""2025-11-06 23:39:16"", ""tradeStatus"": ""交易成功"", ""counterparty"": ""上海公共交通卡股份有限公司"", ""tradeOrderNo"": ""2025110622001445901401233391\t"", ""paymentMethod"": ""宁波银行信用卡(4573)"", ""tradeCategory"": ""交通出行"", ""incomeOrExpense"": ""支出"", ""merchantOrderNo"": ""25110623391610500042\t"", ""productDescription"": ""上海地铁-漕河泾开发区-2025-11-06 21:24:32-七宝-2025-11-06 21:39:13"", ""counterpartyAccount"": ""zfb***@sptcc.com""}",2025110622001445901401233391	,2025-11-06 23:39:16,3.00,OUT,上海公共交通卡股份有限公司,4573,上海地铁-漕河泾开发区-2025-11-06 21:24:32-七宝-2025-11-06 21:39:13 - 交通出行,203,2.0.0,0,2026-02-04 15:49:34,PARSED,3,2026-02-04 15:49:36,3,2026-02-04 15:49:36,0,交通补贴
326,2,3,ALIPAY,PLATFORM_ORDER,7ea54c61c957f68f07105ba87bd99ea8,"{""amount"": ""2.00"", ""remark"": """", ""tradeTime"": ""2025-11-05 10:00:00"", ""tradeStatus"": ""交易成功"", ""counterparty"": ""上海公共交通卡股份有限公司"", ""tradeOrderNo"": ""2025110522001445901453967792\t"", ""paymentMethod"": ""宁波银行信用卡(4573)"", ""tradeCategory"": ""交通出行"", ""incomeOrExpense"": ""支出"", ""merchantOrderNo"": ""25110510000010400152\t"", ""productDescription"": ""上海公交-803路-2025-11-05 07:59:57"", ""counterpartyAccount"": ""jtk***@sptcc.com""}",2025110522001445901453967792	,2025-11-05 10:00:00,2.00,OUT,上海公共交通卡股份有限公司,4573,上海公交-803路-2025-11-05 07:59:57 - 交通出行,203,2.0.0,0,2026-02-04 15:49:34,PARSED,3,2026-02-04 15:49:36,3,2026-02-04 15:49:36,0,交通补贴
66,2,3,ALIPAY,PLATFORM_ORDER,24f97360e25968d22536b37e23f745e2,"{""amount"": ""3.00"", ""remark"": """", ""tradeTime"": ""2025-12-29 20:38:18"", ""tradeStatus"": ""交易成功"", ""counterparty"": ""上海公共交通卡股份有限公司"", ""tradeOrderNo"": ""2025122922001445901436056736\t"", ""paymentMethod"": ""宁波银行信用卡(4573)"", ""tradeCategory"": ""交通出行"", ""incomeOrExpense"": ""支出"", ""merchantOrderNo"": ""25122920381810400224\t"", ""productDescription"": ""上海地铁-漕河泾开发区-2025-12-29 18:27:40-七宝-2025-12-29 18:38:15"", ""counterpartyAccount"": ""zfb***@sptcc.com""}",2025122922001445901436056736	,2025-12-29 20:38:18,3.00,OUT,上海公共交通卡股份有限公司,4573,上海地铁-漕河泾开发区-2025-12-29 18:27:40-七宝-2025-12-29 18:38:15 - 交通出行,203,2.0.0,0,2026-02-04 15:49:33,PARSED,3,2026-02-04 15:49:35,3,2026-02-04 15:49:35,0,交通补贴
80,2,3,ALIPAY,PLATFORM_ORDER,c5bfcb1cfd8fb632c00cf82f5fbef5a1,"{""amount"": ""5.00"", ""remark"": """", ""tradeTime"": ""2025-12-27 21:23:08"", ""tradeStatus"": ""交易成功"", ""counterparty"": ""上海公共交通卡股份有限公司"", ""tradeOrderNo"": ""2025122722001445901422480210\t"", ""paymentMethod"": ""宁波银行信用卡(4573)"", ""tradeCategory"": ""交通出行"", ""incomeOrExpense"": ""支出"", ""merchantOrderNo"": ""25122721230810500144\t"", ""productDescription"": ""上海地铁-国家会展中心-2025-12-27 18:41:30-一大会址●新天地-2025-12-27 19:23:05"", ""counterpartyAccount"": ""zfb***@sptcc.com""}",2025122722001445901422480210	,2025-12-27 21:23:08,5.00,OUT,上海公共交通卡股份有限公司,4573,上海地铁-国家会展中心-2025-12-27 18:41:30-一大会址●新天地-2025-12-27 19:23:05 - 交通出行,203,2.0.0,0,2026-02-04 15:49:33,PARSED,3,2026-02-04 15:49:35,3,2026-02-04 15:49:35,0,交通补贴
128,2,3,ALIPAY,PLATFORM_ORDER,093f522eb1fdd1d4dbf67bcdd52c762a,"{""amount"": ""1.76"", ""remark"": """", ""tradeTime"": ""2025-12-17 10:52:00"", ""tradeStatus"": ""交易成功"", ""counterparty"": ""上海公共交通卡股份有限公司"", ""tradeOrderNo"": ""2025121722001445901420722706\t"", ""paymentMethod"": ""宁波银行信用卡(4573)&宁波银行立减金"", ""tradeCategory"": ""交通出行"", ""incomeOrExpense"": ""支出"", ""merchantOrderNo"": ""25121710515910400693\t"", ""productDescription"": ""上海地铁-七宝-2025-12-17 08:41:37-漕河泾开发区-2025-12-17 08:51:56"", ""counterpartyAccount"": ""zfb***@sptcc.com""}",2025121722001445901420722706	,2025-12-17 10:52:00,1.76,OUT,上海公共交通卡股份有限公司,4573,上海地铁-七宝-2025-12-17 08:41:37-漕河泾开发区-2025-12-17 08:51:56 - 交通出行,203,2.0.0,0,2026-02-04 15:49:33,PARSED,3,2026-02-04 15:49:35,3,2026-02-04 15:49:35,0,交通补贴
272,2,3,ALIPAY,PLATFORM_ORDER,6e2227b92ff2c1268c52a7cd3e59c388,"{""amount"": ""2.80"", ""remark"": """", ""tradeTime"": ""2025-11-18 08:34:46"", ""tradeStatus"": ""交易成功"", ""counterparty"": ""沪松公路五店"", ""tradeOrderNo"": ""2025111822001445901420199184\t"", ""paymentMethod"": ""宁波银行信用卡(4573)"", ""tradeCategory"": ""日用百货"", ""incomeOrExpense"": ""支出"", ""merchantOrderNo"": ""SXA1O1171892326\t"", ""productDescription"": ""上海全家便利店"", ""counterpartyAccount"": ""180***@qq.com""}",2025111822001445901420199184	,2025-11-18 08:34:46,2.80,OUT,沪松公路五店,4573,上海全家便利店 - 日用百货,1802,2.0.0,0,2026-02-04 15:49:33,PARSED,3,2026-02-04 15:49:36,3,2026-02-04 15:49:36,0,便利店
857,2,3,ALIPAY,PLATFORM_ORDER,51ccf6763450764df6de3784c696438c,"{""amount"": ""16.61"", ""remark"": """", ""tradeTime"": ""2025-03-30 22:09:28"", ""tradeStatus"": ""交易成功"", ""counterparty"": ""滴滴出行"", ""tradeOrderNo"": ""2025033022001445901431692731\t"", ""paymentMethod"": ""花呗&支付宝打车券"", ""tradeCategory"": ""交通出行"", ""incomeOrExpense"": ""支出"", ""merchantOrderNo"": ""212_202503308300343401858520\t"", ""productDescription"": ""特惠快车-李师傅-03月30日行程"", ""counterpartyAccount"": ""chu***@didichuxing.com""}",2025033022001445901431692731	,2025-03-30 22:09:28,16.61,OUT,滴滴出行,花呗&支付宝打车券,特惠快车-李师傅-03月30日行程 - 交通出行,1703,2.0.0,0,2026-02-04 15:49:35,PARSED,3,2026-02-04 15:49:37,3,2026-02-04 15:49:37,0,网约车
683,2,3,ALIPAY,PLATFORM_ORDER,d4680d55d731ccbf64bfdf8e5c8eecc4,"{""amount"": ""1.00"", ""remark"": """", ""tradeTime"": ""2025-07-01 15:47:59"", ""tradeStatus"": ""交易成功"", ""counterparty"": ""t***8"", ""tradeOrderNo"": ""2025070122001145901456859671\t"", ""paymentMethod"": ""花呗"", ""tradeCategory"": ""日用百货"", ""incomeOrExpense"": ""支出"", ""merchantOrderNo"": ""T200P4609101962379343545\t"", ""productDescription"": ""IDEA专业版激活码/IDEA激活码2025"", ""counterpartyAccount"": ""153******89""}",2025070122001145901456859671	,2025-07-01 15:47:59,1.00,OUT,t***8,花呗,IDEA专业版激活码/IDEA激活码2025 - 日用百货,31,2.0.0,0,2026-02-04 15:49:34,PARSED,3,2026-02-04 15:49:37,3,2026-02-04 15:49:37,0,其他支出
684,2,3,ALIPAY,PLATFORM_ORDER,c880be60584bb9885138722fb6b060b8,"{""amount"": ""28.01"", ""remark"": """", ""tradeTime"": ""2025-07-01 12:08:40"", ""tradeStatus"": ""交易成功"", ""counterparty"": ""杭州柏鹿信息技术有限公司"", ""tradeOrderNo"": ""20250701020070011540900056349618\t"", ""paymentMethod"": """", ""tradeCategory"": ""转账红包"", ""incomeOrExpense"": ""收入"", ""merchantOrderNo"": ""XC164066483479986508\t"", ""productDescription"": ""小蚕提现"", ""counterpartyAccount"": ""/""}",20250701020070011540900056349618	,2025-07-01 12:08:40,28.01,IN,杭州柏鹿信息技术有限公司,null,小蚕提现 - 转账红包,3203,2.0.0,0,2026-02-04 15:49:34,PARSED,3,2026-02-04 15:49:37,3,2026-02-04 15:49:37,0,储蓄卡⇄支付平台
685,2,3,ALIPAY,PLATFORM_ORDER,f23595bad56e0c4955aff57359e35a30,"{""amount"": ""25.12"", ""remark"": """", ""tradeTime"": ""2025-07-01 10:55:08"", ""tradeStatus"": ""交易成功"", ""counterparty"": ""淘宝闪购"", ""tradeOrderNo"": ""2025070122001145901458589917\t"", ""paymentMethod"": ""花呗"", ""tradeCategory"": ""餐饮美食"", ""incomeOrExpense"": ""支出"", ""merchantOrderNo"": ""13100600725070116699196796052\t"", ""productDescription"": ""乔杉杉生烫牛肉米线(爱琴海店)外卖订单"", ""counterpartyAccount"": ""e50***@alibaba-inc.com""}",2025070122001145901458589917	,2025-07-01 10:55:08,25.12,OUT,淘宝闪购,花呗,乔杉杉生烫牛肉米线(爱琴海店)外卖订单 - 餐饮美食,1803,2.0.0,0,2026-02-04 15:49:34,PARSED,3,2026-02-04 15:49:37,3,2026-02-04 15:49:37,0,网购
686,2,3,ALIPAY,PLATFORM_ORDER,338208dcb1f28b543c9279482b568b5d,"{""amount"": ""18.41"", ""remark"": """", ""tradeTime"": ""2025-06-30 12:40:34"", ""tradeStatus"": ""交易成功"", ""counterparty"": ""云账户综合服务平台"", ""tradeOrderNo"": ""20250630020070011540900045747562\t"", ""paymentMethod"": """", ""tradeCategory"": ""转账红包"", ""incomeOrExpense"": ""收入"", ""merchantOrderNo"": ""1079120174135103738\t"", ""productDescription"": ""云账户"", ""counterpartyAccount"": ""/""}",20250630020070011540900045747562	,2025-06-30 12:40:34,18.41,IN,云账户综合服务平台,null,云账户 - 转账红包,3704,2.0.0,0,2026-02-04 15:49:34,PARSED,3,2026-02-04 15:49:37,3,2026-02-04 15:49:37,0,转账入账
687,2,3,ALIPAY,PLATFORM_ORDER,0d18f5290ddf0805bb23bf8d51d6147f,"{""amount"": ""18.20"", ""remark"": """", ""tradeTime"": ""2025-06-30 11:20:37"", ""tradeStatus"": ""交易成功"", ""counterparty"": ""淘宝闪购"", ""tradeOrderNo"": ""2025063022001145901450302046\t"", ""paymentMethod"": ""花呗"", ""tradeCategory"": ""餐饮美食"", ""incomeOrExpense"": ""支出"", ""merchantOrderNo"": ""13110600725063001509742796052\t"", ""productDescription"": ""叶氏黄山菜饭骨头汤徽州特色小吃外卖订单"", ""counterpartyAccount"": ""e50***@alibaba-inc.com""}",2025063022001145901450302046	,2025-06-30 11:20:37,18.20,OUT,淘宝闪购,花呗,叶氏黄山菜饭骨头汤徽州特色小吃外卖订单 - 餐饮美食,1803,2.0.0,0,2026-02-04 15:49:34,PARSED,3,2026-02-04 15:49:37,3,2026-02-04 15:49:37,0,网购
688,2,3,ALIPAY,PLATFORM_ORDER,8add3cf1b321555c4596422e4e76f1bb,"{""amount"": ""580.00"", ""remark"": """", ""tradeTime"": ""2025-06-29 15:20:03"", ""tradeStatus"": ""交易成功"", ""counterparty"": ""Howlily"", ""tradeOrderNo"": ""20250629200040011100010043586281\t"", ""paymentMethod"": ""账户余额"", ""tradeCategory"": ""转账红包"", ""incomeOrExpense"": ""收入"", ""merchantOrderNo"": ""\t"", ""productDescription"": ""转账"", ""counterpartyAccount"": ""188******59""}",20250629200040011100010043586281	,2025-06-29 15:20:03,580.00,IN,Howlily,账户余额,转账 - 转账红包,3704,2.0.0,0,2026-02-04 15:49:34,PARSED,3,2026-02-04 15:49:37,3,2026-02-04 15:49:37,0,转账入账
689,2,3,ALIPAY,PLATFORM_ORDER,71c3df9963ee0deaa6bc5fd48ea84e74,"{""amount"": ""580.00"", ""remark"": """", ""tradeTime"": ""2025-06-29 15:19:48"", ""tradeStatus"": ""交易成功"", ""counterparty"": ""Howlily(张文文)"", ""tradeOrderNo"": ""20250629200040011100900036493919\t"", ""paymentMethod"": ""余额宝"", ""tradeCategory"": ""转账红包"", ""incomeOrExpense"": ""支出"", ""merchantOrderNo"": ""\t"", ""productDescription"": ""转账"", ""counterpartyAccount"": ""188******59""}",20250629200040011100900036493919	,2025-06-29 15:19:48,580.00,OUT,Howlily(张文文),余额宝,转账 - 转账红包,3704,2.0.0,0,2026-02-04 15:49:34,PARSED,3,2026-02-04 15:49:37,3,2026-02-04 15:49:37,0,转账入账
690,2,3,ALIPAY,PLATFORM_ORDER,bab224d6a2c32363be23cc13f03ebd49,"{""amount"": ""580.00"", ""remark"": """", ""tradeTime"": ""2025-06-29 15:19:27"", ""tradeStatus"": ""交易成功"", ""counterparty"": ""Howlily"", ""tradeOrderNo"": ""20250629200040011100010043608284\t"", ""paymentMethod"": ""账户余额"", ""tradeCategory"": ""转账红包"", ""incomeOrExpense"": ""收入"", ""merchantOrderNo"": ""\t"", ""productDescription"": ""转账"", ""counterpartyAccount"": ""188******59""}",20250629200040011100010043608284	,2025-06-29 15:19:27,580.00,IN,Howlily,账户余额,转账 - 转账红包,3704,2.0.0,0,2026-02-04 15:49:34,PARSED,3,2026-02-04 15:49:37,3,2026-02-04 15:49:37,0,转账入账
691,2,3,ALIPAY,PLATFORM_ORDER,ba2cf22c57a0912f4d490fb50bca9a26,"{""amount"": ""580.00"", ""remark"": """", ""tradeTime"": ""2025-06-29 13:16:05"", ""tradeStatus"": ""交易成功"", ""counterparty"": ""Howlily(张文文)"", ""tradeOrderNo"": ""20250629200040011100900036579628\t"", ""paymentMethod"": ""余额宝"", ""tradeCategory"": ""转账红包"", ""incomeOrExpense"": ""支出"", ""merchantOrderNo"": ""\t"", ""productDescription"": ""转账"", ""counterpartyAccount"": ""188******59""}",20250629200040011100900036579628	,2025-06-29 13:16:05,580.00,OUT,Howlily(张文文),余额宝,转账 - 转账红包,3704,2.0.0,0,2026-02-04 15:49:34,PARSED,3,2026-02-04 15:49:37,3,2026-02-04 15:49:37,0,转账入账
692,2,3,ALIPAY,PLATFORM_ORDER,bbb2583b2d9663418a0434fd7f638998,"{""amount"": ""23.37"", ""remark"": """", ""tradeTime"": ""2025-06-28 11:31:50"", ""tradeStatus"": ""交易成功"", ""counterparty"": ""淘宝闪购"", ""tradeOrderNo"": ""2025062822001145901443329359\t"", ""paymentMethod"": ""花呗"", ""tradeCategory"": ""餐饮美食"", ""incomeOrExpense"": ""支出"", ""merchantOrderNo"": ""13110600725062814238885796052\t"", ""productDescription"": ""李与白包子铺(虹梅路店)外卖订单"", ""counterpartyAccount"": ""e50***@alibaba-inc.com""}",2025062822001145901443329359	,2025-06-28 11:31:50,23.37,OUT,淘宝闪购,花呗,李与白包子铺(虹梅路店)外卖订单 - 餐饮美食,1803,2.0.0,0,2026-02-04 15:49:34,PARSED,3,2026-02-04 15:49:37,3,2026-02-04 15:49:37,0,网购
693,2,3,ALIPAY,PLATFORM_ORDER,1af77cfcd00ceef38a3a3c6fb8a71c54,"{""amount"": ""21.66"", ""remark"": """", ""tradeTime"": ""2025-06-27 21:23:37"", ""tradeStatus"": ""交易成功"", ""counterparty"": ""滴滴出行"", ""tradeOrderNo"": ""2025062722001445901443198214\t"", ""paymentMethod"": ""花呗"", ""tradeCategory"": ""交通出行"", ""incomeOrExpense"": ""支出"", ""merchantOrderNo"": ""210_202506278371973301677099\t"", ""productDescription"": ""滴滴快车打车-陈师傅-06月27日行程"", ""counterpartyAccount"": ""chu***@didichuxing.com""}",2025062722001445901443198214	,2025-06-27 21:23:37,21.66,OUT,滴滴出行,花呗,滴滴快车打车-陈师傅-06月27日行程 - 交通出行,1703,2.0.0,0,2026-02-04 15:49:34,PARSED,3,2026-02-04 15:49:37,3,2026-02-04 15:49:37,0,网约车
694,2,3,ALIPAY,PLATFORM_ORDER,450336dad6bbfda2fccd76af0b0efa2a,"{""amount"": ""8.00"", ""remark"": """", ""tradeTime"": ""2025-06-27 13:56:32"", ""tradeStatus"": ""交易成功"", ""counterparty"": ""淘宝闪购"", ""tradeOrderNo"": ""2025062722001145901440997809\t"", ""paymentMethod"": ""账户余额"", ""tradeCategory"": ""餐饮美食"", ""incomeOrExpense"": ""支出"", ""merchantOrderNo"": ""13130600725062729980230796052\t"", ""productDescription"": ""CoCo都可(爱琴海店)外卖订单"", ""counterpartyAccount"": ""e50***@alibaba-inc.com""}",2025062722001145901440997809	,2025-06-27 13:56:32,8.00,OUT,淘宝闪购,账户余额,CoCo都可(爱琴海店)外卖订单 - 餐饮美食,1603,2.0.0,0,2026-02-04 15:49:34,PARSED,3,2026-02-04 15:49:37,3,2026-02-04 15:49:37,0,饮品咖啡
695,2,3,ALIPAY,PLATFORM_ORDER,98b85b9704a0307460fae5f958e7674c,"{""amount"": ""8.02"", ""remark"": """", ""tradeTime"": ""2025-06-27 12:26:08"", ""tradeStatus"": ""交易成功"", ""counterparty"": ""云账户综合服务平台"", ""tradeOrderNo"": ""20250627020070011540900014852862\t"", ""paymentMethod"": """", ""tradeCategory"": ""转账红包"", ""incomeOrExpense"": ""收入"", ""merchantOrderNo"": ""1078029373665694142\t"", ""productDescription"": ""云账户"", ""counterpartyAccount"": ""/""}",20250627020070011540900014852862	,2025-06-27 12:26:08,8.02,IN,云账户综合服务平台,null,云账户 - 转账红包,3704,2.0.0,0,2026-02-04 15:49:34,PARSED,3,2026-02-04 15:49:37,3,2026-02-04 15:49:37,0,转账入账
696,2,3,ALIPAY,PLATFORM_ORDER,f8435bdb6bb175a3f96a832640e161b6,"{""amount"": ""13.40"", ""remark"": """", ""tradeTime"": ""2025-06-27 11:05:52"", ""tradeStatus"": ""交易成功"", ""counterparty"": ""淘宝闪购"", ""tradeOrderNo"": ""2025062722001145901440066158\t"", ""paymentMethod"": ""花呗"", ""tradeCategory"": ""餐饮美食"", ""incomeOrExpense"": ""支出"", ""merchantOrderNo"": ""13110600725062711957008796052\t"", ""productDescription"": ""叶氏黄山菜饭骨头汤徽州特色小吃外卖订单"", ""counterpartyAccount"": ""e50***@alibaba-inc.com""}",2025062722001145901440066158	,2025-06-27 11:05:52,13.40,OUT,淘宝闪购,花呗,叶氏黄山菜饭骨头汤徽州特色小吃外卖订单 - 餐饮美食,1803,2.0.0,0,2026-02-04 15:49:34,PARSED,3,2026-02-04 15:49:37,3,2026-02-04 15:49:37,0,网购
697,2,3,ALIPAY,PLATFORM_ORDER,e5f6f238e004772badd26975b30c28dc,"{""amount"": ""8.02"", ""remark"": """", ""tradeTime"": ""2025-06-26 12:01:57"", ""tradeStatus"": ""交易成功"", ""counterparty"": ""云账户综合服务平台"", ""tradeOrderNo"": ""20250626020070011540900005223480\t"", ""paymentMethod"": """", ""tradeCategory"": ""转账红包"", ""incomeOrExpense"": ""收入"", ""merchantOrderNo"": ""1077660941451518172\t"", ""productDescription"": ""云账户"", ""counterpartyAccount"": ""/""}",20250626020070011540900005223480	,2025-06-26 12:01:57,8.02,IN,云账户综合服务平台,null,云账户 - 转账红包,3704,2.0.0,0,2026-02-04 15:49:34,PARSED,3,2026-02-04 15:49:37,3,2026-02-04 15:49:37,0,转账入账
698,2,3,ALIPAY,PLATFORM_ORDER,218324b990c255e0a8847df07e195d31,"{""amount"": ""15.88"", ""remark"": """", ""tradeTime"": ""2025-06-26 11:10:12"", ""tradeStatus"": ""交易成功"", ""counterparty"": ""淘宝闪购"", ""tradeOrderNo"": ""2025062622001145901435807089\t"", ""paymentMethod"": ""花呗"", ""tradeCategory"": ""餐饮美食"", ""incomeOrExpense"": ""支出"", ""merchantOrderNo"": ""13110600725062622827997796052\t"", ""productDescription"": ""湘溪里·老长沙盖码饭(虹梅路店)外卖订单"", ""counterpartyAccount"": ""e50***@alibaba-inc.com""}",2025062622001145901435807089	,2025-06-26 11:10:12,15.88,OUT,淘宝闪购,花呗,湘溪里·老长沙盖码饭(虹梅路店)外卖订单 - 餐饮美食,1803,2.0.0,0,2026-02-04 15:49:34,PARSED,3,2026-02-04 15:49:37,3,2026-02-04 15:49:37,0,网购
699,2,3,ALIPAY,PLATFORM_ORDER,023744a70622ff20bedb899004e920f0,"{""amount"": ""15.00"", ""remark"": """", ""tradeTime"": ""2025-06-25 12:18:39"", ""tradeStatus"": ""交易成功"", ""counterparty"": ""杭州柏鹿信息技术有限公司"", ""tradeOrderNo"": ""20250625020070011540900095788152\t"", ""paymentMethod"": """", ""tradeCategory"": ""转账红包"", ""incomeOrExpense"": ""收入"", ""merchantOrderNo"": ""XC162151856479986508\t"", ""productDescription"": ""小蚕提现"", ""counterpartyAccount"": ""/""}",20250625020070011540900095788152	,2025-06-25 12:18:39,15.00,IN,杭州柏鹿信息技术有限公司,null,小蚕提现 - 转账红包,3203,2.0.0,0,2026-02-04 15:49:34,PARSED,3,2026-02-04 15:49:37,3,2026-02-04 15:49:37,0,储蓄卡⇄支付平台
700,2,3,ALIPAY,PLATFORM_ORDER,0ae16158f2632c2cd0e1a2f5436b3348,"{""amount"": ""25.81"", ""remark"": """", ""tradeTime"": ""2025-06-25 11:21:31"", ""tradeStatus"": ""交易成功"", ""counterparty"": ""淘宝闪购"", ""tradeOrderNo"": ""2025062522001145901429787346\t"", ""paymentMethod"": ""花呗"", ""tradeCategory"": ""餐饮美食"", ""incomeOrExpense"": ""支出"", ""merchantOrderNo"": ""13110600725062578960231796052\t"", ""productDescription"": ""正宗安徽太和牛肉板面(漕河泾店)外卖订单"", ""counterpartyAccount"": ""e50***@alibaba-inc.com""}",2025062522001145901429787346	,2025-06-25 11:21:31,25.81,OUT,淘宝闪购,花呗,正宗安徽太和牛肉板面(漕河泾店)外卖订单 - 餐饮美食,1803,2.0.0,0,2026-02-04 15:49:34,PARSED,3,2026-02-04 15:49:37,3,2026-02-04 15:49:37,0,网购
701,2,3,ALIPAY,PLATFORM_ORDER,c0ebb823852720ec7996a7057baf7d17,"{""amount"": ""8.00"", ""remark"": """", ""tradeTime"": ""2025-06-24 12:33:48"", ""tradeStatus"": ""交易成功"", ""counterparty"": ""云账户综合服务平台"", ""tradeOrderNo"": ""20250624020070011540900087160808\t"", ""paymentMethod"": """", ""tradeCategory"": ""转账红包"", ""incomeOrExpense"": ""收入"", ""merchantOrderNo"": ""1076944112668099360\t"", ""productDescription"": ""云账户"", ""counterpartyAccount"": ""/""}",20250624020070011540900087160808	,2025-06-24 12:33:48,8.00,IN,云账户综合服务平台,null,云账户 - 转账红包,3704,2.0.0,0,2026-02-04 15:49:34,PARSED,3,2026-02-04 15:49:37,3,2026-02-04 15:49:37,0,转账入账
702,2,3,ALIPAY,PLATFORM_ORDER,1d42cbc87d9f52f00793c154e6c0d7a1,"{""amount"": ""23.88"", ""remark"": """", ""tradeTime"": ""2025-06-24 11:51:44"", ""tradeStatus"": ""交易成功"", ""counterparty"": ""淘宝闪购"", ""tradeOrderNo"": ""2025062422001145901425444576\t"", ""paymentMethod"": ""花呗"", ""tradeCategory"": ""餐饮美食"", ""incomeOrExpense"": ""支出"", ""merchantOrderNo"": ""13110600725062499470956796052\t"", ""productDescription"": ""湘溪里·老长沙盖码饭(虹梅路店)外卖订单"", ""counterpartyAccount"": ""e50***@alibaba-inc.com""}",2025062422001145901425444576	,2025-06-24 11:51:44,23.88,OUT,淘宝闪购,花呗,湘溪里·老长沙盖码饭(虹梅路店)外卖订单 - 餐饮美食,1803,2.0.0,0,2026-02-04 15:49:34,PARSED,3,2026-02-04 15:49:37,3,2026-02-04 15:49:37,0,网购
703,2,3,ALIPAY,PLATFORM_ORDER,7e1ce045759a57d45ebae6b0fa1ee478,"{""amount"": ""59.64"", ""remark"": """", ""tradeTime"": ""2025-06-23 22:28:19"", ""tradeStatus"": ""交易成功"", ""counterparty"": ""滴滴出行"", ""tradeOrderNo"": ""2025062322001445901423940834\t"", ""paymentMethod"": ""花呗"", ""tradeCategory"": ""交通出行"", ""incomeOrExpense"": ""支出"", ""merchantOrderNo"": ""210_202506238368614201015489\t"", ""productDescription"": ""滴滴快车-褚师傅-06月23日行程"", ""counterpartyAccount"": ""chu***@didichuxing.com""}",2025062322001445901423940834	,2025-06-23 22:28:19,59.64,OUT,滴滴出行,花呗,滴滴快车-褚师傅-06月23日行程 - 交通出行,1703,2.0.0,0,2026-02-04 15:49:34,PARSED,3,2026-02-04 15:49:37,3,2026-02-04 15:49:37,0,网约车
704,2,3,ALIPAY,PLATFORM_ORDER,b36b7d760916f8460ded19dd2ec81767,"{""amount"": ""64.80"", ""remark"": """", ""tradeTime"": ""2025-06-23 21:30:44"", ""tradeStatus"": ""交易成功"", ""counterparty"": ""上海城投水务(集团)有限公司"", ""tradeOrderNo"": ""2025062300003001900048157503\t"", ""paymentMethod"": ""花呗"", ""tradeCategory"": ""充值缴费"", ""incomeOrExpense"": ""支出"", ""merchantOrderNo"": ""5980754100\t"", ""productDescription"": ""水费-**实名"", ""counterpartyAccount"": ""/""}",2025062300003001900048157503	,2025-06-23 21:30:44,64.80,OUT,上海城投水务(集团)有限公司,花呗,水费-**实名 - 充值缴费,2205,2.0.0,0,2026-02-04 15:49:34,PARSED,3,2026-02-04 15:49:37,3,2026-02-04 15:49:37,0,水费
705,2,3,ALIPAY,PLATFORM_ORDER,bdb116b96e69872aa3e4c6a36eb5655d,"{""amount"": ""97.40"", ""remark"": """", ""tradeTime"": ""2025-06-23 21:30:22"", ""tradeStatus"": ""交易成功"", ""counterparty"": ""国网上海市电力公司(缴费)"", ""tradeOrderNo"": ""2025062300003001900048158930\t"", ""paymentMethod"": ""花呗"", ""tradeCategory"": ""充值缴费"", ""incomeOrExpense"": ""支出"", ""merchantOrderNo"": ""3100000335058\t"", ""productDescription"": ""5月-电费-***"", ""counterpartyAccount"": ""/""}",2025062300003001900048158930	,2025-06-23 21:30:22,97.40,OUT,国网上海市电力公司(缴费),花呗,5月-电费-*** - 充值缴费,2204,2.0.0,0,2026-02-04 15:49:34,PARSED,3,2026-02-04 15:49:37,3,2026-02-04 15:49:37,0,电费
706,2,3,ALIPAY,PLATFORM_ORDER,7d444889357c93880d9bea59a0b28d2b,"{""amount"": ""34.40"", ""remark"": """", ""tradeTime"": ""2025-06-21 12:08:04"", ""tradeStatus"": ""交易成功"", ""counterparty"": ""淘宝闪购"", ""tradeOrderNo"": ""2025062122001145901409317963\t"", ""paymentMethod"": ""花呗"", ""tradeCategory"": ""日用百货"", ""incomeOrExpense"": ""支出"", ""merchantOrderNo"": ""13120600725062124749206796052\t"", ""productDescription"": ""大润发(华漕店)"", ""counterpartyAccount"": ""ele***@service.aliyun.com""}",2025062122001145901409317963	,2025-06-21 12:08:04,34.40,OUT,淘宝闪购,花呗,大润发(华漕店) - 日用百货,1605,2.0.0,0,2026-02-04 15:49:34,PARSED,3,2026-02-04 15:49:37,3,2026-02-04 15:49:37,0,买菜原料
707,2,3,ALIPAY,PLATFORM_ORDER,c72465a00eea68d02a5458df17f6954f,"{""amount"": ""8.00"", ""remark"": """", ""tradeTime"": ""2025-06-20 12:20:46"", ""tradeStatus"": ""交易成功"", ""counterparty"": ""云账户综合服务平台"", ""tradeOrderNo"": ""20250620020070011540900046247104\t"", ""paymentMethod"": """", ""tradeCategory"": ""转账红包"", ""incomeOrExpense"": ""收入"", ""merchantOrderNo"": ""1075491293180187105\t"", ""productDescription"": ""云账户"", ""counterpartyAccount"": ""/""}",20250620020070011540900046247104	,2025-06-20 12:20:46,8.00,IN,云账户综合服务平台,null,云账户 - 转账红包,3704,2.0.0,0,2026-02-04 15:49:34,PARSED,3,2026-02-04 15:49:37,3,2026-02-04 15:49:37,0,转账入账
708,2,3,ALIPAY,PLATFORM_ORDER,a669be15869c442c976e1baaa1d855c3,"{""amount"": ""15.00"", ""remark"": """", ""tradeTime"": ""2025-06-20 12:20:43"", ""tradeStatus"": ""交易成功"", ""counterparty"": ""杭州柏鹿信息技术有限公司"", ""tradeOrderNo"": ""20250620020070011540900046020106\t"", ""paymentMethod"": """", ""tradeCategory"": ""转账红包"", ""incomeOrExpense"": ""收入"", ""merchantOrderNo"": ""XC160554814479986508\t"", ""productDescription"": ""小蚕提现"", ""counterpartyAccount"": ""/""}",20250620020070011540900046020106	,2025-06-20 12:20:43,15.00,IN,杭州柏鹿信息技术有限公司,null,小蚕提现 - 转账红包,3203,2.0.0,0,2026-02-04 15:49:34,PARSED,3,2026-02-04 15:49:37,3,2026-02-04 15:49:37,0,储蓄卡⇄支付平台
709,2,3,ALIPAY,PLATFORM_ORDER,9be4d46376d2d759b7962ad178fa05b6,"{""amount"": ""20.50"", ""remark"": """", ""tradeTime"": ""2025-06-20 11:12:53"", ""tradeStatus"": ""交易成功"", ""counterparty"": ""淘宝闪购"", ""tradeOrderNo"": ""2025062022001145901403118119\t"", ""paymentMethod"": ""花呗"", ""tradeCategory"": ""餐饮美食"", ""incomeOrExpense"": ""支出"", ""merchantOrderNo"": ""13110600725062044033876796052\t"", ""productDescription"": ""湘溪里·老长沙盖码饭(虹梅路店)外卖订单"", ""counterpartyAccount"": ""e50***@alibaba-inc.com""}",2025062022001145901403118119	,2025-06-20 11:12:53,20.50,OUT,淘宝闪购,花呗,湘溪里·老长沙盖码饭(虹梅路店)外卖订单 - 餐饮美食,1803,2.0.0,0,2026-02-04 15:49:34,PARSED,3,2026-02-04 15:49:37,3,2026-02-04 15:49:37,0,网购
710,2,3,ALIPAY,PLATFORM_ORDER,9808f3f6dfa60af1f8dc145fce643460,"{""amount"": ""15.00"", ""remark"": """", ""tradeTime"": ""2025-06-18 11:59:11"", ""tradeStatus"": ""交易成功"", ""counterparty"": ""杭州柏鹿信息技术有限公司"", ""tradeOrderNo"": ""20250618020070011530900024277584\t"", ""paymentMethod"": """", ""tradeCategory"": ""转账红包"", ""incomeOrExpense"": ""收入"", ""merchantOrderNo"": ""XC159879710479986508\t"", ""productDescription"": ""小蚕提现"", ""counterpartyAccount"": ""/""}",20250618020070011530900024277584	,2025-06-18 11:59:11,15.00,IN,杭州柏鹿信息技术有限公司,null,小蚕提现 - 转账红包,3203,2.0.0,0,2026-02-04 15:49:34,PARSED,3,2026-02-04 15:49:37,3,2026-02-04 15:49:37,0,储蓄卡⇄支付平台
711,2,3,ALIPAY,PLATFORM_ORDER,a6cedad45b2086fd1ece31cc5e0e0f6e,"{""amount"": ""11.00"", ""remark"": """", ""tradeTime"": ""2025-06-17 18:25:52"", ""tradeStatus"": ""交易成功"", ""counterparty"": ""杭州柏鹿信息技术有限公司"", ""tradeOrderNo"": ""20250617020070011560900016475383\t"", ""paymentMethod"": """", ""tradeCategory"": ""转账红包"", ""incomeOrExpense"": ""收入"", ""merchantOrderNo"": ""XC159681236479986508\t"", ""productDescription"": ""小蚕提现"", ""counterpartyAccount"": ""/""}",20250617020070011560900016475383	,2025-06-17 18:25:52,11.00,IN,杭州柏鹿信息技术有限公司,null,小蚕提现 - 转账红包,3203,2.0.0,0,2026-02-04 15:49:34,PARSED,3,2026-02-04 15:49:37,3,2026-02-04 15:49:37,0,储蓄卡⇄支付平台
712,2,3,ALIPAY,PLATFORM_ORDER,0c2e8b161194ce714a2b995badb97120,"{""amount"": ""35.62"", ""remark"": """", ""tradeTime"": ""2025-06-15 10:30:17"", ""tradeStatus"": ""交易成功"", ""counterparty"": ""淘宝闪购"", ""tradeOrderNo"": ""2025061522001145901438185186\t"", ""paymentMethod"": ""花呗"", ""tradeCategory"": ""日用百货"", ""incomeOrExpense"": ""支出"", ""merchantOrderNo"": ""13100600725061565940817796052\t"", ""productDescription"": ""大润发(华漕店)"", ""counterpartyAccount"": ""ele***@service.aliyun.com""}",2025061522001145901438185186	,2025-06-15 10:30:17,35.62,OUT,淘宝闪购,花呗,大润发(华漕店) - 日用百货,1605,2.0.0,0,2026-02-04 15:49:34,PARSED,3,2026-02-04 15:49:37,3,2026-02-04 15:49:37,0,买菜原料
713,2,3,ALIPAY,PLATFORM_ORDER,3571d6804a57eaa188effcdbc4ffa2a8,"{""amount"": ""11.00"", ""remark"": """", ""tradeTime"": ""2025-06-14 18:38:54"", ""tradeStatus"": ""交易成功"", ""counterparty"": ""淘宝闪购"", ""tradeOrderNo"": ""2025061422001145901433627346\t"", ""paymentMethod"": ""花呗"", ""tradeCategory"": ""餐饮美食"", ""incomeOrExpense"": ""支出"", ""merchantOrderNo"": ""13180600725061469452161796052\t"", ""productDescription"": ""茶百道(华漕旭辉广场店)外卖订单"", ""counterpartyAccount"": ""e50***@alibaba-inc.com""}",2025061422001145901433627346	,2025-06-14 18:38:54,11.00,OUT,淘宝闪购,花呗,茶百道(华漕旭辉广场店)外卖订单 - 餐饮美食,1603,2.0.0,0,2026-02-04 15:49:34,PARSED,3,2026-02-04 15:49:37,3,2026-02-04 15:49:37,0,饮品咖啡
714,2,3,ALIPAY,PLATFORM_ORDER,d38c710a7d7c9ef912b73e8fde6b7ca6,"{""amount"": ""15.00"", ""remark"": """", ""tradeTime"": ""2025-06-13 19:59:50"", ""tradeStatus"": ""交易成功"", ""counterparty"": ""淘宝闪购"", ""tradeOrderNo"": ""2025061322001145901432697147\t"", ""paymentMethod"": ""花呗"", ""tradeCategory"": ""餐饮美食"", ""incomeOrExpense"": ""支出"", ""merchantOrderNo"": ""13190600725061302208949796052\t"", ""productDescription"": ""1点点(龙湖虹桥天街店)外卖订单"", ""counterpartyAccount"": ""e50***@alibaba-inc.com""}",2025061322001145901432697147	,2025-06-13 19:59:50,15.00,OUT,淘宝闪购,花呗,1点点(龙湖虹桥天街店)外卖订单 - 餐饮美食,1803,2.0.0,0,2026-02-04 15:49:34,PARSED,3,2026-02-04 15:49:37,3,2026-02-04 15:49:37,0,网购
715,2,3,ALIPAY,PLATFORM_ORDER,5fed517be6bc2a8d8c47dbecfc73d80e,"{""amount"": ""12.90"", ""remark"": """", ""tradeTime"": ""2025-06-13 19:55:39"", ""tradeStatus"": ""交易成功"", ""counterparty"": ""淘宝闪购"", ""tradeOrderNo"": ""2025061322001145901430300324\t"", ""paymentMethod"": ""花呗"", ""tradeCategory"": ""餐饮美食"", ""incomeOrExpense"": ""支出"", ""merchantOrderNo"": ""13190600725061300840747796052\t"", ""productDescription"": ""柠季手打柠檬茶(龙湖虹桥天街店)外卖订单"", ""counterpartyAccount"": ""e50***@alibaba-inc.com""}",2025061322001145901430300324	,2025-06-13 19:55:39,12.90,OUT,淘宝闪购,花呗,柠季手打柠檬茶(龙湖虹桥天街店)外卖订单 - 餐饮美食,1803,2.0.0,0,2026-02-04 15:49:34,PARSED,3,2026-02-04 15:49:37,3,2026-02-04 15:49:37,0,网购
716,2,3,ALIPAY,PLATFORM_ORDER,00f7c7f6037e2cdc97495bab517f61ef,"{""amount"": ""199.00"", ""remark"": """", ""tradeTime"": ""2025-06-13 19:44:53"", ""tradeStatus"": ""交易成功"", ""counterparty"": ""m***2"", ""tradeOrderNo"": ""2025061322001145901430337044\t"", ""paymentMethod"": ""花呗"", ""tradeCategory"": ""日用百货"", ""incomeOrExpense"": ""支出"", ""merchantOrderNo"": ""T200P4385428203098343545\t"", ""productDescription"": ""西塔老太太泥炉烤肉代金券200元  300元 500元"", ""counterpartyAccount"": ""843***@qq.com""}",2025061322001145901430337044	,2025-06-13 19:44:53,199.00,OUT,m***2,花呗,西塔老太太泥炉烤肉代金券200元  300元 500元 - 日用百货,1601,2.0.0,0,2026-02-04 15:49:34,PARSED,3,2026-02-04 15:49:37,3,2026-02-04 15:49:37,0,三餐
717,2,3,ALIPAY,PLATFORM_ORDER,a4161541ecac8741c4bcc4e4cce35aa8,"{""amount"": ""63.90"", ""remark"": """", ""tradeTime"": ""2025-06-12 22:50:51"", ""tradeStatus"": ""交易成功"", ""counterparty"": ""滴滴出行"", ""tradeOrderNo"": ""2025061222001445901427740083\t"", ""paymentMethod"": ""花呗"", ""tradeCategory"": ""交通出行"", ""incomeOrExpense"": ""支出"", ""merchantOrderNo"": ""210_202506128359524801227853\t"", ""productDescription"": ""滴滴快车-范师傅-06月12日行程"", ""counterpartyAccount"": ""chu***@didichuxing.com""}",2025061222001445901427740083	,2025-06-12 22:50:51,63.90,OUT,滴滴出行,花呗,滴滴快车-范师傅-06月12日行程 - 交通出行,1703,2.0.0,0,2026-02-04 15:49:34,PARSED,3,2026-02-04 15:49:37,3,2026-02-04 15:49:37,0,网约车
718,2,3,ALIPAY,PLATFORM_ORDER,e101a72026b6f8f580dc92d68471650c,"{""amount"": ""11.00"", ""remark"": """", ""tradeTime"": ""2025-06-11 12:51:10"", ""tradeStatus"": ""交易成功"", ""counterparty"": ""杭州柏鹿信息技术有限公司"", ""tradeOrderNo"": ""20250611020070011540900050346006\t"", ""paymentMethod"": """", ""tradeCategory"": ""转账红包"", ""incomeOrExpense"": ""收入"", ""merchantOrderNo"": ""XC157614216479986508\t"", ""productDescription"": ""小蚕提现"", ""counterpartyAccount"": ""/""}",20250611020070011540900050346006	,2025-06-11 12:51:10,11.00,IN,杭州柏鹿信息技术有限公司,null,小蚕提现 - 转账红包,3203,2.0.0,0,2026-02-04 15:49:34,PARSED,3,2026-02-04 15:49:37,3,2026-02-04 15:49:37,0,储蓄卡⇄支付平台
719,2,3,ALIPAY,PLATFORM_ORDER,5bb6f49e121b28216d5bfdfaafe9b744,"{""amount"": ""10.00"", ""remark"": """", ""tradeTime"": ""2025-06-10 12:29:38"", ""tradeStatus"": ""交易成功"", ""counterparty"": ""杭州柏鹿信息技术有限公司"", ""tradeOrderNo"": ""20250610020070011540900039266433\t"", ""paymentMethod"": """", ""tradeCategory"": ""转账红包"", ""incomeOrExpense"": ""收入"", ""merchantOrderNo"": ""XC157273327479986508\t"", ""productDescription"": ""小蚕提现"", ""counterpartyAccount"": ""/""}",20250610020070011540900039266433	,2025-06-10 12:29:38,10.00,IN,杭州柏鹿信息技术有限公司,null,小蚕提现 - 转账红包,3203,2.0.0,0,2026-02-04 15:49:34,PARSED,3,2026-02-04 15:49:37,3,2026-02-04 15:49:37,0,储蓄卡⇄支付平台
720,2,3,ALIPAY,PLATFORM_ORDER,72572d39cc8cc0bffda84d9f7b2a071f,"{""amount"": ""5.72"", ""remark"": """", ""tradeTime"": ""2025-06-09 12:02:44"", ""tradeStatus"": ""交易成功"", ""counterparty"": ""云账户综合服务平台"", ""tradeOrderNo"": ""20250609020070011540900029304527\t"", ""paymentMethod"": """", ""tradeCategory"": ""转账红包"", ""incomeOrExpense"": ""收入"", ""merchantOrderNo"": ""1071500564812513366\t"", ""productDescription"": ""云账户"", ""counterpartyAccount"": ""/""}",20250609020070011540900029304527	,2025-06-09 12:02:44,5.72,IN,云账户综合服务平台,null,云账户 - 转账红包,3704,2.0.0,0,2026-02-04 15:49:34,PARSED,3,2026-02-04 15:49:37,3,2026-02-04 15:49:37,0,转账入账
721,2,3,ALIPAY,PLATFORM_ORDER,8058619f163b3db8131b95b2a0d962f1,"{""amount"": ""25.54"", ""remark"": """", ""tradeTime"": ""2025-06-08 11:45:41"", ""tradeStatus"": ""交易成功"", ""counterparty"": ""淘宝闪购"", ""tradeOrderNo"": ""2025060822001145901404884568\t"", ""paymentMethod"": ""花呗"", ""tradeCategory"": ""其他"", ""incomeOrExpense"": ""支出"", ""merchantOrderNo"": ""13110600725060832215225796052\t"", ""productDescription"": ""盒马NB(闵行华漕U天地店)"", ""counterpartyAccount"": ""ele***@service.aliyun.com""}",2025060822001145901404884568	,2025-06-08 11:45:41,25.54,OUT,淘宝闪购,花呗,盒马NB(闵行华漕U天地店) - 其他,1803,2.0.0,0,2026-02-04 15:49:34,PARSED,3,2026-02-04 15:49:37,3,2026-02-04 15:49:37,0,网购
722,2,3,ALIPAY,PLATFORM_ORDER,55e0ed4b2196972c94870d851caa7354,"{""amount"": ""25.30"", ""remark"": """", ""tradeTime"": ""2025-06-06 10:16:19"", ""tradeStatus"": ""还款成功"", ""counterparty"": ""深圳一达通（饿了么先享后付）"", ""tradeOrderNo"": ""2025060122001445901428168990\t"", ""paymentMethod"": ""花呗"", ""tradeCategory"": ""信用借还"", ""incomeOrExpense"": ""支出"", ""merchantOrderNo"": ""13130600725060159451548796052\t"", ""productDescription"": ""饿了么先享后付到期付款"", ""counterpartyAccount"": ""xch***@service.aliyun.com""}",2025060122001445901428168990	,2025-06-06 10:16:19,25.30,OUT,深圳一达通（饿了么先享后付）,花呗,饿了么先享后付到期付款 - 信用借还,1602,2.0.0,0,2026-02-04 15:49:34,PARSED,3,2026-02-04 15:49:37,3,2026-02-04 15:49:37,0,外卖
723,2,3,ALIPAY,PLATFORM_ORDER,b4387a58785364432bdc7d7229f1a3a5,"{""amount"": ""31.72"", ""remark"": """", ""tradeTime"": ""2025-06-04 12:25:44"", ""tradeStatus"": ""交易成功"", ""counterparty"": ""上海佰斯甜餐饮有限公司"", ""tradeOrderNo"": ""2025060422001445901444930349\t"", ""paymentMethod"": ""花呗&红包&到店扫码支付红包"", ""tradeCategory"": ""餐饮美食"", ""incomeOrExpense"": ""支出"", ""merchantOrderNo"": ""701266000048180000SAAS78493814202506041225441581\t"", ""productDescription"": ""优米饭堂虹梅店ALIPAY实际支付32.0元"", ""counterpartyAccount"": ""/""}",2025060422001445901444930349	,2025-06-04 12:25:44,31.72,OUT,上海佰斯甜餐饮有限公司,花呗&红包&到店扫码支付红包,优米饭堂虹梅店ALIPAY实际支付32.0元 - 餐饮美食,1601,2.0.0,0,2026-02-04 15:49:34,PARSED,3,2026-02-04 15:49:37,3,2026-02-04 15:49:37,0,三餐
724,2,3,ALIPAY,PLATFORM_ORDER,1c284e688eb333629ccce109f975cd37,"{""amount"": ""2.00"", ""remark"": """", ""tradeTime"": ""2025-06-03 23:19:21"", ""tradeStatus"": ""交易成功"", ""counterparty"": ""上海公共交通卡股份有限公司"", ""tradeOrderNo"": ""2025060322001445901439212614\t"", ""paymentMethod"": ""花呗"", ""tradeCategory"": ""交通出行"", ""incomeOrExpense"": ""支出"", ""merchantOrderNo"": ""25060323192160100072\t"", ""productDescription"": ""上海公交-803路-2025-06-03 21:19:18"", ""counterpartyAccount"": ""jtk***@sptcc.com""}",2025060322001445901439212614	,2025-06-03 23:19:21,2.00,OUT,上海公共交通卡股份有限公司,花呗,上海公交-803路-2025-06-03 21:19:18 - 交通出行,203,2.0.0,0,2026-02-04 15:49:34,PARSED,3,2026-02-04 15:49:37,3,2026-02-04 15:49:37,0,交通补贴
725,2,3,ALIPAY,PLATFORM_ORDER,4639375b3b14dbb4fd271a521ad5282f,"{""amount"": ""3.00"", ""remark"": """", ""tradeTime"": ""2025-06-03 21:26:19"", ""tradeStatus"": ""交易成功"", ""counterparty"": ""上海都畅数字技术有限公司"", ""tradeOrderNo"": ""2025060322001445901439199916\t"", ""paymentMethod"": ""花呗"", ""tradeCategory"": ""交通出行"", ""incomeOrExpense"": ""支出"", ""merchantOrderNo"": ""20250603212618366023083298004569\t"", ""productDescription"": ""漕河泾开发区-七宝"", ""counterpartyAccount"": ""dom***@metrofastpass.com""}",2025060322001445901439199916	,2025-06-03 21:26:19,3.00,OUT,上海都畅数字技术有限公司,花呗,漕河泾开发区-七宝 - 交通出行,203,2.0.0,0,2026-02-04 15:49:34,PARSED,3,2026-02-04 15:49:37,3,2026-02-04 15:49:37,0,交通补贴
726,2,3,ALIPAY,PLATFORM_ORDER,e7579a8725e66873f996a836b5a8dcb2,"{""amount"": ""27.54"", ""remark"": """", ""tradeTime"": ""2025-06-03 12:17:55"", ""tradeStatus"": ""交易成功"", ""counterparty"": ""酷味乐(虹梅路店)"", ""tradeOrderNo"": ""2025060322001445901439554349\t"", ""paymentMethod"": ""花呗&红包&到店扫码支付红包"", ""tradeCategory"": ""餐饮美食"", ""incomeOrExpense"": ""支出"", ""merchantOrderNo"": ""20250603000000101635201511000191\t"", ""productDescription"": ""酷味乐智选餐厅(虹梅路店)订单"", ""counterpartyAccount"": ""137******42""}",2025060322001445901439554349	,2025-06-03 12:17:55,27.54,OUT,酷味乐(虹梅路店),花呗&红包&到店扫码支付红包,酷味乐智选餐厅(虹梅路店)订单 - 餐饮美食,1601,2.0.0,0,2026-02-04 15:49:34,PARSED,3,2026-02-04 15:49:37,3,2026-02-04 15:49:37,0,三餐
727,2,3,ALIPAY,PLATFORM_ORDER,d52662b29f3d8b6e1565bc35f97998ed,"{""amount"": ""2.00"", ""remark"": """", ""tradeTime"": ""2025-06-03 09:50:48"", ""tradeStatus"": ""交易成功"", ""counterparty"": ""上海公共交通卡股份有限公司"", ""tradeOrderNo"": ""2025060322001445901439322652\t"", ""paymentMethod"": ""花呗"", ""tradeCategory"": ""交通出行"", ""incomeOrExpense"": ""支出"", ""merchantOrderNo"": ""25060309504860200028\t"", ""productDescription"": ""上海公交-803路-2025-06-03 07:50:45"", ""counterpartyAccount"": ""jtk***@sptcc.com""}",2025060322001445901439322652	,2025-06-03 09:50:48,2.00,OUT,上海公共交通卡股份有限公司,花呗,上海公交-803路-2025-06-03 07:50:45 - 交通出行,203,2.0.0,0,2026-02-04 15:49:34,PARSED,3,2026-02-04 15:49:37,3,2026-02-04 15:49:37,0,交通补贴
728,2,3,ALIPAY,PLATFORM_ORDER,ff3e5cd48ae26a2ba469dfbe7256ae4c,"{""amount"": ""3.00"", ""remark"": """", ""tradeTime"": ""2025-06-03 08:44:15"", ""tradeStatus"": ""交易成功"", ""counterparty"": ""上海都畅数字技术有限公司"", ""tradeOrderNo"": ""2025060322001445901439223511\t"", ""paymentMethod"": ""花呗"", ""tradeCategory"": ""交通出行"", ""incomeOrExpense"": ""支出"", ""merchantOrderNo"": ""20250603084414359072033274004244\t"", ""productDescription"": ""七宝-漕河泾开发区"", ""counterpartyAccount"": ""dom***@metrofastpass.com""}",2025060322001445901439223511	,2025-06-03 08:44:15,3.00,OUT,上海都畅数字技术有限公司,花呗,七宝-漕河泾开发区 - 交通出行,203,2.0.0,0,2026-02-04 15:49:34,PARSED,3,2026-02-04 15:49:37,3,2026-02-04 15:49:37,0,交通补贴
729,2,3,ALIPAY,PLATFORM_ORDER,27603721706c54ecd0c308c6f7f87f48,"{""amount"": ""6.00"", ""remark"": """", ""tradeTime"": ""2025-06-01 20:26:56"", ""tradeStatus"": ""交易成功"", ""counterparty"": ""上海都畅数字技术有限公司"", ""tradeOrderNo"": ""2025060122001445901428630846\t"", ""paymentMethod"": ""花呗"", ""tradeCategory"": ""交通出行"", ""incomeOrExpense"": ""支出"", ""merchantOrderNo"": ""20250601202655541072033345031388\t"", ""productDescription"": ""周浦-七宝"", ""counterpartyAccount"": ""dom***@metrofastpass.com""}",2025060122001445901428630846	,2025-06-01 20:26:56,6.00,OUT,上海都畅数字技术有限公司,花呗,周浦-七宝 - 交通出行,203,2.0.0,0,2026-02-04 15:49:34,PARSED,3,2026-02-04 15:49:37,3,2026-02-04 15:49:37,0,交通补贴
730,2,3,ALIPAY,PLATFORM_ORDER,d7e1c5cd6bc5de921e246d2f7f8a53eb,"{""amount"": ""60.36"", ""remark"": """", ""tradeTime"": ""2025-05-31 23:07:13"", ""tradeStatus"": ""交易成功"", ""counterparty"": ""滴滴顺风车"", ""tradeOrderNo"": ""2025053122001445901428084476\t"", ""paymentMethod"": ""花呗&红包&到店扫码支付红包"", ""tradeCategory"": ""交通出行"", ""incomeOrExpense"": ""支出"", ""merchantOrderNo"": ""5012660000485958402025053123071200000007903087038\t"", ""productDescription"": ""费用"", ""counterpartyAccount"": ""/""}",2025053122001445901428084476	,2025-05-31 23:07:13,60.36,OUT,滴滴顺风车,花呗&红包&到店扫码支付红包,费用 - 交通出行,1703,2.0.0,0,2026-02-04 15:49:34,PARSED,3,2026-02-04 15:49:37,3,2026-02-04 15:49:37,0,网约车
731,2,3,ALIPAY,PLATFORM_ORDER,f445bf21a786ae07da9dae94a87459a4,"{""amount"": ""62.00"", ""remark"": """", ""tradeTime"": ""2025-05-31 22:55:04"", ""tradeStatus"": ""交易成功"", ""counterparty"": ""高德打车"", ""tradeOrderNo"": ""2025053122001445901422765698\t"", ""paymentMethod"": ""花呗"", ""tradeCategory"": ""交通出行"", ""incomeOrExpense"": ""支出"", ""merchantOrderNo"": ""0064N202505310000000010996007954\t"", ""productDescription"": ""高德打车订单"", ""counterpartyAccount"": ""gdd***@service.aliyun.com""}",2025053122001445901422765698	,2025-05-31 22:55:04,62.00,OUT,高德打车,花呗,高德打车订单 - 交通出行,1703,2.0.0,0,2026-02-04 15:49:34,PARSED,3,2026-02-04 15:49:37,3,2026-02-04 15:49:37,0,网约车
732,2,3,ALIPAY,PLATFORM_ORDER,8effe3926d1441e0c3f1f3cb03781120,"{""amount"": ""2.00"", ""remark"": """", ""tradeTime"": ""2025-05-31 20:54:16"", ""tradeStatus"": ""交易成功"", ""counterparty"": ""上海公共交通卡股份有限公司"", ""tradeOrderNo"": ""2025053122001445901423339875\t"", ""paymentMethod"": ""花呗"", ""tradeCategory"": ""交通出行"", ""incomeOrExpense"": ""支出"", ""merchantOrderNo"": ""25053120541660100063\t"", ""productDescription"": ""上海公交-189路-2025-05-31 18:54:13"", ""counterpartyAccount"": ""jtk***@sptcc.com""}",2025053122001445901423339875	,2025-05-31 20:54:16,2.00,OUT,上海公共交通卡股份有限公司,花呗,上海公交-189路-2025-05-31 18:54:13 - 交通出行,203,2.0.0,0,2026-02-04 15:49:34,PARSED,3,2026-02-04 15:49:37,3,2026-02-04 15:49:37,0,交通补贴
733,2,3,ALIPAY,PLATFORM_ORDER,97684c9f6e00cd501213ca1f2672f285,"{""amount"": ""42.00"", ""remark"": """", ""tradeTime"": ""2025-05-31 14:14:51"", ""tradeStatus"": ""交易成功"", ""counterparty"": ""哈啰出行"", ""tradeOrderNo"": ""2025053123001445901426261820\t"", ""paymentMethod"": ""花呗"", ""tradeCategory"": ""交通出行"", ""incomeOrExpense"": ""支出"", ""merchantOrderNo"": ""CPR250531141451625224519172D\t"", ""productDescription"": ""哈啰车费支付"", ""counterpartyAccount"": ""zij***@hellobike.com""}",2025053123001445901426261820	,2025-05-31 14:14:51,42.00,OUT,哈啰出行,花呗,哈啰车费支付 - 交通出行,1707,2.0.0,0,2026-02-04 15:49:34,PARSED,3,2026-02-04 15:49:37,3,2026-02-04 15:49:37,0,共享单车
734,2,3,ALIPAY,PLATFORM_ORDER,c0e9dbe69edf03430d251f9f264b46bf,"{""amount"": ""42.80"", ""remark"": """", ""tradeTime"": ""2025-05-31 09:56:50"", ""tradeStatus"": ""交易成功"", ""counterparty"": ""哈啰出行"", ""tradeOrderNo"": ""2025053122001445901422875641\t"", ""paymentMethod"": ""花呗"", ""tradeCategory"": ""交通出行"", ""incomeOrExpense"": ""支出"", ""merchantOrderNo"": ""CPR250531095650049224519172A\t"", ""productDescription"": ""哈啰车费支付"", ""counterpartyAccount"": ""zij***@hellobike.com""}",2025053122001445901422875641	,2025-05-31 09:56:50,42.80,OUT,哈啰出行,花呗,哈啰车费支付 - 交通出行,1707,2.0.0,0,2026-02-04 15:49:34,PARSED,3,2026-02-04 15:49:37,3,2026-02-04 15:49:37,0,共享单车
735,2,3,ALIPAY,PLATFORM_ORDER,55ce6177dcbf43f6923227d2342fc735,"{""amount"": ""300.00"", ""remark"": """", ""tradeTime"": ""2025-05-30 21:27:39"", ""tradeStatus"": ""交易成功"", ""counterparty"": ""赵英(赵英)"", ""tradeOrderNo"": ""20250530200040011100900022509500\t"", ""paymentMethod"": ""余额宝"", ""tradeCategory"": ""转账红包"", ""incomeOrExpense"": ""支出"", ""merchantOrderNo"": ""\t"", ""productDescription"": ""转账"", ""counterpartyAccount"": ""152******38""}",20250530200040011100900022509500	,2025-05-30 21:27:39,300.00,OUT,赵英(赵英),余额宝,转账 - 转账红包,3704,2.0.0,0,2026-02-04 15:49:34,PARSED,3,2026-02-04 15:49:37,3,2026-02-04 15:49:37,0,转账入账
736,2,3,ALIPAY,PLATFORM_ORDER,af55967ff3cf49145101ae4bb99b7ad1,"{""amount"": ""106.55"", ""remark"": """", ""tradeTime"": ""2025-05-30 21:02:44"", ""tradeStatus"": ""交易成功"", ""counterparty"": ""国网上海市电力公司(缴费)"", ""tradeOrderNo"": ""2025053000003001900045359481\t"", ""paymentMethod"": ""宁波银行信用卡(4573)&宁波银行立减"", ""tradeCategory"": ""充值缴费"", ""incomeOrExpense"": ""支出"", ""merchantOrderNo"": ""3100000335058\t"", ""productDescription"": ""4月-电费-***"", ""counterpartyAccount"": ""/""}",2025053000003001900045359481	,2025-05-30 21:02:44,106.55,OUT,国网上海市电力公司(缴费),4573,4月-电费-*** - 充值缴费,2204,2.0.0,0,2026-02-04 15:49:34,PARSED,3,2026-02-04 15:49:37,3,2026-02-04 15:49:37,0,电费
737,2,3,ALIPAY,PLATFORM_ORDER,d8878050b5066a02963ca76fdb10862d,"{""amount"": ""15.02"", ""remark"": """", ""tradeTime"": ""2025-05-29 22:18:40"", ""tradeStatus"": ""交易成功"", ""counterparty"": ""杭州柏鹿信息技术有限公司"", ""tradeOrderNo"": ""20250529020070011580900016705113\t"", ""paymentMethod"": """", ""tradeCategory"": ""转账红包"", ""incomeOrExpense"": ""收入"", ""merchantOrderNo"": ""XC153762430479986508\t"", ""productDescription"": ""小蚕提现"", ""counterpartyAccount"": ""/""}",20250529020070011580900016705113	,2025-05-29 22:18:40,15.02,IN,杭州柏鹿信息技术有限公司,null,小蚕提现 - 转账红包,3203,2.0.0,0,2026-02-04 15:49:34,PARSED,3,2026-02-04 15:49:37,3,2026-02-04 15:49:37,0,储蓄卡⇄支付平台
738,2,3,ALIPAY,PLATFORM_ORDER,2f13226cdf945a46985831d86a24073c,"{""amount"": ""0.00"", ""remark"": """", ""tradeTime"": ""2025-05-29 18:26:08"", ""tradeStatus"": ""交易成功"", ""counterparty"": ""淘宝闪购"", ""tradeOrderNo"": ""2025052922001145901412397075\t"", ""paymentMethod"": """", ""tradeCategory"": ""餐饮美食"", ""incomeOrExpense"": ""支出"", ""merchantOrderNo"": ""13180600725052990228271796052\t"", ""productDescription"": ""一品牛鸡公煲外卖订单"", ""counterpartyAccount"": ""e50***@alibaba-inc.com""}",2025052922001145901412397075	,2025-05-29 18:26:08,0.00,OUT,淘宝闪购,null,一品牛鸡公煲外卖订单 - 餐饮美食,1803,2.0.0,0,2026-02-04 15:49:34,PARSED,3,2026-02-04 15:49:37,3,2026-02-04 15:49:37,0,网购
739,2,3,ALIPAY,PLATFORM_ORDER,49e75cea5f38e4b13fa29bea498d3c2a,"{""amount"": ""0.50"", ""remark"": """", ""tradeTime"": ""2025-05-29 18:23:34"", ""tradeStatus"": ""交易成功"", ""counterparty"": ""淘宝闪购"", ""tradeOrderNo"": ""2025052922001145901412414551\t"", ""paymentMethod"": ""花呗"", ""tradeCategory"": ""其他"", ""incomeOrExpense"": ""支出"", ""merchantOrderNo"": ""13180600725052905009256796052\t"", ""productDescription"": ""超级吃货卡"", ""counterpartyAccount"": ""pin***@service.alibaba.com""}",2025052922001145901412414551	,2025-05-29 18:23:34,0.50,OUT,淘宝闪购,花呗,超级吃货卡 - 其他,1803,2.0.0,0,2026-02-04 15:49:34,PARSED,3,2026-02-04 15:49:37,3,2026-02-04 15:49:37,0,网购
740,2,3,ALIPAY,PLATFORM_ORDER,449212804d4992ef6aeb233426160fb7,"{""amount"": ""3.00"", ""remark"": """", ""tradeTime"": ""2025-05-28 15:57:07"", ""tradeStatus"": ""交易成功"", ""counterparty"": ""上海都畅数字技术有限公司"", ""tradeOrderNo"": ""2025052822001445901407048885\t"", ""paymentMethod"": ""花呗"", ""tradeCategory"": ""交通出行"", ""incomeOrExpense"": ""支出"", ""merchantOrderNo"": ""20250528155706171072033396704045\t"", ""productDescription"": ""虹桥火车站-龙溪路"", ""counterpartyAccount"": ""dom***@metrofastpass.com""}",2025052822001445901407048885	,2025-05-28 15:57:07,3.00,OUT,上海都畅数字技术有限公司,花呗,虹桥火车站-龙溪路 - 交通出行,1704,2.0.0,0,2026-02-04 15:49:34,PARSED,3,2026-02-04 15:49:37,3,2026-02-04 15:49:37,0,火车/高铁
741,2,3,ALIPAY,PLATFORM_ORDER,22503c5dd08725451d1d65f1257fe2d0,"{""amount"": ""2.00"", ""remark"": """", ""tradeTime"": ""2025-05-28 09:34:05"", ""tradeStatus"": ""交易成功"", ""counterparty"": ""上海公共交通卡股份有限公司"", ""tradeOrderNo"": ""2025052822001445901401345487\t"", ""paymentMethod"": ""花呗"", ""tradeCategory"": ""交通出行"", ""incomeOrExpense"": ""支出"", ""merchantOrderNo"": ""25052809340560200078\t"", ""productDescription"": ""上海公交-189路-2025-05-28 07:34:02"", ""counterpartyAccount"": ""jtk***@sptcc.com""}",2025052822001445901401345487	,2025-05-28 09:34:05,2.00,OUT,上海公共交通卡股份有限公司,花呗,上海公交-189路-2025-05-28 07:34:02 - 交通出行,203,2.0.0,0,2026-02-04 15:49:34,PARSED,3,2026-02-04 15:49:37,3,2026-02-04 15:49:37,0,交通补贴
742,2,3,ALIPAY,PLATFORM_ORDER,950f1821bb407087c7dda3be246ade7a,"{""amount"": ""2.00"", ""remark"": """", ""tradeTime"": ""2025-05-27 23:48:18"", ""tradeStatus"": ""交易成功"", ""counterparty"": ""上海公共交通卡股份有限公司"", ""tradeOrderNo"": ""2025052722001445901401378102\t"", ""paymentMethod"": ""花呗"", ""tradeCategory"": ""交通出行"", ""incomeOrExpense"": ""支出"", ""merchantOrderNo"": ""25052723481860100025\t"", ""productDescription"": ""上海公交-189路-2025-05-27 21:48:15"", ""counterpartyAccount"": ""jtk***@sptcc.com""}",2025052722001445901401378102	,2025-05-27 23:48:18,2.00,OUT,上海公共交通卡股份有限公司,花呗,上海公交-189路-2025-05-27 21:48:15 - 交通出行,203,2.0.0,0,2026-02-04 15:49:34,PARSED,3,2026-02-04 15:49:37,3,2026-02-04 15:49:37,0,交通补贴
743,2,3,ALIPAY,PLATFORM_ORDER,05c3669f42cbb1fd354a801965433459,"{""amount"": ""3.00"", ""remark"": """", ""tradeTime"": ""2025-05-27 21:39:23"", ""tradeStatus"": ""交易成功"", ""counterparty"": ""上海都畅数字技术有限公司"", ""tradeOrderNo"": ""2025052722001445901401391137\t"", ""paymentMethod"": ""花呗"", ""tradeCategory"": ""交通出行"", ""incomeOrExpense"": ""支出"", ""merchantOrderNo"": ""20250527213922726072033165022274\t"", ""productDescription"": ""漕河泾开发区-七宝"", ""counterpartyAccount"": ""dom***@metrofastpass.com""}",2025052722001445901401391137	,2025-05-27 21:39:23,3.00,OUT,上海都畅数字技术有限公司,花呗,漕河泾开发区-七宝 - 交通出行,203,2.0.0,0,2026-02-04 15:49:34,PARSED,3,2026-02-04 15:49:37,3,2026-02-04 15:49:37,0,交通补贴
744,2,3,ALIPAY,PLATFORM_ORDER,b132634da1f985eab469d0077b736801,"{""amount"": ""2.00"", ""remark"": """", ""tradeTime"": ""2025-05-26 22:35:16"", ""tradeStatus"": ""交易成功"", ""counterparty"": ""上海公共交通卡股份有限公司"", ""tradeOrderNo"": ""2025052622001445901456640028\t"", ""paymentMethod"": ""花呗"", ""tradeCategory"": ""交通出行"", ""incomeOrExpense"": ""支出"", ""merchantOrderNo"": ""25052622351660100040\t"", ""productDescription"": ""上海公交-189路-2025-05-26 20:35:13"", ""counterpartyAccount"": ""jtk***@sptcc.com""}",2025052622001445901456640028	,2025-05-26 22:35:16,2.00,OUT,上海公共交通卡股份有限公司,花呗,上海公交-189路-2025-05-26 20:35:13 - 交通出行,203,2.0.0,0,2026-02-04 15:49:34,PARSED,3,2026-02-04 15:49:37,3,2026-02-04 15:49:37,0,交通补贴
745,2,3,ALIPAY,PLATFORM_ORDER,fab95f125e591f5e15f2ef46e11760ce,"{""amount"": ""3.00"", ""remark"": """", ""tradeTime"": ""2025-05-26 20:30:26"", ""tradeStatus"": ""交易成功"", ""counterparty"": ""上海都畅数字技术有限公司"", ""tradeOrderNo"": ""2025052622001445901456631207\t"", ""paymentMethod"": ""花呗"", ""tradeCategory"": ""交通出行"", ""incomeOrExpense"": ""支出"", ""merchantOrderNo"": ""20250526203025717023083324905616\t"", ""productDescription"": ""漕河泾开发区-七宝"", ""counterpartyAccount"": ""dom***@metrofastpass.com""}",2025052622001445901456631207	,2025-05-26 20:30:26,3.00,OUT,上海都畅数字技术有限公司,花呗,漕河泾开发区-七宝 - 交通出行,203,2.0.0,0,2026-02-04 15:49:34,PARSED,3,2026-02-04 15:49:37,3,2026-02-04 15:49:37,0,交通补贴
746,2,3,ALIPAY,PLATFORM_ORDER,fc7a20c3a7a29a8dab9a82d238f19a46,"{""amount"": ""11.28"", ""remark"": """", ""tradeTime"": ""2025-05-26 11:58:22"", ""tradeStatus"": ""交易成功"", ""counterparty"": ""云账户综合服务平台"", ""tradeOrderNo"": ""20250526020070011530900078490022\t"", ""paymentMethod"": """", ""tradeCategory"": ""转账红包"", ""incomeOrExpense"": ""收入"", ""merchantOrderNo"": ""1066425986054607195\t"", ""productDescription"": ""云账户"", ""counterpartyAccount"": ""/""}",20250526020070011530900078490022	,2025-05-26 11:58:22,11.28,IN,云账户综合服务平台,null,云账户 - 转账红包,3704,2.0.0,0,2026-02-04 15:49:34,PARSED,3,2026-02-04 15:49:37,3,2026-02-04 15:49:37,0,转账入账
747,2,3,ALIPAY,PLATFORM_ORDER,a139d33009f46e11e429ca32e65e6705,"{""amount"": ""2.00"", ""remark"": """", ""tradeTime"": ""2025-05-26 09:35:42"", ""tradeStatus"": ""交易成功"", ""counterparty"": ""上海公共交通卡股份有限公司"", ""tradeOrderNo"": ""2025052622001445901451841132\t"", ""paymentMethod"": ""花呗"", ""tradeCategory"": ""交通出行"", ""incomeOrExpense"": ""支出"", ""merchantOrderNo"": ""25052609354260200100\t"", ""productDescription"": ""上海公交-189路-2025-05-26 07:35:39"", ""counterpartyAccount"": ""jtk***@sptcc.com""}",2025052622001445901451841132	,2025-05-26 09:35:42,2.00,OUT,上海公共交通卡股份有限公司,花呗,上海公交-189路-2025-05-26 07:35:39 - 交通出行,203,2.0.0,0,2026-02-04 15:49:34,PARSED,3,2026-02-04 15:49:37,3,2026-02-04 15:49:37,0,交通补贴
748,2,3,ALIPAY,PLATFORM_ORDER,b69b799f8e82470fb1052c1740b6882b,"{""amount"": ""3.00"", ""remark"": """", ""tradeTime"": ""2025-05-26 08:39:06"", ""tradeStatus"": ""交易成功"", ""counterparty"": ""上海都畅数字技术有限公司"", ""tradeOrderNo"": ""2025052622001445901451594698\t"", ""paymentMethod"": ""花呗"", ""tradeCategory"": ""交通出行"", ""incomeOrExpense"": ""支出"", ""merchantOrderNo"": ""20250526083905356072033406727668\t"", ""productDescription"": ""七宝-漕河泾开发区"", ""counterpartyAccount"": ""dom***@metrofastpass.com""}",2025052622001445901451594698	,2025-05-26 08:39:06,3.00,OUT,上海都畅数字技术有限公司,花呗,七宝-漕河泾开发区 - 交通出行,203,2.0.0,0,2026-02-04 15:49:34,PARSED,3,2026-02-04 15:49:37,3,2026-02-04 15:49:37,0,交通补贴
749,2,3,ALIPAY,PLATFORM_ORDER,5124c9e36fb18264e9fa852d6e303239,"{""amount"": ""4.00"", ""remark"": """", ""tradeTime"": ""2025-05-24 22:26:05"", ""tradeStatus"": ""交易成功"", ""counterparty"": ""上海都畅数字技术有限公司"", ""tradeOrderNo"": ""2025052422001445901443733942\t"", ""paymentMethod"": ""花呗"", ""tradeCategory"": ""交通出行"", ""incomeOrExpense"": ""支出"", ""merchantOrderNo"": ""20250524222604784072033272516981\t"", ""productDescription"": ""漕宝路-南京西路"", ""counterpartyAccount"": ""dom***@metrofastpass.com""}",2025052422001445901443733942	,2025-05-24 22:26:05,4.00,OUT,上海都畅数字技术有限公司,花呗,漕宝路-南京西路 - 交通出行,203,2.0.0,0,2026-02-04 15:49:34,PARSED,3,2026-02-04 15:49:37,3,2026-02-04 15:49:37,0,交通补贴
750,2,3,ALIPAY,PLATFORM_ORDER,ac8d44634b7f517b884a1a76991a8e9f,"{""amount"": ""155.00"", ""remark"": """", ""tradeTime"": ""2025-05-24 19:09:55"", ""tradeStatus"": ""交易成功"", ""counterparty"": ""x***4"", ""tradeOrderNo"": ""2025052422001145901448615895\t"", ""paymentMethod"": ""花呗"", ""tradeCategory"": ""日用百货"", ""incomeOrExpense"": ""支出"", ""merchantOrderNo"": ""T200P4354063380400343545\t"", ""productDescription"": ""小菜园代金劵 100元/200元/300元 全国通用"", ""counterpartyAccount"": ""153******17""}",2025052422001145901448615895	,2025-05-24 19:09:55,155.00,OUT,x***4,花呗,小菜园代金劵 100元/200元/300元 全国通用 - 日用百货,16,2.0.0,0,2026-02-04 15:49:34,PARSED,3,2026-02-04 15:49:37,3,2026-02-04 15:49:37,0,餐饮美食
751,2,3,ALIPAY,PLATFORM_ORDER,be700de15c12c49893f665671f19181c,"{""amount"": ""4.00"", ""remark"": """", ""tradeTime"": ""2025-05-24 18:05:38"", ""tradeStatus"": ""交易成功"", ""counterparty"": ""上海都畅数字技术有限公司"", ""tradeOrderNo"": ""2025052422001445901442901478\t"", ""paymentMethod"": ""花呗"", ""tradeCategory"": ""交通出行"", ""incomeOrExpense"": ""支出"", ""merchantOrderNo"": ""20250524180536825023083429322855\t"", ""productDescription"": ""国家会展中心-漕溪路"", ""counterpartyAccount"": ""dom***@metrofastpass.com""}",2025052422001445901442901478	,2025-05-24 18:05:38,4.00,OUT,上海都畅数字技术有限公司,花呗,国家会展中心-漕溪路 - 交通出行,203,2.0.0,0,2026-02-04 15:49:34,PARSED,3,2026-02-04 15:49:37,3,2026-02-04 15:49:37,0,交通补贴
752,2,3,ALIPAY,PLATFORM_ORDER,425392dfefac1709f2f71370d012e0f7,"{""amount"": ""12.10"", ""remark"": """", ""tradeTime"": ""2025-05-23 12:17:22"", ""tradeStatus"": ""交易成功"", ""counterparty"": ""杭州柏鹿信息技术有限公司"", ""tradeOrderNo"": ""20250523020070011540900045117432\t"", ""paymentMethod"": """", ""tradeCategory"": ""转账红包"", ""incomeOrExpense"": ""收入"", ""merchantOrderNo"": ""XC151606831479986508\t"", ""productDescription"": ""小蚕提现"", ""counterpartyAccount"": ""/""}",20250523020070011540900045117432	,2025-05-23 12:17:22,12.10,IN,杭州柏鹿信息技术有限公司,null,小蚕提现 - 转账红包,3203,2.0.0,0,2026-02-04 15:49:34,PARSED,3,2026-02-04 15:49:37,3,2026-02-04 15:49:37,0,储蓄卡⇄支付平台
753,2,3,ALIPAY,PLATFORM_ORDER,6cc4f63cfac88f178f10b81ac9820d86,"{""amount"": ""4.00"", ""remark"": """", ""tradeTime"": ""2025-05-20 08:51:52"", ""tradeStatus"": ""交易成功"", ""counterparty"": ""24H便利购"", ""tradeOrderNo"": ""2025052022001445901410304176\t"", ""paymentMethod"": ""花呗"", ""tradeCategory"": ""日用百货"", ""incomeOrExpense"": ""支出"", ""merchantOrderNo"": ""1374308636226383872\t"", ""productDescription"": ""自动售货机自选商品_消费时间：2025-05-20 08:51:52"", ""counterpartyAccount"": ""m***@lufff.com""}",2025052022001445901410304176	,2025-05-20 08:51:52,4.00,OUT,24H便利购,花呗,自动售货机自选商品_消费时间：2025-05-20 08:51:52 - 日用百货,31,2.0.0,0,2026-02-04 15:49:34,PARSED,3,2026-02-04 15:49:37,3,2026-02-04 15:49:37,0,其他支出
754,2,3,ALIPAY,PLATFORM_ORDER,fabd2eef571076d6830582672d2a986b,"{""amount"": ""166.00"", ""remark"": """", ""tradeTime"": ""2025-05-20 08:17:19"", ""tradeStatus"": ""交易成功"", ""counterparty"": ""上海市浦东新区中医医院"", ""tradeOrderNo"": ""2025052022001445901411020517\t"", ""paymentMethod"": ""花呗"", ""tradeCategory"": ""医疗健康"", ""incomeOrExpense"": ""支出"", ""merchantOrderNo"": ""2025052003870066_081719_8-WN-3100778\t"", ""productDescription"": ""浦东新区中医医院移动支付"", ""counterpartyAccount"": ""pzy***@pdzyy.com""}",2025052022001445901411020517	,2025-05-20 08:17:19,166.00,OUT,上海市浦东新区中医医院,花呗,浦东新区中医医院移动支付 - 医疗健康,1901,2.0.0,0,2026-02-04 15:49:34,PARSED,3,2026-02-04 15:49:37,3,2026-02-04 15:49:37,0,医院
755,2,3,ALIPAY,PLATFORM_ORDER,eef996bff747adade691b69e0cdca822,"{""amount"": ""1.50"", ""remark"": """", ""tradeTime"": ""2025-05-19 16:05:04"", ""tradeStatus"": ""交易成功"", ""counterparty"": ""杭州闲鱼信息技术有限公司"", ""tradeOrderNo"": ""2025051910032004610260230737\t"", ""paymentMethod"": """", ""tradeCategory"": ""商业服务"", ""incomeOrExpense"": ""支出"", ""merchantOrderNo"": ""\t"", ""productDescription"": ""分账-基础软件服务费(2571538731146728756)扣款"", ""counterpartyAccount"": ""xys***@service.aliyun.com""}",2025051910032004610260230737	,2025-05-19 16:05:04,1.50,OUT,杭州闲鱼信息技术有限公司,null,分账-基础软件服务费(2571538731146728756)扣款 - 商业服务,8,2.0.0,0,2026-02-04 15:49:34,PARSED,3,2026-02-04 15:49:37,3,2026-02-04 15:49:37,0,佣金收入
756,2,3,ALIPAY,PLATFORM_ORDER,63152b27c7e51968ab96bd442463ec2f,"{""amount"": ""249.92"", ""remark"": """", ""tradeTime"": ""2025-05-19 12:49:15"", ""tradeStatus"": ""交易成功"", ""counterparty"": ""****n"", ""tradeOrderNo"": ""2025051922001139611458766845\t"", ""paymentMethod"": """", ""tradeCategory"": ""收入"", ""incomeOrExpense"": ""收入"", ""merchantOrderNo"": ""T200P2571538731146728756\t"", ""productDescription"": ""天辣小馆-晶耀前滩 8.8 折整单代下单，不限时段"", ""counterpartyAccount"": ""zha***@qq.com""}",2025051922001139611458766845	,2025-05-19 12:49:15,249.92,IN,****n,null,天辣小馆-晶耀前滩 8.8 折整单代下单，不限时段 - 收入,15,2.0.0,0,2026-02-04 15:49:34,PARSED,3,2026-02-04 15:49:37,3,2026-02-04 15:49:37,0,其他收入
757,2,3,ALIPAY,PLATFORM_ORDER,36efc24fa8f94973f7a66f03831dad0a,"{""amount"": ""166.00"", ""remark"": """", ""tradeTime"": ""2025-05-19 10:31:53"", ""tradeStatus"": ""交易成功"", ""counterparty"": ""t***4"", ""tradeOrderNo"": ""2025051922001145901403603974\t"", ""paymentMethod"": ""花呗分期(3期)&分期立减"", ""tradeCategory"": ""日用百货"", ""incomeOrExpense"": ""支出"", ""merchantOrderNo"": ""T200P4345614540510343545\t"", ""productDescription"": ""最新款华强北Airpodspro2  2025年5月升级款"", ""counterpartyAccount"": ""131******93""}",2025051922001145901403603974	,2025-05-19 10:31:53,166.00,OUT,t***4,3期,最新款华强北Airpodspro2  2025年5月升级款 - 日用百货,31,2.0.0,0,2026-02-04 15:49:34,PARSED,3,2026-02-04 15:49:37,3,2026-02-04 15:49:37,0,其他支出
758,2,3,ALIPAY,PLATFORM_ORDER,6304c708f932054db196d26cf22ddf4c,"{""amount"": ""47.86"", ""remark"": """", ""tradeTime"": ""2025-05-16 13:27:20"", ""tradeStatus"": ""交易成功"", ""counterparty"": ""众安在线财产保险股份有限公司"", ""tradeOrderNo"": ""20250516020070011540900066917056\t"", ""paymentMethod"": """", ""tradeCategory"": ""转账红包"", ""incomeOrExpense"": ""收入"", ""merchantOrderNo"": ""25051610965181\t"", ""productDescription"": ""转账"", ""counterpartyAccount"": ""/""}",20250516020070011540900066917056	,2025-05-16 13:27:20,47.86,IN,众安在线财产保险股份有限公司,null,转账 - 转账红包,3704,2.0.0,0,2026-02-04 15:49:34,PARSED,3,2026-02-04 15:49:37,3,2026-02-04 15:49:37,0,转账入账
759,2,3,ALIPAY,PLATFORM_ORDER,203f4186b73b694792d8b0ec6ef6cd93,"{""amount"": ""4.00"", ""remark"": """", ""tradeTime"": ""2025-05-16 12:40:24"", ""tradeStatus"": ""交易成功"", ""counterparty"": ""上海都畅数字技术有限公司"", ""tradeOrderNo"": ""2025051622001445901448705475\t"", ""paymentMethod"": ""花呗"", ""tradeCategory"": ""交通出行"", ""incomeOrExpense"": ""支出"", ""merchantOrderNo"": ""20250516124023328072033244723048\t"", ""productDescription"": ""西藏南路-彭浦新村"", ""counterpartyAccount"": ""dom***@metrofastpass.com""}",2025051622001445901448705475	,2025-05-16 12:40:24,4.00,OUT,上海都畅数字技术有限公司,花呗,西藏南路-彭浦新村 - 交通出行,203,2.0.0,0,2026-02-04 15:49:34,PARSED,3,2026-02-04 15:49:37,3,2026-02-04 15:49:37,0,交通补贴
760,2,3,ALIPAY,PLATFORM_ORDER,bc9cd12b3ae46a6ffb770937d94e7b2a,"{""amount"": ""13.00"", ""remark"": """", ""tradeTime"": ""2025-05-16 11:35:01"", ""tradeStatus"": ""交易成功"", ""counterparty"": ""沪晨苏面坊苏式奥灶面"", ""tradeOrderNo"": ""2025051622001445901447373217\t"", ""paymentMethod"": ""花呗"", ""tradeCategory"": ""餐饮美食"", ""incomeOrExpense"": ""支出"", ""merchantOrderNo"": ""8720180330024764010461368605805161009300730\t"", ""productDescription"": ""美团收银909700200283667863"", ""counterpartyAccount"": ""/""}",2025051622001445901447373217	,2025-05-16 11:35:01,13.00,OUT,沪晨苏面坊苏式奥灶面,花呗,美团收银909700200283667863 - 餐饮美食,1602,2.0.0,0,2026-02-04 15:49:34,PARSED,3,2026-02-04 15:49:37,3,2026-02-04 15:49:37,0,外卖
761,2,3,ALIPAY,PLATFORM_ORDER,958cf30c36c13bb987601076fca16871,"{""amount"": ""14.00"", ""remark"": """", ""tradeTime"": ""2025-05-16 10:54:39"", ""tradeStatus"": ""交易成功"", ""counterparty"": ""沪晨苏面坊苏式奥灶面"", ""tradeOrderNo"": ""2025051622001445901442613055\t"", ""paymentMethod"": ""花呗"", ""tradeCategory"": ""餐饮美食"", ""incomeOrExpense"": ""支出"", ""merchantOrderNo"": ""6220180330024764010461368605805093351400730\t"", ""productDescription"": ""美团收银909700200282025435"", ""counterpartyAccount"": ""/""}",2025051622001445901442613055	,2025-05-16 10:54:39,14.00,OUT,沪晨苏面坊苏式奥灶面,花呗,美团收银909700200282025435 - 餐饮美食,1602,2.0.0,0,2026-02-04 15:49:34,PARSED,3,2026-02-04 15:49:37,3,2026-02-04 15:49:37,0,外卖
762,2,3,ALIPAY,PLATFORM_ORDER,9f50670d3eb676655b01e7a882906b60,"{""amount"": ""5.00"", ""remark"": """", ""tradeTime"": ""2025-05-16 09:39:30"", ""tradeStatus"": ""交易成功"", ""counterparty"": ""上海都畅数字技术有限公司"", ""tradeOrderNo"": ""2025051622001445901442359582\t"", ""paymentMethod"": ""花呗"", ""tradeCategory"": ""交通出行"", ""incomeOrExpense"": ""支出"", ""merchantOrderNo"": ""20250516093928827023083466407499\t"", ""productDescription"": ""国家会展中心-西藏南路"", ""counterpartyAccount"": ""dom***@metrofastpass.com""}",2025051622001445901442359582	,2025-05-16 09:39:30,5.00,OUT,上海都畅数字技术有限公司,花呗,国家会展中心-西藏南路 - 交通出行,203,2.0.0,0,2026-02-04 15:49:34,PARSED,3,2026-02-04 15:49:37,3,2026-02-04 15:49:37,0,交通补贴
763,2,3,ALIPAY,PLATFORM_ORDER,40f90f2426fab882dddc3b2ab83c2309,"{""amount"": ""0.00"", ""remark"": """", ""tradeTime"": ""2025-05-14 21:28:55"", ""tradeStatus"": ""交易成功"", ""counterparty"": ""上海盒马"", ""tradeOrderNo"": ""2025051422001445901438949908\t"", ""paymentMethod"": """", ""tradeCategory"": ""餐饮美食"", ""incomeOrExpense"": ""支出"", ""merchantOrderNo"": ""P18M6666031250514981636343545\t"", ""productDescription"": ""【特卖】 光明 新青年雪糕(香草味+草莓味) 75g等2类商品"", ""counterpartyAccount"": ""shh***@163.com""}",2025051422001445901438949908	,2025-05-14 21:28:55,0.00,OUT,上海盒马,null,【特卖】 光明 新青年雪糕(香草味+草莓味) 75g等2类商品 - 餐饮美食,1801,2.0.0,0,2026-02-04 15:49:34,PARSED,3,2026-02-04 15:49:37,3,2026-02-04 15:49:37,0,超市
764,2,3,ALIPAY,PLATFORM_ORDER,6b2d7c44a4a03b5ecc89ad7f422a3241,"{""amount"": ""2638.27"", ""remark"": """", ""tradeTime"": ""2025-05-14 17:14:03"", ""tradeStatus"": ""交易成功"", ""counterparty"": ""众安在线财产保险股份有限公司"", ""tradeOrderNo"": ""20250514020070011560900049985009\t"", ""paymentMethod"": """", ""tradeCategory"": ""转账红包"", ""incomeOrExpense"": ""收入"", ""merchantOrderNo"": ""25051410826401\t"", ""productDescription"": ""转账"", ""counterpartyAccount"": ""/""}",20250514020070011560900049985009	,2025-05-14 17:14:03,2638.27,IN,众安在线财产保险股份有限公司,null,转账 - 转账红包,3704,2.0.0,0,2026-02-04 15:49:34,PARSED,3,2026-02-04 15:49:37,3,2026-02-04 15:49:37,0,转账入账
765,2,3,ALIPAY,PLATFORM_ORDER,d17a2fc82639dd49e06254f7e26713bc,"{""amount"": ""35.70"", ""remark"": """", ""tradeTime"": ""2025-05-13 18:55:14"", ""tradeStatus"": ""交易成功"", ""counterparty"": ""哈啰出行"", ""tradeOrderNo"": ""2025051322001445901430336454\t"", ""paymentMethod"": ""花呗"", ""tradeCategory"": ""交通出行"", ""incomeOrExpense"": ""支出"", ""merchantOrderNo"": ""CPR250513185514514224519172D\t"", ""productDescription"": ""哈啰车费"", ""counterpartyAccount"": ""zij***@hellobike.com""}",2025051322001445901430336454	,2025-05-13 18:55:14,35.70,OUT,哈啰出行,花呗,哈啰车费 - 交通出行,1707,2.0.0,0,2026-02-04 15:49:34,PARSED,3,2026-02-04 15:49:37,3,2026-02-04 15:49:37,0,共享单车
766,2,3,ALIPAY,PLATFORM_ORDER,a5ac7826a07105eacaaad5ca7019ace3,"{""amount"": ""60.80"", ""remark"": """", ""tradeTime"": ""2025-05-10 12:32:17"", ""tradeStatus"": ""交易成功"", ""counterparty"": ""哈啰出行"", ""tradeOrderNo"": ""2025051022001445901409135480\t"", ""paymentMethod"": ""花呗"", ""tradeCategory"": ""交通出行"", ""incomeOrExpense"": ""支出"", ""merchantOrderNo"": ""CPR250510123216658224519172X\t"", ""productDescription"": ""网约车顺风车先乘后付"", ""counterpartyAccount"": ""zij***@hellobike.com""}",2025051022001445901409135480	,2025-05-10 12:32:17,60.80,OUT,哈啰出行,花呗,网约车顺风车先乘后付 - 交通出行,1703,2.0.0,0,2026-02-04 15:49:34,PARSED,3,2026-02-04 15:49:37,3,2026-02-04 15:49:37,0,网约车
767,2,3,ALIPAY,PLATFORM_ORDER,7bf1274e5b583073a0092b606642bef9,"{""amount"": ""3.00"", ""remark"": """", ""tradeTime"": ""2025-05-10 07:43:26"", ""tradeStatus"": ""交易成功"", ""counterparty"": ""上海市奉贤区卫生和计划生育委员会"", ""tradeOrderNo"": ""2025051022001445901406970783\t"", ""paymentMethod"": ""花呗"", ""tradeCategory"": ""医疗健康"", ""incomeOrExpense"": ""支出"", ""merchantOrderNo"": ""2025051010130017\t"", ""productDescription"": ""门诊费用"", ""counterpartyAccount"": ""fxw***@163.com""}",2025051022001445901406970783	,2025-05-10 07:43:26,3.00,OUT,上海市奉贤区卫生和计划生育委员会,花呗,门诊费用 - 医疗健康,19,2.0.0,0,2026-02-04 15:49:34,PARSED,3,2026-02-04 15:49:37,3,2026-02-04 15:49:37,0,医疗健康
768,2,3,ALIPAY,PLATFORM_ORDER,4383ed5d52ecc36017cf05278b42681c,"{""amount"": ""64.10"", ""remark"": """", ""tradeTime"": ""2025-05-10 07:25:24"", ""tradeStatus"": ""交易成功"", ""counterparty"": ""哈啰出行"", ""tradeOrderNo"": ""2025051022001445901410618562\t"", ""paymentMethod"": ""花呗"", ""tradeCategory"": ""交通出行"", ""incomeOrExpense"": ""支出"", ""merchantOrderNo"": ""CPR250510072523922224519172Z\t"", ""productDescription"": ""网约车顺风车先乘后付"", ""counterpartyAccount"": ""zij***@hellobike.com""}",2025051022001445901410618562	,2025-05-10 07:25:24,64.10,OUT,哈啰出行,花呗,网约车顺风车先乘后付 - 交通出行,1703,2.0.0,0,2026-02-04 15:49:34,PARSED,3,2026-02-04 15:49:37,3,2026-02-04 15:49:37,0,网约车
769,2,3,ALIPAY,PLATFORM_ORDER,0a0a8dfce03abfc5143fe493bf671327,"{""amount"": ""60.00"", ""remark"": """", ""tradeTime"": ""2025-05-10 04:42:01"", ""tradeStatus"": ""交易成功"", ""counterparty"": ""众安在线财产保险股份有限公司"", ""tradeOrderNo"": ""20250510020070011500900000898894\t"", ""paymentMethod"": """", ""tradeCategory"": ""转账红包"", ""incomeOrExpense"": ""收入"", ""merchantOrderNo"": ""25051010468520\t"", ""productDescription"": ""转账"", ""counterpartyAccount"": ""/""}",20250510020070011500900000898894	,2025-05-10 04:42:01,60.00,IN,众安在线财产保险股份有限公司,null,转账 - 转账红包,3704,2.0.0,0,2026-02-04 15:49:34,PARSED,3,2026-02-04 15:49:37,3,2026-02-04 15:49:37,0,转账入账
770,2,3,ALIPAY,PLATFORM_ORDER,7d71f3c0c553013f1dbe115990aa878d,"{""amount"": ""22.90"", ""remark"": """", ""tradeTime"": ""2025-05-09 21:55:25"", ""tradeStatus"": ""交易成功"", ""counterparty"": ""淘宝闪购"", ""tradeOrderNo"": ""2025050922001145901410028295\t"", ""paymentMethod"": ""花呗"", ""tradeCategory"": ""餐饮美食"", ""incomeOrExpense"": ""支出"", ""merchantOrderNo"": ""13210600725050956027478796052\t"", ""productDescription"": ""1点点(虹桥天地店)外卖订单"", ""counterpartyAccount"": ""e50***@alibaba-inc.com""}",2025050922001145901410028295	,2025-05-09 21:55:25,22.90,OUT,淘宝闪购,花呗,1点点(虹桥天地店)外卖订单 - 餐饮美食,1803,2.0.0,0,2026-02-04 15:49:34,PARSED,3,2026-02-04 15:49:37,3,2026-02-04 15:49:37,0,网购
771,2,3,ALIPAY,PLATFORM_ORDER,491614cc72a91137206865432c458560,"{""amount"": ""16.10"", ""remark"": """", ""tradeTime"": ""2025-05-09 14:03:25"", ""tradeStatus"": ""交易成功"", ""counterparty"": ""滴滴出行"", ""tradeOrderNo"": ""2025050922001445901402588613\t"", ""paymentMethod"": ""花呗"", ""tradeCategory"": ""交通出行"", ""incomeOrExpense"": ""支出"", ""merchantOrderNo"": ""212_202505098332314201278277\t"", ""productDescription"": ""特惠快车-谢师傅-05月09日行程"", ""counterpartyAccount"": ""chu***@didichuxing.com""}",2025050922001445901402588613	,2025-05-09 14:03:25,16.10,OUT,滴滴出行,花呗,特惠快车-谢师傅-05月09日行程 - 交通出行,1703,2.0.0,0,2026-02-04 15:49:34,PARSED,3,2026-02-04 15:49:37,3,2026-02-04 15:49:37,0,网约车
772,2,3,ALIPAY,PLATFORM_ORDER,b9e9c33967b7ba221b3ed55f9bfc61c5,"{""amount"": ""10.87"", ""remark"": """", ""tradeTime"": ""2025-05-09 13:26:37"", ""tradeStatus"": ""交易成功"", ""counterparty"": ""高德打车"", ""tradeOrderNo"": ""2025050922001445901401726930\t"", ""paymentMethod"": ""花呗"", ""tradeCategory"": ""交通出行"", ""incomeOrExpense"": ""支出"", ""merchantOrderNo"": ""0064N202505090000000010725349574\t"", ""productDescription"": ""高德打车订单"", ""counterpartyAccount"": ""gdd***@service.aliyun.com""}",2025050922001445901401726930	,2025-05-09 13:26:37,10.87,OUT,高德打车,花呗,高德打车订单 - 交通出行,1703,2.0.0,0,2026-02-04 15:49:34,PARSED,3,2026-02-04 15:49:37,3,2026-02-04 15:49:37,0,网约车
773,2,3,ALIPAY,PLATFORM_ORDER,299829e779d0167570c2582e8cc63781,"{""amount"": ""0.77"", ""remark"": """", ""tradeTime"": ""2025-05-08 17:19:05"", ""tradeStatus"": ""交易成功"", ""counterparty"": ""杭州闲鱼信息技术有限公司"", ""tradeOrderNo"": ""2025050810032004280205538604\t"", ""paymentMethod"": """", ""tradeCategory"": ""商业服务"", ""incomeOrExpense"": ""支出"", ""merchantOrderNo"": ""\t"", ""productDescription"": ""分账-基础软件服务费(4330162116891797338)扣款"", ""counterpartyAccount"": ""xys***@service.aliyun.com""}",2025050810032004280205538604	,2025-05-08 17:19:05,0.77,OUT,杭州闲鱼信息技术有限公司,null,分账-基础软件服务费(4330162116891797338)扣款 - 商业服务,8,2.0.0,0,2026-02-04 15:49:34,PARSED,3,2026-02-04 15:49:37,3,2026-02-04 15:49:37,0,佣金收入
774,2,3,ALIPAY,PLATFORM_ORDER,0a19a8e0b56854bdbaf37458ceef9175,"{""amount"": ""127.60"", ""remark"": """", ""tradeTime"": ""2025-05-08 17:14:59"", ""tradeStatus"": ""交易成功"", ""counterparty"": ""****5"", ""tradeOrderNo"": ""2025050822001157281433180215\t"", ""paymentMethod"": """", ""tradeCategory"": ""收入"", ""incomeOrExpense"": ""收入"", ""merchantOrderNo"": ""T200P4330162116891797338\t"", ""productDescription"": ""天辣小馆-晶耀前滩 8.8 折整单代下单，不限时段"", ""counterpartyAccount"": ""247***@qq.com""}",2025050822001157281433180215	,2025-05-08 17:14:59,127.60,IN,****5,null,天辣小馆-晶耀前滩 8.8 折整单代下单，不限时段 - 收入,15,2.0.0,0,2026-02-04 15:49:34,PARSED,3,2026-02-04 15:49:37,3,2026-02-04 15:49:37,0,其他收入
775,2,3,ALIPAY,PLATFORM_ORDER,3b83df98e3d1cdf122f67b0e3601feb5,"{""amount"": ""10.14"", ""remark"": """", ""tradeTime"": ""2025-05-08 12:38:48"", ""tradeStatus"": ""交易成功"", ""counterparty"": ""杭州柏鹿信息技术有限公司"", ""tradeOrderNo"": ""20250508020070011540900084384008\t"", ""paymentMethod"": """", ""tradeCategory"": ""转账红包"", ""incomeOrExpense"": ""收入"", ""merchantOrderNo"": ""XC146877164479986508\t"", ""productDescription"": ""小蚕提现"", ""counterpartyAccount"": ""/""}",20250508020070011540900084384008	,2025-05-08 12:38:48,10.14,IN,杭州柏鹿信息技术有限公司,null,小蚕提现 - 转账红包,3203,2.0.0,0,2026-02-04 15:49:35,PARSED,3,2026-02-04 15:49:37,3,2026-02-04 15:49:37,0,储蓄卡⇄支付平台
776,2,3,ALIPAY,PLATFORM_ORDER,79dc458b1deadaf2230694748f351fbd,"{""amount"": ""5.00"", ""remark"": """", ""tradeTime"": ""2025-05-07 20:16:52"", ""tradeStatus"": ""交易成功"", ""counterparty"": ""杭州地铁"", ""tradeOrderNo"": ""2025050722001445901452951411\t"", ""paymentMethod"": ""花呗"", ""tradeCategory"": ""交通出行"", ""incomeOrExpense"": ""支出"", ""merchantOrderNo"": ""064201342505072016511010000001424091906\t"", ""productDescription"": ""地铁-火车东站(东广场)-20:16:47-正常行程票款扣费"", ""counterpartyAccount"": ""l6g***@hzmetro.com""}",2025050722001445901452951411	,2025-05-07 20:16:52,5.00,OUT,杭州地铁,花呗,地铁-火车东站(东广场)-20:16:47-正常行程票款扣费 - 交通出行,1701,2.0.0,0,2026-02-04 15:49:35,PARSED,3,2026-02-04 15:49:37,3,2026-02-04 15:49:37,0,公交地铁
777,2,3,ALIPAY,PLATFORM_ORDER,4f60671f55d52911b3dd1ed8dc9dc1f0,"{""amount"": ""6.00"", ""remark"": """", ""tradeTime"": ""2025-05-06 22:17:35"", ""tradeStatus"": ""交易成功"", ""counterparty"": ""杭州地铁"", ""tradeOrderNo"": ""2025050622001445901444649230\t"", ""paymentMethod"": ""花呗"", ""tradeCategory"": ""交通出行"", ""incomeOrExpense"": ""支出"", ""merchantOrderNo"": ""022601272505062217351020000001386279058\t"", ""productDescription"": ""地铁-三坝-22:17:35-正常行程票款扣费"", ""counterpartyAccount"": ""l2g***@hzmetro.com""}",2025050622001445901444649230	,2025-05-06 22:17:35,6.00,OUT,杭州地铁,花呗,地铁-三坝-22:17:35-正常行程票款扣费 - 交通出行,1701,2.0.0,0,2026-02-04 15:49:35,PARSED,3,2026-02-04 15:49:37,3,2026-02-04 15:49:37,0,公交地铁
778,2,3,ALIPAY,PLATFORM_ORDER,e78d5dedee0aa47b4eea0aed22a6eb34,"{""amount"": ""7.00"", ""remark"": """", ""tradeTime"": ""2025-05-06 19:05:25"", ""tradeStatus"": ""交易成功"", ""counterparty"": ""杭州地铁"", ""tradeOrderNo"": ""2025050622001445901444681270\t"", ""paymentMethod"": ""花呗"", ""tradeCategory"": ""交通出行"", ""incomeOrExpense"": ""支出"", ""merchantOrderNo"": ""020901032505061905241010000001423343093\t"", ""productDescription"": ""地铁-振宁路-19:05:26-正常行程票款扣费"", ""counterpartyAccount"": ""l2g***@hzmetro.com""}",2025050622001445901444681270	,2025-05-06 19:05:25,7.00,OUT,杭州地铁,花呗,地铁-振宁路-19:05:26-正常行程票款扣费 - 交通出行,1701,2.0.0,0,2026-02-04 15:49:35,PARSED,3,2026-02-04 15:49:37,3,2026-02-04 15:49:37,0,公交地铁
779,2,3,ALIPAY,PLATFORM_ORDER,078eb009d6c8d747636f58718f0e83c6,"{""amount"": ""0.00"", ""remark"": """", ""tradeTime"": ""2025-05-06 11:46:57"", ""tradeStatus"": ""交易成功"", ""counterparty"": ""杭州盒马"", ""tradeOrderNo"": ""2025050622001145901442391721\t"", ""paymentMethod"": """", ""tradeCategory"": ""日用百货"", ""incomeOrExpense"": ""支出"", ""merchantOrderNo"": ""T200P4327094378835343545\t"", ""productDescription"": ""惊喜福利省钱卡"", ""counterpartyAccount"": ""shh***@163.com""}",2025050622001145901442391721	,2025-05-06 11:46:57,0.00,OUT,杭州盒马,null,惊喜福利省钱卡 - 日用百货,1801,2.0.0,0,2026-02-04 15:49:35,PARSED,3,2026-02-04 15:49:37,3,2026-02-04 15:49:37,0,超市
780,2,3,ALIPAY,PLATFORM_ORDER,1d651e4d265861c57833ed00ea279ca7,"{""amount"": ""0.00"", ""remark"": """", ""tradeTime"": ""2025-05-06 11:46:57"", ""tradeStatus"": ""交易成功"", ""counterparty"": ""杭州盒马"", ""tradeOrderNo"": ""2025050622001145901446096287\t"", ""paymentMethod"": """", ""tradeCategory"": ""餐饮美食"", ""incomeOrExpense"": ""支出"", ""merchantOrderNo"": ""T200P4327094378827343545\t"", ""productDescription"": ""蒜苔 约350g等多件"", ""counterpartyAccount"": ""shh***@163.com""}",2025050622001145901446096287	,2025-05-06 11:46:57,0.00,OUT,杭州盒马,null,蒜苔 约350g等多件 - 餐饮美食,1801,2.0.0,0,2026-02-04 15:49:35,PARSED,3,2026-02-04 15:49:37,3,2026-02-04 15:49:37,0,超市
781,2,3,ALIPAY,PLATFORM_ORDER,b35edd28bca8b16db79b0eb608f11890,"{""amount"": ""0.00"", ""remark"": """", ""tradeTime"": ""2025-05-05 20:20:26"", ""tradeStatus"": ""交易成功"", ""counterparty"": ""杭州盒马"", ""tradeOrderNo"": ""2025050522001445901440241798\t"", ""paymentMethod"": """", ""tradeCategory"": ""餐饮美食"", ""incomeOrExpense"": ""支出"", ""merchantOrderNo"": ""P18M6666031250505651497343545\t"", ""productDescription"": ""原切胸腩牛肉卷 1kg等3类商品"", ""counterpartyAccount"": ""shh***@163.com""}",2025050522001445901440241798	,2025-05-05 20:20:26,0.00,OUT,杭州盒马,null,原切胸腩牛肉卷 1kg等3类商品 - 餐饮美食,1801,2.0.0,0,2026-02-04 15:49:35,PARSED,3,2026-02-04 15:49:37,3,2026-02-04 15:49:37,0,超市
782,2,3,ALIPAY,PLATFORM_ORDER,4fe9e6c1215e4e6cf45e4f12b2bd070f,"{""amount"": ""53.00"", ""remark"": """", ""tradeTime"": ""2025-05-05 16:52:29"", ""tradeStatus"": ""交易成功"", ""counterparty"": ""苏美**店"", ""tradeOrderNo"": ""2025050522001145901439045190\t"", ""paymentMethod"": ""花呗"", ""tradeCategory"": ""日用百货"", ""incomeOrExpense"": ""支出"", ""merchantOrderNo"": ""T200P4326211658523343545\t"", ""productDescription"": ""【活动价】章丘炒菜锅传统铁锅官方旗舰老式炒锅家用不粘锅无涂层燃气灶适用 等多件"", ""counterpartyAccount"": ""134***@163.com""}",2025050522001145901439045190	,2025-05-05 16:52:29,53.00,OUT,苏美**店,花呗,【活动价】章丘炒菜锅传统铁锅官方旗舰老式炒锅家用不粘锅无涂层燃气灶适用 等多件 - 日用百货,2206,2.0.0,0,2026-02-04 15:49:35,PARSED,3,2026-02-04 15:49:37,3,2026-02-04 15:49:37,0,燃气费
783,2,3,ALIPAY,PLATFORM_ORDER,653b647b76e1d6443e06a96e60f472b6,"{""amount"": ""8.25"", ""remark"": """", ""tradeTime"": ""2025-05-04 09:12:25"", ""tradeStatus"": ""交易成功"", ""counterparty"": ""滴滴出行"", ""tradeOrderNo"": ""2025050423001445901433106584\t"", ""paymentMethod"": ""花呗&支付宝打车券"", ""tradeCategory"": ""交通出行"", ""incomeOrExpense"": ""支出"", ""merchantOrderNo"": ""210_202505048328394601040682\t"", ""productDescription"": ""滴滴快车-曾师傅-05月04日行程"", ""counterpartyAccount"": ""chu***@didichuxing.com""}",2025050423001445901433106584	,2025-05-04 09:12:25,8.25,OUT,滴滴出行,花呗&支付宝打车券,滴滴快车-曾师傅-05月04日行程 - 交通出行,1703,2.0.0,0,2026-02-04 15:49:35,PARSED,3,2026-02-04 15:49:37,3,2026-02-04 15:49:37,0,网约车
784,2,3,ALIPAY,PLATFORM_ORDER,7c6f24c3674550194adad5a5719487fc,"{""amount"": ""20.86"", ""remark"": """", ""tradeTime"": ""2025-05-03 21:07:59"", ""tradeStatus"": ""交易成功"", ""counterparty"": ""滴滴出行"", ""tradeOrderNo"": ""2025050322001445901428726802\t"", ""paymentMethod"": ""花呗"", ""tradeCategory"": ""交通出行"", ""incomeOrExpense"": ""支出"", ""merchantOrderNo"": ""212_202505038328105901521770\t"", ""productDescription"": ""特惠快车-熊师傅-05月03日行程"", ""counterpartyAccount"": ""chu***@didichuxing.com""}",2025050322001445901428726802	,2025-05-03 21:07:59,20.86,OUT,滴滴出行,花呗,特惠快车-熊师傅-05月03日行程 - 交通出行,1703,2.0.0,0,2026-02-04 15:49:35,PARSED,3,2026-02-04 15:49:37,3,2026-02-04 15:49:37,0,网约车
785,2,3,ALIPAY,PLATFORM_ORDER,83c35ff282f412c62d847bb033beb5b0,"{""amount"": ""16.86"", ""remark"": """", ""tradeTime"": ""2025-05-03 18:11:03"", ""tradeStatus"": ""交易成功"", ""counterparty"": ""滴滴出行"", ""tradeOrderNo"": ""2025050323001445901432329882\t"", ""paymentMethod"": ""花呗"", ""tradeCategory"": ""交通出行"", ""incomeOrExpense"": ""支出"", ""merchantOrderNo"": ""212_202505033777585901482707\t"", ""productDescription"": ""特惠快车-叶师傅-05月03日行程"", ""counterpartyAccount"": ""chu***@didichuxing.com""}",2025050323001445901432329882	,2025-05-03 18:11:03,16.86,OUT,滴滴出行,花呗,特惠快车-叶师傅-05月03日行程 - 交通出行,1703,2.0.0,0,2026-02-04 15:49:35,PARSED,3,2026-02-04 15:49:37,3,2026-02-04 15:49:37,0,网约车
786,2,3,ALIPAY,PLATFORM_ORDER,e42bf527d5147b62989ba239f08ca952,"{""amount"": ""31.00"", ""remark"": """", ""tradeTime"": ""2025-05-02 21:13:51"", ""tradeStatus"": ""交易成功"", ""counterparty"": ""淘票**光"", ""tradeOrderNo"": ""2025050222001145901424414124\t"", ""paymentMethod"": ""宁波银行信用卡(4573)"", ""tradeCategory"": ""文化休闲"", ""incomeOrExpense"": ""支出"", ""merchantOrderNo"": ""T150P4323014247808343545\t"", ""productDescription"": ""《猎金&middot;游戏》西亚影城潢川影院电影票"", ""counterpartyAccount"": ""dyz***@service.alibaba.com""}",2025050222001145901424414124	,2025-05-02 21:13:51,31.00,OUT,淘票**光,4573,《猎金&middot;游戏》西亚影城潢川影院电影票 - 文化休闲,2101,2.0.0,0,2026-02-04 15:49:35,PARSED,3,2026-02-04 15:49:37,3,2026-02-04 15:49:37,0,电影
787,2,3,ALIPAY,PLATFORM_ORDER,ae866f1fc8f4aed896e3418147c6acd9,"{""amount"": ""3.90"", ""remark"": """", ""tradeTime"": ""2025-04-30 09:22:07"", ""tradeStatus"": ""交易成功"", ""counterparty"": ""支付宝小荷包(?聚会时刻)"", ""tradeOrderNo"": ""20250430020070011520900098910772\t"", ""paymentMethod"": ""余额宝"", ""tradeCategory"": ""转账红包"", ""incomeOrExpense"": ""支出"", ""merchantOrderNo"": ""2024050100424002040078000942609620250430090000\t"", ""productDescription"": ""支付宝小荷包-自动攒"", ""counterpartyAccount"": ""/""}",20250430020070011520900098910772	,2025-04-30 09:22:07,3.90,OUT,支付宝小荷包(?聚会时刻),余额宝,支付宝小荷包-自动攒 - 转账红包,1202,2.0.0,0,2026-02-04 15:49:35,PARSED,3,2026-02-04 15:49:37,3,2026-02-04 15:49:37,0,支付宝红包
788,2,3,ALIPAY,PLATFORM_ORDER,b729eecf9cc3874f6c2671e89960fdc0,"{""amount"": ""1.00"", ""remark"": """", ""tradeTime"": ""2025-04-29 20:26:33"", ""tradeStatus"": ""交易成功"", ""counterparty"": ""x***7"", ""tradeOrderNo"": ""2025042922001145901409086288\t"", ""paymentMethod"": ""花呗"", ""tradeCategory"": ""日用百货"", ""incomeOrExpense"": ""支出"", ""merchantOrderNo"": ""T200P4319913888771343545\t"", ""productDescription"": ""海底捞8折会员?82折，秒回直接拍，到账自己账号，无尴尬，海"", ""counterpartyAccount"": ""199******70""}",2025042922001145901409086288	,2025-04-29 20:26:33,1.00,OUT,x***7,花呗,海底捞8折会员?82折，秒回直接拍，到账自己账号，无尴尬，海 - 日用百货,1601,2.0.0,0,2026-02-04 15:49:35,PARSED,3,2026-02-04 15:49:37,3,2026-02-04 15:49:37,0,三餐
789,2,3,ALIPAY,PLATFORM_ORDER,be01991a42a265a4d3ebf91c54de8cf3,"{""amount"": ""5.00"", ""remark"": """", ""tradeTime"": ""2025-04-29 18:41:12"", ""tradeStatus"": ""交易成功"", ""counterparty"": ""上海都畅数字技术有限公司"", ""tradeOrderNo"": ""2025042922001445901405383542\t"", ""paymentMethod"": ""花呗"", ""tradeCategory"": ""交通出行"", ""incomeOrExpense"": ""支出"", ""merchantOrderNo"": ""20250429184111053023083103705051\t"", ""productDescription"": ""国家会展中心-南京东路"", ""counterpartyAccount"": ""dom***@metrofastpass.com""}",2025042922001445901405383542	,2025-04-29 18:41:12,5.00,OUT,上海都畅数字技术有限公司,花呗,国家会展中心-南京东路 - 交通出行,1803,2.0.0,0,2026-02-04 15:49:35,PARSED,3,2026-02-04 15:49:37,3,2026-02-04 15:49:37,0,网购
790,2,3,ALIPAY,PLATFORM_ORDER,60979ae545ddcc9e51d378740378a74d,"{""amount"": ""1.46"", ""remark"": """", ""tradeTime"": ""2025-04-29 13:09:03"", ""tradeStatus"": ""交易成功"", ""counterparty"": ""杭州闲鱼信息技术有限公司"", ""tradeOrderNo"": ""2025042910032004890218609759\t"", ""paymentMethod"": """", ""tradeCategory"": ""商业服务"", ""incomeOrExpense"": ""支出"", ""merchantOrderNo"": ""\t"", ""productDescription"": ""分账-基础软件服务费(4319044453839948900)扣款"", ""counterpartyAccount"": ""xys***@service.aliyun.com""}",2025042910032004890218609759	,2025-04-29 13:09:03,1.46,OUT,杭州闲鱼信息技术有限公司,null,分账-基础软件服务费(4319044453839948900)扣款 - 商业服务,8,2.0.0,0,2026-02-04 15:49:35,PARSED,3,2026-02-04 15:49:37,3,2026-02-04 15:49:37,0,佣金收入
791,2,3,ALIPAY,PLATFORM_ORDER,fd4e3d151fe5176b9cb6ac706e4fa122,"{""amount"": ""243.76"", ""remark"": """", ""tradeTime"": ""2025-04-29 12:23:59"", ""tradeStatus"": ""交易成功"", ""counterparty"": ""***葬"", ""tradeOrderNo"": ""2025042922001160891431415309\t"", ""paymentMethod"": """", ""tradeCategory"": ""收入"", ""incomeOrExpense"": ""收入"", ""merchantOrderNo"": ""T200P4319044453839948900\t"", ""productDescription"": ""天辣小馆-晶耀前滩 8.8 折整单代下单，不限时段"", ""counterpartyAccount"": ""182******25""}",2025042922001160891431415309	,2025-04-29 12:23:59,243.76,IN,***葬,null,天辣小馆-晶耀前滩 8.8 折整单代下单，不限时段 - 收入,15,2.0.0,0,2026-02-04 15:49:35,PARSED,3,2026-02-04 15:49:37,3,2026-02-04 15:49:37,0,其他收入
792,2,3,ALIPAY,PLATFORM_ORDER,4fb790835cd32f57a95c2d5c01a27bdf,"{""amount"": ""3.90"", ""remark"": """", ""tradeTime"": ""2025-04-29 09:22:20"", ""tradeStatus"": ""交易成功"", ""counterparty"": ""支付宝小荷包(?聚会时刻)"", ""tradeOrderNo"": ""20250429020070011520900089154506\t"", ""paymentMethod"": ""余额宝"", ""tradeCategory"": ""转账红包"", ""incomeOrExpense"": ""支出"", ""merchantOrderNo"": ""2024050100424002040078000942609620250429090000\t"", ""productDescription"": ""支付宝小荷包-自动攒"", ""counterpartyAccount"": ""/""}",20250429020070011520900089154506	,2025-04-29 09:22:20,3.90,OUT,支付宝小荷包(?聚会时刻),余额宝,支付宝小荷包-自动攒 - 转账红包,1202,2.0.0,0,2026-02-04 15:49:35,PARSED,3,2026-02-04 15:49:37,3,2026-02-04 15:49:37,0,支付宝红包
793,2,3,ALIPAY,PLATFORM_ORDER,a6b9ad77aaf473ed2c1b566c02f8dda8,"{""amount"": ""3.90"", ""remark"": """", ""tradeTime"": ""2025-04-28 09:23:44"", ""tradeStatus"": ""交易成功"", ""counterparty"": ""支付宝小荷包(?聚会时刻)"", ""tradeOrderNo"": ""20250428020070011520900079008521\t"", ""paymentMethod"": ""余额宝"", ""tradeCategory"": ""转账红包"", ""incomeOrExpense"": ""支出"", ""merchantOrderNo"": ""2024050100424002040078000942609620250428090000\t"", ""productDescription"": ""支付宝小荷包-自动攒"", ""counterpartyAccount"": ""/""}",20250428020070011520900079008521	,2025-04-28 09:23:44,3.90,OUT,支付宝小荷包(?聚会时刻),余额宝,支付宝小荷包-自动攒 - 转账红包,1202,2.0.0,0,2026-02-04 15:49:35,PARSED,3,2026-02-04 15:49:37,3,2026-02-04 15:49:37,0,支付宝红包
794,2,3,ALIPAY,PLATFORM_ORDER,ebcc7aa80b33b9fea9a1738d1e75fea0,"{""amount"": ""3.90"", ""remark"": """", ""tradeTime"": ""2025-04-27 09:23:32"", ""tradeStatus"": ""交易成功"", ""counterparty"": ""支付宝小荷包(?聚会时刻)"", ""tradeOrderNo"": ""20250427020070011520900068563388\t"", ""paymentMethod"": ""余额宝"", ""tradeCategory"": ""转账红包"", ""incomeOrExpense"": ""支出"", ""merchantOrderNo"": ""2024050100424002040078000942609620250427090000\t"", ""productDescription"": ""支付宝小荷包-自动攒"", ""counterpartyAccount"": ""/""}",20250427020070011520900068563388	,2025-04-27 09:23:32,3.90,OUT,支付宝小荷包(?聚会时刻),余额宝,支付宝小荷包-自动攒 - 转账红包,1202,2.0.0,0,2026-02-04 15:49:35,PARSED,3,2026-02-04 15:49:37,3,2026-02-04 15:49:37,0,支付宝红包
795,2,3,ALIPAY,PLATFORM_ORDER,2e7efbf2df01b01c3f284f24c87a5044,"{""amount"": ""0.00"", ""remark"": """", ""tradeTime"": ""2025-04-26 10:07:22"", ""tradeStatus"": ""交易成功"", ""counterparty"": ""上海盒马"", ""tradeOrderNo"": ""2025042622001145901444810212\t"", ""paymentMethod"": """", ""tradeCategory"": ""日用百货"", ""incomeOrExpense"": ""支出"", ""merchantOrderNo"": ""T200P4315559114051343545\t"", ""productDescription"": ""盒马平台配送费"", ""counterpartyAccount"": ""shh***@163.com""}",2025042622001145901444810212	,2025-04-26 10:07:22,0.00,OUT,上海盒马,null,盒马平台配送费 - 日用百货,1801,2.0.0,0,2026-02-04 15:49:35,PARSED,3,2026-02-04 15:49:37,3,2026-02-04 15:49:37,0,超市
796,2,3,ALIPAY,PLATFORM_ORDER,360bec83f22ebb09d36d41f9e8876054,"{""amount"": ""0.00"", ""remark"": """", ""tradeTime"": ""2025-04-26 10:07:22"", ""tradeStatus"": ""交易成功"", ""counterparty"": ""上海盒马"", ""tradeOrderNo"": ""2025042622001145901446021135\t"", ""paymentMethod"": """", ""tradeCategory"": ""日用百货"", ""incomeOrExpense"": ""支出"", ""merchantOrderNo"": ""T200P4315559114044343545\t"", ""productDescription"": ""薄皮青椒 500g等多件"", ""counterpartyAccount"": ""shh***@163.com""}",2025042622001145901446021135	,2025-04-26 10:07:22,0.00,OUT,上海盒马,null,薄皮青椒 500g等多件 - 日用百货,1801,2.0.0,0,2026-02-04 15:49:35,PARSED,3,2026-02-04 15:49:37,3,2026-02-04 15:49:37,0,超市
797,2,3,ALIPAY,PLATFORM_ORDER,443765dc2d13f1d861f8384ce4e6da8d,"{""amount"": ""3.90"", ""remark"": """", ""tradeTime"": ""2025-04-26 09:23:36"", ""tradeStatus"": ""交易成功"", ""counterparty"": ""支付宝小荷包(?聚会时刻)"", ""tradeOrderNo"": ""20250426020070011520900057688782\t"", ""paymentMethod"": ""余额宝"", ""tradeCategory"": ""转账红包"", ""incomeOrExpense"": ""支出"", ""merchantOrderNo"": ""2024050100424002040078000942609620250426090000\t"", ""productDescription"": ""支付宝小荷包-自动攒"", ""counterpartyAccount"": ""/""}",20250426020070011520900057688782	,2025-04-26 09:23:36,3.90,OUT,支付宝小荷包(?聚会时刻),余额宝,支付宝小荷包-自动攒 - 转账红包,1202,2.0.0,0,2026-02-04 15:49:35,PARSED,3,2026-02-04 15:49:37,3,2026-02-04 15:49:37,0,支付宝红包
798,2,3,ALIPAY,PLATFORM_ORDER,53418b0cd1ee4693db06c6eecaa89d03,"{""amount"": ""692.00"", ""remark"": """", ""tradeTime"": ""2025-04-25 17:44:41"", ""tradeStatus"": ""交易成功"", ""counterparty"": ""众安在线财产保险股份有限公司"", ""tradeOrderNo"": ""20250425020070011560900052524262\t"", ""paymentMethod"": """", ""tradeCategory"": ""转账红包"", ""incomeOrExpense"": ""收入"", ""merchantOrderNo"": ""25042509380049\t"", ""productDescription"": ""转账"", ""counterpartyAccount"": ""/""}",20250425020070011560900052524262	,2025-04-25 17:44:41,692.00,IN,众安在线财产保险股份有限公司,null,转账 - 转账红包,3704,2.0.0,0,2026-02-04 15:49:35,PARSED,3,2026-02-04 15:49:37,3,2026-02-04 15:49:37,0,转账入账
799,2,3,ALIPAY,PLATFORM_ORDER,183dc947d91155a6f63ee1ff254a5e69,"{""amount"": ""1740.00"", ""remark"": """", ""tradeTime"": ""2025-04-25 12:38:17"", ""tradeStatus"": ""交易成功"", ""counterparty"": ""**林"", ""tradeOrderNo"": ""2025042522001487651457756476\t"", ""paymentMethod"": """", ""tradeCategory"": ""收入"", ""incomeOrExpense"": ""收入"", ""merchantOrderNo"": ""47455558979602031487652\t"", ""productDescription"": ""收钱码收款"", ""counterpartyAccount"": ""726***@qq.com""}",2025042522001487651457756476	,2025-04-25 12:38:17,1740.00,IN,**林,null,收钱码收款 - 收入,3704,2.0.0,0,2026-02-04 15:49:35,PARSED,3,2026-02-04 15:49:37,3,2026-02-04 15:49:37,0,转账入账
800,2,3,ALIPAY,PLATFORM_ORDER,d99647632d8f39bdd7af07efb6103cd1,"{""amount"": ""3.90"", ""remark"": """", ""tradeTime"": ""2025-04-25 09:24:12"", ""tradeStatus"": ""交易成功"", ""counterparty"": ""支付宝小荷包(?聚会时刻)"", ""tradeOrderNo"": ""20250425020070011520900047018741\t"", ""paymentMethod"": ""余额宝"", ""tradeCategory"": ""转账红包"", ""incomeOrExpense"": ""支出"", ""merchantOrderNo"": ""2024050100424002040078000942609620250425090000\t"", ""productDescription"": ""支付宝小荷包-自动攒"", ""counterpartyAccount"": ""/""}",20250425020070011520900047018741	,2025-04-25 09:24:12,3.90,OUT,支付宝小荷包(?聚会时刻),余额宝,支付宝小荷包-自动攒 - 转账红包,1202,2.0.0,0,2026-02-04 15:49:35,PARSED,3,2026-02-04 15:49:37,3,2026-02-04 15:49:37,0,支付宝红包
801,2,3,ALIPAY,PLATFORM_ORDER,8165ed514034b3e82722fe2e405c1d48,"{""amount"": ""3.90"", ""remark"": """", ""tradeTime"": ""2025-04-24 09:24:20"", ""tradeStatus"": ""交易成功"", ""counterparty"": ""支付宝小荷包(?聚会时刻)"", ""tradeOrderNo"": ""20250424020070011520900036214048\t"", ""paymentMethod"": ""余额宝"", ""tradeCategory"": ""转账红包"", ""incomeOrExpense"": ""支出"", ""merchantOrderNo"": ""2024050100424002040078000942609620250424090000\t"", ""productDescription"": ""支付宝小荷包-自动攒"", ""counterpartyAccount"": ""/""}",20250424020070011520900036214048	,2025-04-24 09:24:20,3.90,OUT,支付宝小荷包(?聚会时刻),余额宝,支付宝小荷包-自动攒 - 转账红包,1202,2.0.0,0,2026-02-04 15:49:35,PARSED,3,2026-02-04 15:49:37,3,2026-02-04 15:49:37,0,支付宝红包
802,2,3,ALIPAY,PLATFORM_ORDER,5748a40c8d7b117401479e3bbe0fb0e9,"{""amount"": ""125.49"", ""remark"": """", ""tradeTime"": ""2025-04-23 14:57:23"", ""tradeStatus"": ""交易成功"", ""counterparty"": ""众安在线财产保险股份有限公司"", ""tradeOrderNo"": ""20250423020070011550900029990988\t"", ""paymentMethod"": """", ""tradeCategory"": ""转账红包"", ""incomeOrExpense"": ""收入"", ""merchantOrderNo"": ""25042309188694\t"", ""productDescription"": ""转账"", ""counterpartyAccount"": ""/""}",20250423020070011550900029990988	,2025-04-23 14:57:23,125.49,IN,众安在线财产保险股份有限公司,null,转账 - 转账红包,3704,2.0.0,0,2026-02-04 15:49:35,PARSED,3,2026-02-04 15:49:37,3,2026-02-04 15:49:37,0,转账入账
803,2,3,ALIPAY,PLATFORM_ORDER,9ef9d00e5da27b0d303d9e21ee9baeac,"{""amount"": ""3.90"", ""remark"": """", ""tradeTime"": ""2025-04-23 09:24:45"", ""tradeStatus"": ""交易成功"", ""counterparty"": ""支付宝小荷包(?聚会时刻)"", ""tradeOrderNo"": ""20250423020070011520900026074051\t"", ""paymentMethod"": ""余额宝"", ""tradeCategory"": ""转账红包"", ""incomeOrExpense"": ""支出"", ""merchantOrderNo"": ""2024050100424002040078000942609620250423090000\t"", ""productDescription"": ""支付宝小荷包-自动攒"", ""counterpartyAccount"": ""/""}",20250423020070011520900026074051	,2025-04-23 09:24:45,3.90,OUT,支付宝小荷包(?聚会时刻),余额宝,支付宝小荷包-自动攒 - 转账红包,1202,2.0.0,0,2026-02-04 15:49:35,PARSED,3,2026-02-04 15:49:37,3,2026-02-04 15:49:37,0,支付宝红包
804,2,3,ALIPAY,PLATFORM_ORDER,4915a7ea76f819d93b1ae20f72ed4018,"{""amount"": ""3.90"", ""remark"": """", ""tradeTime"": ""2025-04-22 09:24:43"", ""tradeStatus"": ""交易成功"", ""counterparty"": ""支付宝小荷包(?聚会时刻)"", ""tradeOrderNo"": ""20250422020070011520900015802608\t"", ""paymentMethod"": ""余额宝"", ""tradeCategory"": ""转账红包"", ""incomeOrExpense"": ""支出"", ""merchantOrderNo"": ""2024050100424002040078000942609620250422090000\t"", ""productDescription"": ""支付宝小荷包-自动攒"", ""counterpartyAccount"": ""/""}",20250422020070011520900015802608	,2025-04-22 09:24:43,3.90,OUT,支付宝小荷包(?聚会时刻),余额宝,支付宝小荷包-自动攒 - 转账红包,1202,2.0.0,0,2026-02-04 15:49:35,PARSED,3,2026-02-04 15:49:37,3,2026-02-04 15:49:37,0,支付宝红包
805,2,3,ALIPAY,PLATFORM_ORDER,b61096c11dd7dfb1d3dd4fd05d22abfe,"{""amount"": ""3.90"", ""remark"": """", ""tradeTime"": ""2025-04-21 09:25:29"", ""tradeStatus"": ""交易成功"", ""counterparty"": ""支付宝小荷包(?聚会时刻)"", ""tradeOrderNo"": ""20250421020070011520900005811074\t"", ""paymentMethod"": ""余额宝"", ""tradeCategory"": ""转账红包"", ""incomeOrExpense"": ""支出"", ""merchantOrderNo"": ""2024050100424002040078000942609620250421090000\t"", ""productDescription"": ""支付宝小荷包-自动攒"", ""counterpartyAccount"": ""/""}",20250421020070011520900005811074	,2025-04-21 09:25:29,3.90,OUT,支付宝小荷包(?聚会时刻),余额宝,支付宝小荷包-自动攒 - 转账红包,1202,2.0.0,0,2026-02-04 15:49:35,PARSED,3,2026-02-04 15:49:37,3,2026-02-04 15:49:37,0,支付宝红包
806,2,3,ALIPAY,PLATFORM_ORDER,919f610de3fbed6f14c2a60564e1b7e6,"{""amount"": ""25.00"", ""remark"": """", ""tradeTime"": ""2025-04-20 19:53:09"", ""tradeStatus"": ""交易成功"", ""counterparty"": ""悸动(闵行华漕紫堤路店)"", ""tradeOrderNo"": ""2025042022001445901413498171\t"", ""paymentMethod"": ""花呗"", ""tradeCategory"": ""餐饮美食"", ""incomeOrExpense"": ""支出"", ""merchantOrderNo"": ""111266000048180000153750375322125042019530967785\t"", ""productDescription"": ""【POS】_闵行华漕紫堤路店_243612_23000509_无_无"", ""counterpartyAccount"": ""/""}",2025042022001445901413498171	,2025-04-20 19:53:09,25.00,OUT,悸动(闵行华漕紫堤路店),花呗,【POS】_闵行华漕紫堤路店_243612_23000509_无_无 - 餐饮美食,16,2.0.0,0,2026-02-04 15:49:35,PARSED,3,2026-02-04 15:49:37,3,2026-02-04 15:49:37,0,餐饮美食
807,2,3,ALIPAY,PLATFORM_ORDER,f1c582aa0c4deda727cbb50e0b9d97ba,"{""amount"": ""3.90"", ""remark"": """", ""tradeTime"": ""2025-04-20 09:25:42"", ""tradeStatus"": ""交易成功"", ""counterparty"": ""支付宝小荷包(?聚会时刻)"", ""tradeOrderNo"": ""20250420020070011520900095138168\t"", ""paymentMethod"": ""余额宝"", ""tradeCategory"": ""转账红包"", ""incomeOrExpense"": ""支出"", ""merchantOrderNo"": ""2024050100424002040078000942609620250420090000\t"", ""productDescription"": ""支付宝小荷包-自动攒"", ""counterpartyAccount"": ""/""}",20250420020070011520900095138168	,2025-04-20 09:25:42,3.90,OUT,支付宝小荷包(?聚会时刻),余额宝,支付宝小荷包-自动攒 - 转账红包,1202,2.0.0,0,2026-02-04 15:49:35,PARSED,3,2026-02-04 15:49:37,3,2026-02-04 15:49:37,0,支付宝红包
808,2,3,ALIPAY,PLATFORM_ORDER,95b271d508a1e86375e19ec1fc3de17e,"{""amount"": ""3.90"", ""remark"": """", ""tradeTime"": ""2025-04-19 09:25:07"", ""tradeStatus"": ""交易成功"", ""counterparty"": ""支付宝小荷包(?聚会时刻)"", ""tradeOrderNo"": ""20250419020070011520900083837173\t"", ""paymentMethod"": ""余额宝"", ""tradeCategory"": ""转账红包"", ""incomeOrExpense"": ""支出"", ""merchantOrderNo"": ""2024050100424002040078000942609620250419090000\t"", ""productDescription"": ""支付宝小荷包-自动攒"", ""counterpartyAccount"": ""/""}",20250419020070011520900083837173	,2025-04-19 09:25:07,3.90,OUT,支付宝小荷包(?聚会时刻),余额宝,支付宝小荷包-自动攒 - 转账红包,1202,2.0.0,0,2026-02-04 15:49:35,PARSED,3,2026-02-04 15:49:37,3,2026-02-04 15:49:37,0,支付宝红包
809,2,3,ALIPAY,PLATFORM_ORDER,1b0a2889fc0a9e070ca7c0b703982cb4,"{""amount"": ""3.90"", ""remark"": """", ""tradeTime"": ""2025-04-18 09:25:25"", ""tradeStatus"": ""交易成功"", ""counterparty"": ""支付宝小荷包(?聚会时刻)"", ""tradeOrderNo"": ""20250418020070011520900073290592\t"", ""paymentMethod"": ""余额宝"", ""tradeCategory"": ""转账红包"", ""incomeOrExpense"": ""支出"", ""merchantOrderNo"": ""2024050100424002040078000942609620250418090000\t"", ""productDescription"": ""支付宝小荷包-自动攒"", ""counterpartyAccount"": ""/""}",20250418020070011520900073290592	,2025-04-18 09:25:25,3.90,OUT,支付宝小荷包(?聚会时刻),余额宝,支付宝小荷包-自动攒 - 转账红包,1202,2.0.0,0,2026-02-04 15:49:35,PARSED,3,2026-02-04 15:49:37,3,2026-02-04 15:49:37,0,支付宝红包
810,2,3,ALIPAY,PLATFORM_ORDER,a64c7715c0a333ff0110991805205be6,"{""amount"": ""3.90"", ""remark"": """", ""tradeTime"": ""2025-04-17 09:25:24"", ""tradeStatus"": ""交易成功"", ""counterparty"": ""支付宝小荷包(?聚会时刻)"", ""tradeOrderNo"": ""20250417020070011520900063240223\t"", ""paymentMethod"": ""余额宝"", ""tradeCategory"": ""转账红包"", ""incomeOrExpense"": ""支出"", ""merchantOrderNo"": ""2024050100424002040078000942609620250417090000\t"", ""productDescription"": ""支付宝小荷包-自动攒"", ""counterpartyAccount"": ""/""}",20250417020070011520900063240223	,2025-04-17 09:25:24,3.90,OUT,支付宝小荷包(?聚会时刻),余额宝,支付宝小荷包-自动攒 - 转账红包,1202,2.0.0,0,2026-02-04 15:49:35,PARSED,3,2026-02-04 15:49:37,3,2026-02-04 15:49:37,0,支付宝红包
811,2,3,ALIPAY,PLATFORM_ORDER,06adf2d00ad8e6843b9f8275034d6f49,"{""amount"": ""0.01"", ""remark"": """", ""tradeTime"": ""2025-04-16 20:37:31"", ""tradeStatus"": ""交易成功"", ""counterparty"": ""x***2"", ""tradeOrderNo"": ""2025041622001145901451025660\t"", ""paymentMethod"": ""花呗"", ""tradeCategory"": ""日用百货"", ""incomeOrExpense"": ""支出"", ""merchantOrderNo"": ""T200P4304073746440343545\t"", ""productDescription"": ""标价秒发，2025北森题库评测性格测试历年真题汇总超全可打印"", ""counterpartyAccount"": ""195******87""}",2025041622001145901451025660	,2025-04-16 20:37:31,0.01,OUT,x***2,花呗,标价秒发，2025北森题库评测性格测试历年真题汇总超全可打印 - 日用百货,31,2.0.0,0,2026-02-04 15:49:35,PARSED,3,2026-02-04 15:49:37,3,2026-02-04 15:49:37,0,其他支出
812,2,3,ALIPAY,PLATFORM_ORDER,641a38cff8d1cf9f696e7a4354843c41,"{""amount"": ""68.60"", ""remark"": """", ""tradeTime"": ""2025-04-16 14:28:47"", ""tradeStatus"": ""交易成功"", ""counterparty"": ""北京淘友天下科技发展有限公司"", ""tradeOrderNo"": ""20250416110070001506550071605694\t"", ""paymentMethod"": """", ""tradeCategory"": ""转账红包"", ""incomeOrExpense"": ""收入"", ""merchantOrderNo"": ""13\t"", ""productDescription"": ""批量付款-244047005"", ""counterpartyAccount"": ""/""}",20250416110070001506550071605694	,2025-04-16 14:28:47,68.60,IN,北京淘友天下科技发展有限公司,null,批量付款-244047005 - 转账红包,3704,2.0.0,0,2026-02-04 15:49:35,PARSED,3,2026-02-04 15:49:37,3,2026-02-04 15:49:37,0,转账入账
813,2,3,ALIPAY,PLATFORM_ORDER,f7d8555c63c3426d4051e359cacd6106,"{""amount"": ""3.90"", ""remark"": """", ""tradeTime"": ""2025-04-16 09:25:48"", ""tradeStatus"": ""交易成功"", ""counterparty"": ""支付宝小荷包(?聚会时刻)"", ""tradeOrderNo"": ""20250416020070011520900053560965\t"", ""paymentMethod"": ""余额宝"", ""tradeCategory"": ""转账红包"", ""incomeOrExpense"": ""支出"", ""merchantOrderNo"": ""2024050100424002040078000942609620250416090000\t"", ""productDescription"": ""支付宝小荷包-自动攒"", ""counterpartyAccount"": ""/""}",20250416020070011520900053560965	,2025-04-16 09:25:48,3.90,OUT,支付宝小荷包(?聚会时刻),余额宝,支付宝小荷包-自动攒 - 转账红包,1202,2.0.0,0,2026-02-04 15:49:35,PARSED,3,2026-02-04 15:49:37,3,2026-02-04 15:49:37,0,支付宝红包
814,2,3,ALIPAY,PLATFORM_ORDER,272730a04daf15f0375b6b7409358e54,"{""amount"": ""214.45"", ""remark"": """", ""tradeTime"": ""2025-04-15 21:15:09"", ""tradeStatus"": ""交易成功"", ""counterparty"": ""上海城投水务(集团)有限公司"", ""tradeOrderNo"": ""2025041500003001900041222774\t"", ""paymentMethod"": ""宁波银行信用卡(4573)&宁波银行立减"", ""tradeCategory"": ""充值缴费"", ""incomeOrExpense"": ""支出"", ""merchantOrderNo"": ""5980754100\t"", ""productDescription"": ""水费-**实名"", ""counterpartyAccount"": ""/""}",2025041500003001900041222774	,2025-04-15 21:15:09,214.45,OUT,上海城投水务(集团)有限公司,4573,水费-**实名 - 充值缴费,2205,2.0.0,0,2026-02-04 15:49:35,PARSED,3,2026-02-04 15:49:37,3,2026-02-04 15:49:37,0,水费
815,2,3,ALIPAY,PLATFORM_ORDER,46e69270ca83a6022e5b959b0cc1fa14,"{""amount"": ""0.50"", ""remark"": """", ""tradeTime"": ""2025-04-15 20:14:09"", ""tradeStatus"": ""交易成功"", ""counterparty"": ""丰巢"", ""tradeOrderNo"": ""2025041522001445901446334464\t"", ""paymentMethod"": ""花呗"", ""tradeCategory"": ""生活服务"", ""incomeOrExpense"": ""支出"", ""merchantOrderNo"": ""20250415201404779055035801208012\t"", ""productDescription"": ""快件畅存费"", ""counterpartyAccount"": ""luo***@fcbox.com""}",2025041522001445901446334464	,2025-04-15 20:14:09,0.50,OUT,丰巢,花呗,快件畅存费 - 生活服务,31,2.0.0,0,2026-02-04 15:49:35,PARSED,3,2026-02-04 15:49:37,3,2026-02-04 15:49:37,0,其他支出
816,2,3,ALIPAY,PLATFORM_ORDER,353142464696d8b1af0da181d5b09ecf,"{""amount"": ""3.90"", ""remark"": """", ""tradeTime"": ""2025-04-15 09:26:03"", ""tradeStatus"": ""交易成功"", ""counterparty"": ""支付宝小荷包(?聚会时刻)"", ""tradeOrderNo"": ""20250415020070011520900042767380\t"", ""paymentMethod"": ""余额宝"", ""tradeCategory"": ""转账红包"", ""incomeOrExpense"": ""支出"", ""merchantOrderNo"": ""2024050100424002040078000942609620250415090000\t"", ""productDescription"": ""支付宝小荷包-自动攒"", ""counterpartyAccount"": ""/""}",20250415020070011520900042767380	,2025-04-15 09:26:03,3.90,OUT,支付宝小荷包(?聚会时刻),余额宝,支付宝小荷包-自动攒 - 转账红包,1202,2.0.0,0,2026-02-04 15:49:35,PARSED,3,2026-02-04 15:49:37,3,2026-02-04 15:49:37,0,支付宝红包
817,2,3,ALIPAY,PLATFORM_ORDER,1f9ee025888c02c8936021f7b0015916,"{""amount"": ""3.90"", ""remark"": """", ""tradeTime"": ""2025-04-14 09:26:14"", ""tradeStatus"": ""交易成功"", ""counterparty"": ""支付宝小荷包(?聚会时刻)"", ""tradeOrderNo"": ""20250414020070011520900033946864\t"", ""paymentMethod"": ""余额宝"", ""tradeCategory"": ""转账红包"", ""incomeOrExpense"": ""支出"", ""merchantOrderNo"": ""2024050100424002040078000942609620250414090000\t"", ""productDescription"": ""支付宝小荷包-自动攒"", ""counterpartyAccount"": ""/""}",20250414020070011520900033946864	,2025-04-14 09:26:14,3.90,OUT,支付宝小荷包(?聚会时刻),余额宝,支付宝小荷包-自动攒 - 转账红包,1202,2.0.0,0,2026-02-04 15:49:35,PARSED,3,2026-02-04 15:49:37,3,2026-02-04 15:49:37,0,支付宝红包
818,2,3,ALIPAY,PLATFORM_ORDER,795f4346d71812a0b97416bc714c1134,"{""amount"": ""0.00"", ""remark"": """", ""tradeTime"": ""2025-04-13 11:06:10"", ""tradeStatus"": ""交易成功"", ""counterparty"": ""上海盒马"", ""tradeOrderNo"": ""2025041322001145901434392038\t"", ""paymentMethod"": """", ""tradeCategory"": ""日用百货"", ""incomeOrExpense"": ""支出"", ""merchantOrderNo"": ""T200P4299457647369343545\t"", ""productDescription"": ""红颜草莓 500g(单果均重15g)等多件"", ""counterpartyAccount"": ""shh***@163.com""}",2025041322001145901434392038	,2025-04-13 11:06:10,0.00,OUT,上海盒马,null,红颜草莓 500g(单果均重15g)等多件 - 日用百货,1801,2.0.0,0,2026-02-04 15:49:35,PARSED,3,2026-02-04 15:49:37,3,2026-02-04 15:49:37,0,超市
819,2,3,ALIPAY,PLATFORM_ORDER,9ae2a72a11a02d839c695d35f42f2cc9,"{""amount"": ""0.00"", ""remark"": """", ""tradeTime"": ""2025-04-13 11:06:10"", ""tradeStatus"": ""交易成功"", ""counterparty"": ""上海盒马"", ""tradeOrderNo"": ""2025041322001145901435539275\t"", ""paymentMethod"": """", ""tradeCategory"": ""日用百货"", ""incomeOrExpense"": ""支出"", ""merchantOrderNo"": ""T200P4299457647373343545\t"", ""productDescription"": ""盒马平台配送费"", ""counterpartyAccount"": ""shh***@163.com""}",2025041322001145901435539275	,2025-04-13 11:06:10,0.00,OUT,上海盒马,null,盒马平台配送费 - 日用百货,1801,2.0.0,0,2026-02-04 15:49:35,PARSED,3,2026-02-04 15:49:37,3,2026-02-04 15:49:37,0,超市
820,2,3,ALIPAY,PLATFORM_ORDER,28339ddaaae78e081205869ba4d84cc4,"{""amount"": ""3.90"", ""remark"": """", ""tradeTime"": ""2025-04-13 09:26:12"", ""tradeStatus"": ""交易成功"", ""counterparty"": ""支付宝小荷包(?聚会时刻)"", ""tradeOrderNo"": ""20250413020070011520900024169111\t"", ""paymentMethod"": ""余额宝"", ""tradeCategory"": ""转账红包"", ""incomeOrExpense"": ""支出"", ""merchantOrderNo"": ""2024050100424002040078000942609620250413090000\t"", ""productDescription"": ""支付宝小荷包-自动攒"", ""counterpartyAccount"": ""/""}",20250413020070011520900024169111	,2025-04-13 09:26:12,3.90,OUT,支付宝小荷包(?聚会时刻),余额宝,支付宝小荷包-自动攒 - 转账红包,1202,2.0.0,0,2026-02-04 15:49:35,PARSED,3,2026-02-04 15:49:37,3,2026-02-04 15:49:37,0,支付宝红包
821,2,3,ALIPAY,PLATFORM_ORDER,d43ddea4564534a82f855488782053c9,"{""amount"": ""3.00"", ""remark"": """", ""tradeTime"": ""2025-04-12 21:05:41"", ""tradeStatus"": ""交易成功"", ""counterparty"": ""上海都畅数字技术有限公司"", ""tradeOrderNo"": ""2025041222001445901433668677\t"", ""paymentMethod"": ""花呗"", ""tradeCategory"": ""交通出行"", ""incomeOrExpense"": ""支出"", ""merchantOrderNo"": ""20250412210540884072033346926795\t"", ""productDescription"": ""虹桥火车站-国家会展中心"", ""counterpartyAccount"": ""dom***@metrofastpass.com""}",2025041222001445901433668677	,2025-04-12 21:05:41,3.00,OUT,上海都畅数字技术有限公司,花呗,虹桥火车站-国家会展中心 - 交通出行,1704,2.0.0,0,2026-02-04 15:49:35,PARSED,3,2026-02-04 15:49:37,3,2026-02-04 15:49:37,0,火车/高铁
822,2,3,ALIPAY,PLATFORM_ORDER,94bee9155f98ba9088bf3a58b763d660,"{""amount"": ""203.00"", ""remark"": """", ""tradeTime"": ""2025-04-12 20:16:13"", ""tradeStatus"": ""支付成功"", ""counterparty"": ""亚瑟士虎爪贸易行"", ""tradeOrderNo"": ""2025041222001845901431022227_11200600725041275662031344535\t"", ""paymentMethod"": ""余额宝"", ""tradeCategory"": ""服饰装扮"", ""incomeOrExpense"": ""支出"", ""merchantOrderNo"": ""11200600725041275662031344535\t"", ""productDescription"": ""全款交易：莆田纯原亚瑟男女士跑步鞋kayano 31越野跑鞋专业透气k31减震鞋"", ""counterpartyAccount"": ""133******15""}",2025041222001845901431022227_11200600725041275662031344535	,2025-04-12 20:16:13,203.00,OUT,亚瑟士虎爪贸易行,余额宝,全款交易：莆田纯原亚瑟男女士跑步鞋kayano 31越野跑鞋专业透气k31减震鞋 - 服饰装扮,1814,2.0.0,0,2026-02-04 15:49:35,PARSED,3,2026-02-04 15:49:37,3,2026-02-04 15:49:37,0,运动装备
823,2,3,ALIPAY,PLATFORM_ORDER,8bc3a4b0fa66a39736f93086fe9c869b,"{""amount"": ""9.90"", ""remark"": """", ""tradeTime"": ""2025-04-12 20:16:13"", ""tradeStatus"": ""支付成功"", ""counterparty"": ""阿里巴巴1688plus会员"", ""tradeOrderNo"": ""2025041222001845901434259273_11200600725041275662030344535\t"", ""paymentMethod"": ""余额宝"", ""tradeCategory"": ""其他"", ""incomeOrExpense"": ""支出"", ""merchantOrderNo"": ""11200600725041275662030344535\t"", ""productDescription"": ""全款交易：1688PLUS会员月卡"", ""counterpartyAccount"": ""168***@service.aliyun.com""}",2025041222001845901434259273_11200600725041275662030344535	,2025-04-12 20:16:13,9.90,OUT,阿里巴巴1688plus会员,余额宝,全款交易：1688PLUS会员月卡 - 其他,2114,2.0.0,0,2026-02-04 15:49:35,PARSED,3,2026-02-04 15:49:37,3,2026-02-04 15:49:37,0,订阅服务
824,2,3,ALIPAY,PLATFORM_ORDER,e5cf72a58ec73f5a39f5d90fd486a000,"{""amount"": ""15.45"", ""remark"": """", ""tradeTime"": ""2025-04-12 17:03:11"", ""tradeStatus"": ""交易成功"", ""counterparty"": ""滴滴出行"", ""tradeOrderNo"": ""2025041222001445901432076684\t"", ""paymentMethod"": ""花呗"", ""tradeCategory"": ""交通出行"", ""incomeOrExpense"": ""支出"", ""merchantOrderNo"": ""212_202504123765894601215965\t"", ""productDescription"": ""特惠快车-叶师傅-04月12日行程"", ""counterpartyAccount"": ""chu***@didichuxing.com""}",2025041222001445901432076684	,2025-04-12 17:03:11,15.45,OUT,滴滴出行,花呗,特惠快车-叶师傅-04月12日行程 - 交通出行,1703,2.0.0,0,2026-02-04 15:49:35,PARSED,3,2026-02-04 15:49:37,3,2026-02-04 15:49:37,0,网约车
825,2,3,ALIPAY,PLATFORM_ORDER,7fc32a50a13c1c22bd998b7a7d59307f,"{""amount"": ""334.00"", ""remark"": """", ""tradeTime"": ""2025-04-12 13:59:03"", ""tradeStatus"": ""交易成功"", ""counterparty"": ""铁路12306"", ""tradeOrderNo"": ""2025041222001445901432548591\t"", ""paymentMethod"": ""花呗"", ""tradeCategory"": ""交通出行"", ""incomeOrExpense"": ""支出"", ""merchantOrderNo"": ""M2025041299439984\t"", ""productDescription"": ""火车票"", ""counterpartyAccount"": ""chi***@alipay.com""}",2025041222001445901432548591	,2025-04-12 13:59:03,334.00,OUT,铁路12306,花呗,火车票 - 交通出行,1704,2.0.0,0,2026-02-04 15:49:35,PARSED,3,2026-02-04 15:49:37,3,2026-02-04 15:49:37,0,火车/高铁
826,2,3,ALIPAY,PLATFORM_ORDER,3b624ec3385c2521b5cffdbf00d5ea91,"{""amount"": ""24.01"", ""remark"": """", ""tradeTime"": ""2025-04-12 12:31:04"", ""tradeStatus"": ""交易成功"", ""counterparty"": ""滴滴出行"", ""tradeOrderNo"": ""2025041222001445901431078771\t"", ""paymentMethod"": ""花呗&支付宝打车券"", ""tradeCategory"": ""交通出行"", ""incomeOrExpense"": ""支出"", ""merchantOrderNo"": ""212_202504128309394301893951\t"", ""productDescription"": ""特惠快车-罗师傅-04月12日行程"", ""counterpartyAccount"": ""chu***@didichuxing.com""}",2025041222001445901431078771	,2025-04-12 12:31:04,24.01,OUT,滴滴出行,花呗&支付宝打车券,特惠快车-罗师傅-04月12日行程 - 交通出行,1703,2.0.0,0,2026-02-04 15:49:35,PARSED,3,2026-02-04 15:49:37,3,2026-02-04 15:49:37,0,网约车
827,2,3,ALIPAY,PLATFORM_ORDER,a727e2e17ff292d7fc1d369ae0ea2a50,"{""amount"": ""3.90"", ""remark"": """", ""tradeTime"": ""2025-04-12 09:26:04"", ""tradeStatus"": ""交易成功"", ""counterparty"": ""支付宝小荷包(?聚会时刻)"", ""tradeOrderNo"": ""20250412020070011520900013407457\t"", ""paymentMethod"": ""余额宝"", ""tradeCategory"": ""转账红包"", ""incomeOrExpense"": ""支出"", ""merchantOrderNo"": ""2024050100424002040078000942609620250412090000\t"", ""productDescription"": ""支付宝小荷包-自动攒"", ""counterpartyAccount"": ""/""}",20250412020070011520900013407457	,2025-04-12 09:26:04,3.90,OUT,支付宝小荷包(?聚会时刻),余额宝,支付宝小荷包-自动攒 - 转账红包,1202,2.0.0,0,2026-02-04 15:49:35,PARSED,3,2026-02-04 15:49:37,3,2026-02-04 15:49:37,0,支付宝红包
828,2,3,ALIPAY,PLATFORM_ORDER,7e9b9b81d5ecbd406455b8a492792c66,"{""amount"": ""20.82"", ""remark"": """", ""tradeTime"": ""2025-04-12 00:02:42"", ""tradeStatus"": ""交易成功"", ""counterparty"": ""滴滴出行"", ""tradeOrderNo"": ""2025041222001445901429197636\t"", ""paymentMethod"": ""花呗"", ""tradeCategory"": ""交通出行"", ""incomeOrExpense"": ""支出"", ""merchantOrderNo"": ""212_202504128309104301128920\t"", ""productDescription"": ""特惠快车-司师傅-04月11日行程"", ""counterpartyAccount"": ""chu***@didichuxing.com""}",2025041222001445901429197636	,2025-04-12 00:02:42,20.82,OUT,滴滴出行,花呗,特惠快车-司师傅-04月11日行程 - 交通出行,1703,2.0.0,0,2026-02-04 15:49:35,PARSED,3,2026-02-04 15:49:37,3,2026-02-04 15:49:37,0,网约车
829,2,3,ALIPAY,PLATFORM_ORDER,3faaee85532e0231e5d0fb3647c1dde9,"{""amount"": ""20.89"", ""remark"": """", ""tradeTime"": ""2025-04-11 18:13:32"", ""tradeStatus"": ""交易成功"", ""counterparty"": ""滴滴出行"", ""tradeOrderNo"": ""2025041122001445901426519798\t"", ""paymentMethod"": ""花呗"", ""tradeCategory"": ""交通出行"", ""incomeOrExpense"": ""支出"", ""merchantOrderNo"": ""212_202504118308945101585638\t"", ""productDescription"": ""特惠快车-刘师傅-04月11日行程"", ""counterpartyAccount"": ""chu***@didichuxing.com""}",2025041122001445901426519798	,2025-04-11 18:13:32,20.89,OUT,滴滴出行,花呗,特惠快车-刘师傅-04月11日行程 - 交通出行,1703,2.0.0,0,2026-02-04 15:49:35,PARSED,3,2026-02-04 15:49:37,3,2026-02-04 15:49:37,0,网约车
830,2,3,ALIPAY,PLATFORM_ORDER,1b42d129d53685ef7074d81698e33ce9,"{""amount"": ""3.90"", ""remark"": """", ""tradeTime"": ""2025-04-11 09:26:23"", ""tradeStatus"": ""交易成功"", ""counterparty"": ""支付宝小荷包(?聚会时刻)"", ""tradeOrderNo"": ""20250411020070011520900003211120\t"", ""paymentMethod"": ""余额宝"", ""tradeCategory"": ""转账红包"", ""incomeOrExpense"": ""支出"", ""merchantOrderNo"": ""2024050100424002040078000942609620250411090000\t"", ""productDescription"": ""支付宝小荷包-自动攒"", ""counterpartyAccount"": ""/""}",20250411020070011520900003211120	,2025-04-11 09:26:23,3.90,OUT,支付宝小荷包(?聚会时刻),余额宝,支付宝小荷包-自动攒 - 转账红包,1202,2.0.0,0,2026-02-04 15:49:35,PARSED,3,2026-02-04 15:49:37,3,2026-02-04 15:49:37,0,支付宝红包
831,2,3,ALIPAY,PLATFORM_ORDER,5f7e0ab9362732142d3b10cac676eb30,"{""amount"": ""5.00"", ""remark"": """", ""tradeTime"": ""2025-04-10 19:16:15"", ""tradeStatus"": ""交易成功"", ""counterparty"": ""上海都畅数字技术有限公司"", ""tradeOrderNo"": ""2025041022001445901424352930\t"", ""paymentMethod"": ""花呗"", ""tradeCategory"": ""交通出行"", ""incomeOrExpense"": ""支出"", ""merchantOrderNo"": ""20250410191614285072033418828610\t"", ""productDescription"": ""陆家嘴-国家会展中心"", ""counterpartyAccount"": ""dom***@metrofastpass.com""}",2025041022001445901424352930	,2025-04-10 19:16:15,5.00,OUT,上海都畅数字技术有限公司,花呗,陆家嘴-国家会展中心 - 交通出行,203,2.0.0,0,2026-02-04 15:49:35,PARSED,3,2026-02-04 15:49:37,3,2026-02-04 15:49:37,0,交通补贴
832,2,3,ALIPAY,PLATFORM_ORDER,7dba07ba75adc7ff47c679a237dbfd74,"{""amount"": ""3.90"", ""remark"": """", ""tradeTime"": ""2025-04-10 09:26:32"", ""tradeStatus"": ""交易成功"", ""counterparty"": ""支付宝小荷包(?聚会时刻)"", ""tradeOrderNo"": ""20250410020070011520900093496869\t"", ""paymentMethod"": ""余额宝"", ""tradeCategory"": ""转账红包"", ""incomeOrExpense"": ""支出"", ""merchantOrderNo"": ""2024050100424002040078000942609620250410090000\t"", ""productDescription"": ""支付宝小荷包-自动攒"", ""counterpartyAccount"": ""/""}",20250410020070011520900093496869	,2025-04-10 09:26:32,3.90,OUT,支付宝小荷包(?聚会时刻),余额宝,支付宝小荷包-自动攒 - 转账红包,1202,2.0.0,0,2026-02-04 15:49:35,PARSED,3,2026-02-04 15:49:37,3,2026-02-04 15:49:37,0,支付宝红包
833,2,3,ALIPAY,PLATFORM_ORDER,b38bbaf73651108179cd0ccd844def94,"{""amount"": ""5.00"", ""remark"": """", ""tradeTime"": ""2025-04-10 09:19:18"", ""tradeStatus"": ""交易成功"", ""counterparty"": ""上海都畅数字技术有限公司"", ""tradeOrderNo"": ""2025041022001445901420449321\t"", ""paymentMethod"": ""花呗"", ""tradeCategory"": ""交通出行"", ""incomeOrExpense"": ""支出"", ""merchantOrderNo"": ""20250410091917600072033149107464\t"", ""productDescription"": ""国家会展中心-陆家嘴"", ""counterpartyAccount"": ""dom***@metrofastpass.com""}",2025041022001445901420449321	,2025-04-10 09:19:18,5.00,OUT,上海都畅数字技术有限公司,花呗,国家会展中心-陆家嘴 - 交通出行,203,2.0.0,0,2026-02-04 15:49:35,PARSED,3,2026-02-04 15:49:37,3,2026-02-04 15:49:37,0,交通补贴
834,2,3,ALIPAY,PLATFORM_ORDER,fb7c1605a1a122f31503574595aa5b9a,"{""amount"": ""9.30"", ""remark"": """", ""tradeTime"": ""2025-04-09 12:15:10"", ""tradeStatus"": ""交易成功"", ""counterparty"": ""云账户综合服务平台"", ""tradeOrderNo"": ""20250409020070011540900085861405\t"", ""paymentMethod"": """", ""tradeCategory"": ""转账红包"", ""incomeOrExpense"": ""收入"", ""merchantOrderNo"": ""1049398025216577722\t"", ""productDescription"": ""云账户"", ""counterpartyAccount"": ""/""}",20250409020070011540900085861405	,2025-04-09 12:15:10,9.30,IN,云账户综合服务平台,null,云账户 - 转账红包,3704,2.0.0,0,2026-02-04 15:49:35,PARSED,3,2026-02-04 15:49:37,3,2026-02-04 15:49:37,0,转账入账
835,2,3,ALIPAY,PLATFORM_ORDER,9faaac81568cb066c90501591b79635c,"{""amount"": ""960.00"", ""remark"": """", ""tradeTime"": ""2025-04-09 12:00:09"", ""tradeStatus"": ""交易成功"", ""counterparty"": ""北京大麦文化传媒发展有限公司"", ""tradeOrderNo"": ""2025040922001445901415997471\t"", ""paymentMethod"": ""花呗"", ""tradeCategory"": ""文化休闲"", ""incomeOrExpense"": ""支出"", ""merchantOrderNo"": ""11120600725040961855578736619\t"", ""productDescription"": ""大麦网演出赛事票品"", ""counterpartyAccount"": ""pia***@alibaba-inc.com""}",2025040922001445901415997471	,2025-04-09 12:00:09,960.00,OUT,北京大麦文化传媒发展有限公司,花呗,大麦网演出赛事票品 - 文化休闲,2105,2.0.0,0,2026-02-04 15:49:35,PARSED,3,2026-02-04 15:49:37,3,2026-02-04 15:49:37,0,演唱会
836,2,3,ALIPAY,PLATFORM_ORDER,12f2edc42c7f8fcd5a14c18349a0998d,"{""amount"": ""3.90"", ""remark"": """", ""tradeTime"": ""2025-04-09 09:26:21"", ""tradeStatus"": ""交易成功"", ""counterparty"": ""支付宝小荷包(?聚会时刻)"", ""tradeOrderNo"": ""20250409020070011520900084107679\t"", ""paymentMethod"": ""余额宝"", ""tradeCategory"": ""转账红包"", ""incomeOrExpense"": ""支出"", ""merchantOrderNo"": ""2024050100424002040078000942609620250409090000\t"", ""productDescription"": ""支付宝小荷包-自动攒"", ""counterpartyAccount"": ""/""}",20250409020070011520900084107679	,2025-04-09 09:26:21,3.90,OUT,支付宝小荷包(?聚会时刻),余额宝,支付宝小荷包-自动攒 - 转账红包,1202,2.0.0,0,2026-02-04 15:49:35,PARSED,3,2026-02-04 15:49:37,3,2026-02-04 15:49:37,0,支付宝红包
837,2,3,ALIPAY,PLATFORM_ORDER,7e3ce37cbd8cf9abd925df237619f4be,"{""amount"": ""3.90"", ""remark"": """", ""tradeTime"": ""2025-04-08 09:26:32"", ""tradeStatus"": ""交易成功"", ""counterparty"": ""支付宝小荷包(?聚会时刻)"", ""tradeOrderNo"": ""20250408020070011520900074534078\t"", ""paymentMethod"": ""余额宝"", ""tradeCategory"": ""转账红包"", ""incomeOrExpense"": ""支出"", ""merchantOrderNo"": ""2024050100424002040078000942609620250408090000\t"", ""productDescription"": ""支付宝小荷包-自动攒"", ""counterpartyAccount"": ""/""}",20250408020070011520900074534078	,2025-04-08 09:26:32,3.90,OUT,支付宝小荷包(?聚会时刻),余额宝,支付宝小荷包-自动攒 - 转账红包,1202,2.0.0,0,2026-02-04 15:49:35,PARSED,3,2026-02-04 15:49:37,3,2026-02-04 15:49:37,0,支付宝红包
838,2,3,ALIPAY,PLATFORM_ORDER,970de9ec3ac472e49bf6af80837f333b,"{""amount"": ""3.90"", ""remark"": """", ""tradeTime"": ""2025-04-07 09:27:09"", ""tradeStatus"": ""交易成功"", ""counterparty"": ""支付宝小荷包(?聚会时刻)"", ""tradeOrderNo"": ""20250407020070011520900065145876\t"", ""paymentMethod"": ""余额宝"", ""tradeCategory"": ""转账红包"", ""incomeOrExpense"": ""支出"", ""merchantOrderNo"": ""2024050100424002040078000942609620250407090000\t"", ""productDescription"": ""支付宝小荷包-自动攒"", ""counterpartyAccount"": ""/""}",20250407020070011520900065145876	,2025-04-07 09:27:09,3.90,OUT,支付宝小荷包(?聚会时刻),余额宝,支付宝小荷包-自动攒 - 转账红包,1202,2.0.0,0,2026-02-04 15:49:35,PARSED,3,2026-02-04 15:49:37,3,2026-02-04 15:49:37,0,支付宝红包
839,2,3,ALIPAY,PLATFORM_ORDER,a1c53086b72aebe9a79c7a91f4072fc6,"{""amount"": ""3.90"", ""remark"": """", ""tradeTime"": ""2025-04-06 09:27:10"", ""tradeStatus"": ""交易成功"", ""counterparty"": ""支付宝小荷包(?聚会时刻)"", ""tradeOrderNo"": ""20250406020070011520900054959079\t"", ""paymentMethod"": ""余额宝"", ""tradeCategory"": ""转账红包"", ""incomeOrExpense"": ""支出"", ""merchantOrderNo"": ""2024050100424002040078000942609620250406090000\t"", ""productDescription"": ""支付宝小荷包-自动攒"", ""counterpartyAccount"": ""/""}",20250406020070011520900054959079	,2025-04-06 09:27:10,3.90,OUT,支付宝小荷包(?聚会时刻),余额宝,支付宝小荷包-自动攒 - 转账红包,1202,2.0.0,0,2026-02-04 15:49:35,PARSED,3,2026-02-04 15:49:37,3,2026-02-04 15:49:37,0,支付宝红包
840,2,3,ALIPAY,PLATFORM_ORDER,13deb1b6998dd6b8d4ea89ca73a13516,"{""amount"": ""45.00"", ""remark"": """", ""tradeTime"": ""2025-04-05 18:22:07"", ""tradeStatus"": ""交易成功"", ""counterparty"": ""如意果鲜榨果汁（蟠龙天地店）"", ""tradeOrderNo"": ""2025040522001445901401800771\t"", ""paymentMethod"": ""花呗"", ""tradeCategory"": ""餐饮美食"", ""incomeOrExpense"": ""支出"", ""merchantOrderNo"": ""2420180330024764010461368605720007117707027\t"", ""productDescription"": ""美团收银909700198994095833"", ""counterpartyAccount"": ""/""}",2025040522001445901401800771	,2025-04-05 18:22:07,45.00,OUT,如意果鲜榨果汁（蟠龙天地店）,花呗,美团收银909700198994095833 - 餐饮美食,1602,2.0.0,0,2026-02-04 15:49:35,PARSED,3,2026-02-04 15:49:37,3,2026-02-04 15:49:37,0,外卖
841,2,3,ALIPAY,PLATFORM_ORDER,af39297247a973894ded80bd14018957,"{""amount"": ""23.96"", ""remark"": """", ""tradeTime"": ""2025-04-05 11:35:37"", ""tradeStatus"": ""交易成功"", ""counterparty"": ""淘宝闪购"", ""tradeOrderNo"": ""2025040522001145901400423603\t"", ""paymentMethod"": ""花呗"", ""tradeCategory"": ""日用百货"", ""incomeOrExpense"": ""支出"", ""merchantOrderNo"": ""13110600725040518858533796052\t"", ""productDescription"": ""邻侣超市(虹桥中心店)"", ""counterpartyAccount"": ""ele***@service.aliyun.com""}",2025040522001145901400423603	,2025-04-05 11:35:37,23.96,OUT,淘宝闪购,花呗,邻侣超市(虹桥中心店) - 日用百货,1803,2.0.0,0,2026-02-04 15:49:35,PARSED,3,2026-02-04 15:49:37,3,2026-02-04 15:49:37,0,网购
842,2,3,ALIPAY,PLATFORM_ORDER,9b32330a0a75796452f551b64357510f,"{""amount"": ""3.90"", ""remark"": """", ""tradeTime"": ""2025-04-05 09:26:59"", ""tradeStatus"": ""交易成功"", ""counterparty"": ""支付宝小荷包(?聚会时刻)"", ""tradeOrderNo"": ""20250405020070011520900044361817\t"", ""paymentMethod"": ""余额宝"", ""tradeCategory"": ""转账红包"", ""incomeOrExpense"": ""支出"", ""merchantOrderNo"": ""2024050100424002040078000942609620250405090000\t"", ""productDescription"": ""支付宝小荷包-自动攒"", ""counterpartyAccount"": ""/""}",20250405020070011520900044361817	,2025-04-05 09:26:59,3.90,OUT,支付宝小荷包(?聚会时刻),余额宝,支付宝小荷包-自动攒 - 转账红包,1202,2.0.0,0,2026-02-04 15:49:35,PARSED,3,2026-02-04 15:49:37,3,2026-02-04 15:49:37,0,支付宝红包
843,2,3,ALIPAY,PLATFORM_ORDER,38231a7f2ef9ffd10f0823f541752285,"{""amount"": ""5.00"", ""remark"": """", ""tradeTime"": ""2025-04-04 21:58:30"", ""tradeStatus"": ""交易成功"", ""counterparty"": ""上海都畅数字技术有限公司"", ""tradeOrderNo"": ""2025040422001445901454539871\t"", ""paymentMethod"": ""花呗"", ""tradeCategory"": ""交通出行"", ""incomeOrExpense"": ""支出"", ""merchantOrderNo"": ""20250404215829325023083321404335\t"", ""productDescription"": ""南京东路-国家会展中心"", ""counterpartyAccount"": ""dom***@metrofastpass.com""}",2025040422001445901454539871	,2025-04-04 21:58:30,5.00,OUT,上海都畅数字技术有限公司,花呗,南京东路-国家会展中心 - 交通出行,1803,2.0.0,0,2026-02-04 15:49:35,PARSED,3,2026-02-04 15:49:37,3,2026-02-04 15:49:37,0,网购
844,2,3,ALIPAY,PLATFORM_ORDER,ec5c914dbfdfdf9402006bfffc5576b9,"{""amount"": ""3.00"", ""remark"": """", ""tradeTime"": ""2025-04-04 18:45:33"", ""tradeStatus"": ""交易成功"", ""counterparty"": ""上海都畅数字技术有限公司"", ""tradeOrderNo"": ""2025040422001445901456477930\t"", ""paymentMethod"": ""花呗"", ""tradeCategory"": ""交通出行"", ""incomeOrExpense"": ""支出"", ""merchantOrderNo"": ""20250404184532832023083469826803\t"", ""productDescription"": ""天潼路-南京东路"", ""counterpartyAccount"": ""dom***@metrofastpass.com""}",2025040422001445901456477930	,2025-04-04 18:45:33,3.00,OUT,上海都畅数字技术有限公司,花呗,天潼路-南京东路 - 交通出行,1803,2.0.0,0,2026-02-04 15:49:35,PARSED,3,2026-02-04 15:49:37,3,2026-02-04 15:49:37,0,网购
845,2,3,ALIPAY,PLATFORM_ORDER,f9ed7594f7bb17cf627a8ba59588db1f,"{""amount"": ""5.00"", ""remark"": """", ""tradeTime"": ""2025-04-04 14:22:55"", ""tradeStatus"": ""交易成功"", ""counterparty"": ""上海都畅数字技术有限公司"", ""tradeOrderNo"": ""2025040422001445901454300255\t"", ""paymentMethod"": ""花呗"", ""tradeCategory"": ""交通出行"", ""incomeOrExpense"": ""支出"", ""merchantOrderNo"": ""20250404142254587072033354400426\t"", ""productDescription"": ""国家会展中心-天潼路"", ""counterpartyAccount"": ""dom***@metrofastpass.com""}",2025040422001445901454300255	,2025-04-04 14:22:55,5.00,OUT,上海都畅数字技术有限公司,花呗,国家会展中心-天潼路 - 交通出行,203,2.0.0,0,2026-02-04 15:49:35,PARSED,3,2026-02-04 15:49:37,3,2026-02-04 15:49:37,0,交通补贴
846,2,3,ALIPAY,PLATFORM_ORDER,d792d011cf11de7d37003b51b454eb31,"{""amount"": ""3.90"", ""remark"": """", ""tradeTime"": ""2025-04-04 09:27:07"", ""tradeStatus"": ""交易成功"", ""counterparty"": ""支付宝小荷包(?聚会时刻)"", ""tradeOrderNo"": ""20250404020070011520900034169714\t"", ""paymentMethod"": ""余额宝"", ""tradeCategory"": ""转账红包"", ""incomeOrExpense"": ""支出"", ""merchantOrderNo"": ""2024050100424002040078000942609620250404090000\t"", ""productDescription"": ""支付宝小荷包-自动攒"", ""counterpartyAccount"": ""/""}",20250404020070011520900034169714	,2025-04-04 09:27:07,3.90,OUT,支付宝小荷包(?聚会时刻),余额宝,支付宝小荷包-自动攒 - 转账红包,1202,2.0.0,0,2026-02-04 15:49:35,PARSED,3,2026-02-04 15:49:37,3,2026-02-04 15:49:37,0,支付宝红包
847,2,3,ALIPAY,PLATFORM_ORDER,924c4768f1719da1196b7540c4046d2b,"{""amount"": ""0.00"", ""remark"": """", ""tradeTime"": ""2025-04-03 16:52:03"", ""tradeStatus"": ""交易成功"", ""counterparty"": ""上海盒马"", ""tradeOrderNo"": ""2025040322001145901452032168\t"", ""paymentMethod"": """", ""tradeCategory"": ""餐饮美食"", ""incomeOrExpense"": ""支出"", ""merchantOrderNo"": ""T200P4288321980457343545\t"", ""productDescription"": ""菌菇拼盘150g(白玉菇+蟹味菇+舞茸)"", ""counterpartyAccount"": ""shh***@163.com""}",2025040322001145901452032168	,2025-04-03 16:52:03,0.00,OUT,上海盒马,null,菌菇拼盘150g(白玉菇+蟹味菇+舞茸) - 餐饮美食,1801,2.0.0,0,2026-02-04 15:49:35,PARSED,3,2026-02-04 15:49:37,3,2026-02-04 15:49:37,0,超市
848,2,3,ALIPAY,PLATFORM_ORDER,13571437a599302b3a956909d8af83e6,"{""amount"": ""0.00"", ""remark"": """", ""tradeTime"": ""2025-04-03 16:38:14"", ""tradeStatus"": ""交易成功"", ""counterparty"": ""上海盒马"", ""tradeOrderNo"": ""2025040322001145901450405937\t"", ""paymentMethod"": """", ""tradeCategory"": ""日用百货"", ""incomeOrExpense"": ""支出"", ""merchantOrderNo"": ""T200P4288363419916343545\t"", ""productDescription"": ""金针菇 500g等多件"", ""counterpartyAccount"": ""shh***@163.com""}",2025040322001145901450405937	,2025-04-03 16:38:14,0.00,OUT,上海盒马,null,金针菇 500g等多件 - 日用百货,1801,2.0.0,0,2026-02-04 15:49:35,PARSED,3,2026-02-04 15:49:37,3,2026-02-04 15:49:37,0,超市
849,2,3,ALIPAY,PLATFORM_ORDER,de4ef809897413e336fc0a281502b54b,"{""amount"": ""0.00"", ""remark"": """", ""tradeTime"": ""2025-04-03 16:38:14"", ""tradeStatus"": ""交易成功"", ""counterparty"": ""上海盒马"", ""tradeOrderNo"": ""2025040322001145901452665643\t"", ""paymentMethod"": """", ""tradeCategory"": ""日用百货"", ""incomeOrExpense"": ""支出"", ""merchantOrderNo"": ""T200P4288363419930343545\t"", ""productDescription"": ""盒马平台配送费"", ""counterpartyAccount"": ""shh***@163.com""}",2025040322001145901452665643	,2025-04-03 16:38:14,0.00,OUT,上海盒马,null,盒马平台配送费 - 日用百货,1801,2.0.0,0,2026-02-04 15:49:35,PARSED,3,2026-02-04 15:49:37,3,2026-02-04 15:49:37,0,超市
850,2,3,ALIPAY,PLATFORM_ORDER,ebec832fe5de67867012198bb24a0410,"{""amount"": ""0.00"", ""remark"": """", ""tradeTime"": ""2025-04-03 15:42:34"", ""tradeStatus"": ""交易成功"", ""counterparty"": ""上海盒马"", ""tradeOrderNo"": ""2025040322001145901452112044\t"", ""paymentMethod"": """", ""tradeCategory"": ""餐饮美食"", ""incomeOrExpense"": ""支出"", ""merchantOrderNo"": ""T200P4287974509713343545\t"", ""productDescription"": ""绿豆芽 300g等多件"", ""counterpartyAccount"": ""shh***@163.com""}",2025040322001145901452112044	,2025-04-03 15:42:34,0.00,OUT,上海盒马,null,绿豆芽 300g等多件 - 餐饮美食,1801,2.0.0,0,2026-02-04 15:49:35,PARSED,3,2026-02-04 15:49:37,3,2026-02-04 15:49:37,0,超市
851,2,3,ALIPAY,PLATFORM_ORDER,4ea952caba73a728b2eb4f79902e7506,"{""amount"": ""3.90"", ""remark"": """", ""tradeTime"": ""2025-04-03 09:27:10"", ""tradeStatus"": ""交易成功"", ""counterparty"": ""支付宝小荷包(?聚会时刻)"", ""tradeOrderNo"": ""20250403020070011520900025061501\t"", ""paymentMethod"": ""余额宝"", ""tradeCategory"": ""转账红包"", ""incomeOrExpense"": ""支出"", ""merchantOrderNo"": ""2024050100424002040078000942609620250403090000\t"", ""productDescription"": ""支付宝小荷包-自动攒"", ""counterpartyAccount"": ""/""}",20250403020070011520900025061501	,2025-04-03 09:27:10,3.90,OUT,支付宝小荷包(?聚会时刻),余额宝,支付宝小荷包-自动攒 - 转账红包,1202,2.0.0,0,2026-02-04 15:49:35,PARSED,3,2026-02-04 15:49:37,3,2026-02-04 15:49:37,0,支付宝红包
852,2,3,ALIPAY,PLATFORM_ORDER,f5a5fba2d052788809857751125ecf0e,"{""amount"": ""3.90"", ""remark"": """", ""tradeTime"": ""2025-04-02 09:27:14"", ""tradeStatus"": ""交易成功"", ""counterparty"": ""支付宝小荷包(?聚会时刻)"", ""tradeOrderNo"": ""20250402020070011520900015430806\t"", ""paymentMethod"": ""余额宝"", ""tradeCategory"": ""转账红包"", ""incomeOrExpense"": ""支出"", ""merchantOrderNo"": ""2024050100424002040078000942609620250402090000\t"", ""productDescription"": ""支付宝小荷包-自动攒"", ""counterpartyAccount"": ""/""}",20250402020070011520900015430806	,2025-04-02 09:27:14,3.90,OUT,支付宝小荷包(?聚会时刻),余额宝,支付宝小荷包-自动攒 - 转账红包,1202,2.0.0,0,2026-02-04 15:49:35,PARSED,3,2026-02-04 15:49:37,3,2026-02-04 15:49:37,0,支付宝红包
853,2,3,ALIPAY,PLATFORM_ORDER,3415af0dda7b304966ff57cd76eeaf19,"{""amount"": ""3.90"", ""remark"": """", ""tradeTime"": ""2025-04-01 09:28:45"", ""tradeStatus"": ""交易成功"", ""counterparty"": ""支付宝小荷包(?聚会时刻)"", ""tradeOrderNo"": ""20250401020070011520900006462979\t"", ""paymentMethod"": ""余额宝"", ""tradeCategory"": ""转账红包"", ""incomeOrExpense"": ""支出"", ""merchantOrderNo"": ""2024050100424002040078000942609620250401090000\t"", ""productDescription"": ""支付宝小荷包-自动攒"", ""counterpartyAccount"": ""/""}",20250401020070011520900006462979	,2025-04-01 09:28:45,3.90,OUT,支付宝小荷包(?聚会时刻),余额宝,支付宝小荷包-自动攒 - 转账红包,1202,2.0.0,0,2026-02-04 15:49:35,PARSED,3,2026-02-04 15:49:37,3,2026-02-04 15:49:37,0,支付宝红包
854,2,3,ALIPAY,PLATFORM_ORDER,7827bc21e353a28989533fd176fe7162,"{""amount"": ""5.00"", ""remark"": """", ""tradeTime"": ""2025-03-31 22:12:55"", ""tradeStatus"": ""交易成功"", ""counterparty"": ""上海都畅数字技术有限公司"", ""tradeOrderNo"": ""2025033122001445901440572882\t"", ""paymentMethod"": ""花呗"", ""tradeCategory"": ""交通出行"", ""incomeOrExpense"": ""支出"", ""merchantOrderNo"": ""20250331221254753023083028506773\t"", ""productDescription"": ""陆家嘴-国家会展中心"", ""counterpartyAccount"": ""dom***@metrofastpass.com""}",2025033122001445901440572882	,2025-03-31 22:12:55,5.00,OUT,上海都畅数字技术有限公司,花呗,陆家嘴-国家会展中心 - 交通出行,203,2.0.0,0,2026-02-04 15:49:35,PARSED,3,2026-02-04 15:49:37,3,2026-02-04 15:49:37,0,交通补贴
855,2,3,ALIPAY,PLATFORM_ORDER,a61be03773da1f24b4181c7e58b8b826,"{""amount"": ""3.90"", ""remark"": """", ""tradeTime"": ""2025-03-31 09:27:59"", ""tradeStatus"": ""交易成功"", ""counterparty"": ""支付宝小荷包(?聚会时刻)"", ""tradeOrderNo"": ""20250331020070011520900095813580\t"", ""paymentMethod"": ""余额宝"", ""tradeCategory"": ""转账红包"", ""incomeOrExpense"": ""支出"", ""merchantOrderNo"": ""2024050100424002040078000942609620250331090000\t"", ""productDescription"": ""支付宝小荷包-自动攒"", ""counterpartyAccount"": ""/""}",20250331020070011520900095813580	,2025-03-31 09:27:59,3.90,OUT,支付宝小荷包(?聚会时刻),余额宝,支付宝小荷包-自动攒 - 转账红包,1202,2.0.0,0,2026-02-04 15:49:35,PARSED,3,2026-02-04 15:49:37,3,2026-02-04 15:49:37,0,支付宝红包
856,2,3,ALIPAY,PLATFORM_ORDER,1cf8fe0b5b5f361f187ada44e3883dda,"{""amount"": ""5.00"", ""remark"": """", ""tradeTime"": ""2025-03-31 09:22:37"", ""tradeStatus"": ""交易成功"", ""counterparty"": ""上海都畅数字技术有限公司"", ""tradeOrderNo"": ""2025033122001445901434279139\t"", ""paymentMethod"": ""花呗"", ""tradeCategory"": ""交通出行"", ""incomeOrExpense"": ""支出"", ""merchantOrderNo"": ""20250331092236394023083298617434\t"", ""productDescription"": ""国家会展中心-陆家嘴"", ""counterpartyAccount"": ""dom***@metrofastpass.com""}",2025033122001445901434279139	,2025-03-31 09:22:37,5.00,OUT,上海都畅数字技术有限公司,花呗,国家会展中心-陆家嘴 - 交通出行,203,2.0.0,0,2026-02-04 15:49:35,PARSED,3,2026-02-04 15:49:37,3,2026-02-04 15:49:37,0,交通补贴
682,2,3,ALIPAY,PLATFORM_ORDER,eaff29bdb374970d570382619012898f,"{""amount"": ""16.83"", ""remark"": """", ""tradeTime"": ""2025-07-02 11:18:14"", ""tradeStatus"": ""交易成功"", ""counterparty"": ""淘宝闪购"", ""tradeOrderNo"": ""2025070222001145901400396402\t"", ""paymentMethod"": ""宁波银行信用卡(4573)&宁波银行立减金"", ""tradeCategory"": ""餐饮美食"", ""incomeOrExpense"": ""支出"", ""merchantOrderNo"": ""13110600725070235925248796052\t"", ""productDescription"": ""湘溪里·老长沙盖码饭(虹梅路店)外卖订单"", ""counterpartyAccount"": ""e50***@alibaba-inc.com""}",2025070222001145901400396402	,2025-07-02 11:18:14,16.83,OUT,淘宝闪购,4573,湘溪里·老长沙盖码饭(虹梅路店)外卖订单 - 餐饮美食,1803,2.0.0,0,2026-02-04 15:49:34,PARSED,3,2026-02-04 15:49:37,3,2026-02-04 15:49:37,0,网购
858,2,3,ALIPAY,PLATFORM_ORDER,4c0f93f85764c52222e52917b74f140a,"{""amount"": ""14.40"", ""remark"": """", ""tradeTime"": ""2025-03-30 21:44:18"", ""tradeStatus"": ""交易成功"", ""counterparty"": ""悠哉3元GO上海宝山万达店"", ""tradeOrderNo"": ""2025033022001445901433979725\t"", ""paymentMethod"": ""花呗&碰一下立减"", ""tradeCategory"": ""日用百货"", ""incomeOrExpense"": ""支出"", ""merchantOrderNo"": ""85201705120722075914202025033021441321101111426\t"", ""productDescription"": ""拾趣"", ""counterpartyAccount"": ""/""}",2025033022001445901433979725	,2025-03-30 21:44:18,14.40,OUT,悠哉3元GO上海宝山万达店,花呗&碰一下立减,拾趣 - 日用百货,2101,2.0.0,0,2026-02-04 15:49:35,PARSED,3,2026-02-04 15:49:37,3,2026-02-04 15:49:37,0,电影
859,2,3,ALIPAY,PLATFORM_ORDER,6afb735289c398215b3015273568b09d,"{""amount"": ""0.00"", ""remark"": """", ""tradeTime"": ""2025-03-30 11:09:04"", ""tradeStatus"": ""交易成功"", ""counterparty"": ""上海盒马"", ""tradeOrderNo"": ""2025033022001145901431520828\t"", ""paymentMethod"": """", ""tradeCategory"": ""餐饮美食"", ""incomeOrExpense"": ""支出"", ""merchantOrderNo"": ""T200P4283389189669343545\t"", ""productDescription"": ""去皮红洋葱 500g等多件"", ""counterpartyAccount"": ""shh***@163.com""}",2025033022001145901431520828	,2025-03-30 11:09:04,0.00,OUT,上海盒马,null,去皮红洋葱 500g等多件 - 餐饮美食,1801,2.0.0,0,2026-02-04 15:49:35,PARSED,3,2026-02-04 15:49:37,3,2026-02-04 15:49:37,0,超市
860,2,3,ALIPAY,PLATFORM_ORDER,a18912c4a0929456fb023ad38c4d89d5,"{""amount"": ""0.00"", ""remark"": """", ""tradeTime"": ""2025-03-30 11:09:04"", ""tradeStatus"": ""交易成功"", ""counterparty"": ""上海盒马"", ""tradeOrderNo"": ""2025033022001145901434251965\t"", ""paymentMethod"": """", ""tradeCategory"": ""日用百货"", ""incomeOrExpense"": ""支出"", ""merchantOrderNo"": ""T200P4283389189678343545\t"", ""productDescription"": ""盒马平台配送费"", ""counterpartyAccount"": ""shh***@163.com""}",2025033022001145901434251965	,2025-03-30 11:09:04,0.00,OUT,上海盒马,null,盒马平台配送费 - 日用百货,1801,2.0.0,0,2026-02-04 15:49:35,PARSED,3,2026-02-04 15:49:37,3,2026-02-04 15:49:37,0,超市
861,2,3,ALIPAY,PLATFORM_ORDER,c5bdba44b1491ed48f82a5018a1fb5b9,"{""amount"": ""3.90"", ""remark"": """", ""tradeTime"": ""2025-03-30 09:27:56"", ""tradeStatus"": ""交易成功"", ""counterparty"": ""支付宝小荷包(?聚会时刻)"", ""tradeOrderNo"": ""20250330020070011520900085880266\t"", ""paymentMethod"": ""余额宝"", ""tradeCategory"": ""转账红包"", ""incomeOrExpense"": ""支出"", ""merchantOrderNo"": ""2024050100424002040078000942609620250330090000\t"", ""productDescription"": ""支付宝小荷包-自动攒"", ""counterpartyAccount"": ""/""}",20250330020070011520900085880266	,2025-03-30 09:27:56,3.90,OUT,支付宝小荷包(?聚会时刻),余额宝,支付宝小荷包-自动攒 - 转账红包,1202,2.0.0,0,2026-02-04 15:49:35,PARSED,3,2026-02-04 15:49:37,3,2026-02-04 15:49:37,0,支付宝红包
862,2,3,ALIPAY,PLATFORM_ORDER,65074aebbe5a5f6dd8e85af93488c714,"{""amount"": ""11.00"", ""remark"": """", ""tradeTime"": ""2025-03-29 22:35:05"", ""tradeStatus"": ""交易成功"", ""counterparty"": ""杭州柏鹿信息技术有限公司"", ""tradeOrderNo"": ""20250329020070011580900083523934\t"", ""paymentMethod"": """", ""tradeCategory"": ""转账红包"", ""incomeOrExpense"": ""收入"", ""merchantOrderNo"": ""XC135586275479986508\t"", ""productDescription"": ""小蚕提现"", ""counterpartyAccount"": ""/""}",20250329020070011580900083523934	,2025-03-29 22:35:05,11.00,IN,杭州柏鹿信息技术有限公司,null,小蚕提现 - 转账红包,3203,2.0.0,0,2026-02-04 15:49:35,PARSED,3,2026-02-04 15:49:37,3,2026-02-04 15:49:37,0,储蓄卡⇄支付平台
863,2,3,ALIPAY,PLATFORM_ORDER,6ec49a2bcd2794e8b14e68b61250aa09,"{""amount"": ""20.41"", ""remark"": """", ""tradeTime"": ""2025-03-29 19:00:20"", ""tradeStatus"": ""交易成功"", ""counterparty"": ""云账户综合服务平台"", ""tradeOrderNo"": ""20250329020070011570900081400644\t"", ""paymentMethod"": """", ""tradeCategory"": ""转账红包"", ""incomeOrExpense"": ""收入"", ""merchantOrderNo"": ""1045513554151068409\t"", ""productDescription"": ""云账户"", ""counterpartyAccount"": ""/""}",20250329020070011570900081400644	,2025-03-29 19:00:20,20.41,IN,云账户综合服务平台,null,云账户 - 转账红包,3704,2.0.0,0,2026-02-04 15:49:35,PARSED,3,2026-02-04 15:49:37,3,2026-02-04 15:49:37,0,转账入账
864,2,3,ALIPAY,PLATFORM_ORDER,e79423734aeb9f46c9b6651934885c7a,"{""amount"": ""3.90"", ""remark"": """", ""tradeTime"": ""2025-03-29 09:27:42"", ""tradeStatus"": ""交易成功"", ""counterparty"": ""支付宝小荷包(?聚会时刻)"", ""tradeOrderNo"": ""20250329020070011520900075069713\t"", ""paymentMethod"": ""余额宝"", ""tradeCategory"": ""转账红包"", ""incomeOrExpense"": ""支出"", ""merchantOrderNo"": ""2024050100424002040078000942609620250329090000\t"", ""productDescription"": ""支付宝小荷包-自动攒"", ""counterpartyAccount"": ""/""}",20250329020070011520900075069713	,2025-03-29 09:27:42,3.90,OUT,支付宝小荷包(?聚会时刻),余额宝,支付宝小荷包-自动攒 - 转账红包,1202,2.0.0,0,2026-02-04 15:49:35,PARSED,3,2026-02-04 15:49:37,3,2026-02-04 15:49:37,0,支付宝红包
865,2,3,ALIPAY,PLATFORM_ORDER,d0b8cf3700935a70198d1b641011d296,"{""amount"": ""3.90"", ""remark"": """", ""tradeTime"": ""2025-03-28 09:28:32"", ""tradeStatus"": ""交易成功"", ""counterparty"": ""支付宝小荷包(?聚会时刻)"", ""tradeOrderNo"": ""20250328020070011520900064365678\t"", ""paymentMethod"": ""余额宝"", ""tradeCategory"": ""转账红包"", ""incomeOrExpense"": ""支出"", ""merchantOrderNo"": ""2024050100424002040078000942609620250328090000\t"", ""productDescription"": ""支付宝小荷包-自动攒"", ""counterpartyAccount"": ""/""}",20250328020070011520900064365678	,2025-03-28 09:28:32,3.90,OUT,支付宝小荷包(?聚会时刻),余额宝,支付宝小荷包-自动攒 - 转账红包,1202,2.0.0,0,2026-02-04 15:49:35,PARSED,3,2026-02-04 15:49:37,3,2026-02-04 15:49:37,0,支付宝红包
866,2,3,ALIPAY,PLATFORM_ORDER,70e8839820af5b25e05f0da34a8c6e1d,"{""amount"": ""28.60"", ""remark"": """", ""tradeTime"": ""2025-03-27 22:59:36"", ""tradeStatus"": ""交易成功"", ""counterparty"": ""淘宝闪购"", ""tradeOrderNo"": ""2025032722001145901420954905\t"", ""paymentMethod"": ""花呗"", ""tradeCategory"": ""其他"", ""incomeOrExpense"": ""支出"", ""merchantOrderNo"": ""13220600725032730124370796052\t"", ""productDescription"": ""欧品市集GourmetShoppe"", ""counterpartyAccount"": ""ele***@service.aliyun.com""}",2025032722001145901420954905	,2025-03-27 22:59:36,28.60,OUT,淘宝闪购,花呗,欧品市集GourmetShoppe - 其他,1803,2.0.0,0,2026-02-04 15:49:35,PARSED,3,2026-02-04 15:49:37,3,2026-02-04 15:49:37,0,网购
867,2,3,ALIPAY,PLATFORM_ORDER,60edf99995a8537207428ae21af9d823,"{""amount"": ""3.90"", ""remark"": """", ""tradeTime"": ""2025-03-27 09:28:10"", ""tradeStatus"": ""交易成功"", ""counterparty"": ""支付宝小荷包(?聚会时刻)"", ""tradeOrderNo"": ""20250327020070011520900054319193\t"", ""paymentMethod"": ""余额宝"", ""tradeCategory"": ""转账红包"", ""incomeOrExpense"": ""支出"", ""merchantOrderNo"": ""2024050100424002040078000942609620250327090000\t"", ""productDescription"": ""支付宝小荷包-自动攒"", ""counterpartyAccount"": ""/""}",20250327020070011520900054319193	,2025-03-27 09:28:10,3.90,OUT,支付宝小荷包(?聚会时刻),余额宝,支付宝小荷包-自动攒 - 转账红包,1202,2.0.0,0,2026-02-04 15:49:35,PARSED,3,2026-02-04 15:49:37,3,2026-02-04 15:49:37,0,支付宝红包
868,2,3,ALIPAY,PLATFORM_ORDER,3f910110fd34f2006e1a302327e50be8,"{""amount"": ""3.90"", ""remark"": """", ""tradeTime"": ""2025-03-26 09:28:14"", ""tradeStatus"": ""交易成功"", ""counterparty"": ""支付宝小荷包(?聚会时刻)"", ""tradeOrderNo"": ""20250326020070011520900043437334\t"", ""paymentMethod"": ""余额宝"", ""tradeCategory"": ""转账红包"", ""incomeOrExpense"": ""支出"", ""merchantOrderNo"": ""2024050100424002040078000942609620250326090000\t"", ""productDescription"": ""支付宝小荷包-自动攒"", ""counterpartyAccount"": ""/""}",20250326020070011520900043437334	,2025-03-26 09:28:14,3.90,OUT,支付宝小荷包(?聚会时刻),余额宝,支付宝小荷包-自动攒 - 转账红包,1202,2.0.0,0,2026-02-04 15:49:35,PARSED,3,2026-02-04 15:49:37,3,2026-02-04 15:49:37,0,支付宝红包
869,2,3,ALIPAY,PLATFORM_ORDER,250da0473d4793e55fc4c084b97061a9,"{""amount"": ""3.90"", ""remark"": """", ""tradeTime"": ""2025-03-25 09:28:26"", ""tradeStatus"": ""交易成功"", ""counterparty"": ""支付宝小荷包(?聚会时刻)"", ""tradeOrderNo"": ""20250325020070011520900033404876\t"", ""paymentMethod"": ""余额宝"", ""tradeCategory"": ""转账红包"", ""incomeOrExpense"": ""支出"", ""merchantOrderNo"": ""2024050100424002040078000942609620250325090000\t"", ""productDescription"": ""支付宝小荷包-自动攒"", ""counterpartyAccount"": ""/""}",20250325020070011520900033404876	,2025-03-25 09:28:26,3.90,OUT,支付宝小荷包(?聚会时刻),余额宝,支付宝小荷包-自动攒 - 转账红包,1202,2.0.0,0,2026-02-04 15:49:35,PARSED,3,2026-02-04 15:49:37,3,2026-02-04 15:49:37,0,支付宝红包
870,2,3,ALIPAY,PLATFORM_ORDER,415f805d96e64faee5f156a1c81e42ad,"{""amount"": ""5.00"", ""remark"": """", ""tradeTime"": ""2025-03-24 20:55:26"", ""tradeStatus"": ""交易成功"", ""counterparty"": ""上海都畅数字技术有限公司"", ""tradeOrderNo"": ""2025032422001445901408222615\t"", ""paymentMethod"": ""花呗"", ""tradeCategory"": ""交通出行"", ""incomeOrExpense"": ""支出"", ""merchantOrderNo"": ""20250324205525230072033450608159\t"", ""productDescription"": ""陆家嘴-国家会展中心"", ""counterpartyAccount"": ""dom***@metrofastpass.com""}",2025032422001445901408222615	,2025-03-24 20:55:26,5.00,OUT,上海都畅数字技术有限公司,花呗,陆家嘴-国家会展中心 - 交通出行,203,2.0.0,0,2026-02-04 15:49:35,PARSED,3,2026-02-04 15:49:37,3,2026-02-04 15:49:37,0,交通补贴
871,2,3,ALIPAY,PLATFORM_ORDER,d8bc27b62a099fbb67aeee49b5c2c5c1,"{""amount"": ""5.00"", ""remark"": """", ""tradeTime"": ""2025-03-24 17:14:06"", ""tradeStatus"": ""交易成功"", ""counterparty"": ""上海都畅数字技术有限公司"", ""tradeOrderNo"": ""2025032422001445901406158938\t"", ""paymentMethod"": ""花呗"", ""tradeCategory"": ""交通出行"", ""incomeOrExpense"": ""支出"", ""merchantOrderNo"": ""20250324171405531023083428814854\t"", ""productDescription"": ""国家会展中心-陆家嘴"", ""counterpartyAccount"": ""dom***@metrofastpass.com""}",2025032422001445901406158938	,2025-03-24 17:14:06,5.00,OUT,上海都畅数字技术有限公司,花呗,国家会展中心-陆家嘴 - 交通出行,203,2.0.0,0,2026-02-04 15:49:35,PARSED,3,2026-02-04 15:49:37,3,2026-02-04 15:49:37,0,交通补贴
872,2,3,ALIPAY,PLATFORM_ORDER,6da7cb296dccd1b4e45ae7966dfd723f,"{""amount"": ""3.90"", ""remark"": """", ""tradeTime"": ""2025-03-24 09:29:03"", ""tradeStatus"": ""交易成功"", ""counterparty"": ""支付宝小荷包(?聚会时刻)"", ""tradeOrderNo"": ""20250324020070011520900022556074\t"", ""paymentMethod"": ""余额宝"", ""tradeCategory"": ""转账红包"", ""incomeOrExpense"": ""支出"", ""merchantOrderNo"": ""2024050100424002040078000942609620250324090000\t"", ""productDescription"": ""支付宝小荷包-自动攒"", ""counterpartyAccount"": ""/""}",20250324020070011520900022556074	,2025-03-24 09:29:03,3.90,OUT,支付宝小荷包(?聚会时刻),余额宝,支付宝小荷包-自动攒 - 转账红包,1202,2.0.0,0,2026-02-04 15:49:35,PARSED,3,2026-02-04 15:49:37,3,2026-02-04 15:49:37,0,支付宝红包
873,2,3,ALIPAY,PLATFORM_ORDER,de4b6c08e4c08f4c434bca635c69bac1,"{""amount"": ""3.90"", ""remark"": """", ""tradeTime"": ""2025-03-23 09:29:05"", ""tradeStatus"": ""交易成功"", ""counterparty"": ""支付宝小荷包(?聚会时刻)"", ""tradeOrderNo"": ""20250323020070011520900011340072\t"", ""paymentMethod"": ""余额宝"", ""tradeCategory"": ""转账红包"", ""incomeOrExpense"": ""支出"", ""merchantOrderNo"": ""2024050100424002040078000942609620250323090000\t"", ""productDescription"": ""支付宝小荷包-自动攒"", ""counterpartyAccount"": ""/""}",20250323020070011520900011340072	,2025-03-23 09:29:05,3.90,OUT,支付宝小荷包(?聚会时刻),余额宝,支付宝小荷包-自动攒 - 转账红包,1202,2.0.0,0,2026-02-04 15:49:35,PARSED,3,2026-02-04 15:49:37,3,2026-02-04 15:49:37,0,支付宝红包
874,2,3,ALIPAY,PLATFORM_ORDER,2808e80449c9e8a07f2af556ea1c4e87,"{""amount"": ""3.90"", ""remark"": """", ""tradeTime"": ""2025-03-22 09:28:50"", ""tradeStatus"": ""交易成功"", ""counterparty"": ""支付宝小荷包(?聚会时刻)"", ""tradeOrderNo"": ""20250322020070011520900099285146\t"", ""paymentMethod"": ""余额宝"", ""tradeCategory"": ""转账红包"", ""incomeOrExpense"": ""支出"", ""merchantOrderNo"": ""2024050100424002040078000942609620250322090000\t"", ""productDescription"": ""支付宝小荷包-自动攒"", ""counterpartyAccount"": ""/""}",20250322020070011520900099285146	,2025-03-22 09:28:50,3.90,OUT,支付宝小荷包(?聚会时刻),余额宝,支付宝小荷包-自动攒 - 转账红包,1202,2.0.0,0,2026-02-04 15:49:35,PARSED,3,2026-02-04 15:49:37,3,2026-02-04 15:49:37,0,支付宝红包
875,2,3,ALIPAY,PLATFORM_ORDER,cf452420aa1abc19ded43af2be894930,"{""amount"": ""0.00"", ""remark"": """", ""tradeTime"": ""2025-03-21 20:39:51"", ""tradeStatus"": ""交易成功"", ""counterparty"": ""上海盒马"", ""tradeOrderNo"": ""2025032122001445901454803555\t"", ""paymentMethod"": """", ""tradeCategory"": ""日用百货"", ""incomeOrExpense"": ""支出"", ""merchantOrderNo"": ""P18M6666031250321025818343545\t"", ""productDescription"": ""HM 奥莱 45克无纺布购物袋超大号600*400mm （配送）（帕逊专码）等3类商品"", ""counterpartyAccount"": ""shh***@163.com""}",2025032122001445901454803555	,2025-03-21 20:39:51,0.00,OUT,上海盒马,null,HM 奥莱 45克无纺布购物袋超大号600*400mm （配送）（帕逊专码）等3类商品 - 日用百货,1804,2.0.0,0,2026-02-04 15:49:35,PARSED,3,2026-02-04 15:49:37,3,2026-02-04 15:49:37,0,服装
876,2,3,ALIPAY,PLATFORM_ORDER,9248e8c7807ad150277ba3bbc09702f1,"{""amount"": ""3.90"", ""remark"": """", ""tradeTime"": ""2025-03-21 09:29:12"", ""tradeStatus"": ""交易成功"", ""counterparty"": ""支付宝小荷包(?聚会时刻)"", ""tradeOrderNo"": ""20250321020070011520900088770776\t"", ""paymentMethod"": ""余额宝"", ""tradeCategory"": ""转账红包"", ""incomeOrExpense"": ""支出"", ""merchantOrderNo"": ""2024050100424002040078000942609620250321090000\t"", ""productDescription"": ""支付宝小荷包-自动攒"", ""counterpartyAccount"": ""/""}",20250321020070011520900088770776	,2025-03-21 09:29:12,3.90,OUT,支付宝小荷包(?聚会时刻),余额宝,支付宝小荷包-自动攒 - 转账红包,1202,2.0.0,0,2026-02-04 15:49:35,PARSED,3,2026-02-04 15:49:37,3,2026-02-04 15:49:37,0,支付宝红包
877,2,3,ALIPAY,PLATFORM_ORDER,505006154bfd2d51e19a77552139b077,"{""amount"": ""3.90"", ""remark"": """", ""tradeTime"": ""2025-03-20 09:29:31"", ""tradeStatus"": ""交易成功"", ""counterparty"": ""支付宝小荷包(?聚会时刻)"", ""tradeOrderNo"": ""20250320020070011520900079074340\t"", ""paymentMethod"": ""余额宝"", ""tradeCategory"": ""转账红包"", ""incomeOrExpense"": ""支出"", ""merchantOrderNo"": ""2024050100424002040078000942609620250320090000\t"", ""productDescription"": ""支付宝小荷包-自动攒"", ""counterpartyAccount"": ""/""}",20250320020070011520900079074340	,2025-03-20 09:29:31,3.90,OUT,支付宝小荷包(?聚会时刻),余额宝,支付宝小荷包-自动攒 - 转账红包,1202,2.0.0,0,2026-02-04 15:49:35,PARSED,3,2026-02-04 15:49:37,3,2026-02-04 15:49:37,0,支付宝红包
878,2,3,ALIPAY,PLATFORM_ORDER,56b57a00308847922d9449ded894e080,"{""amount"": ""3.90"", ""remark"": """", ""tradeTime"": ""2025-03-19 09:29:12"", ""tradeStatus"": ""交易成功"", ""counterparty"": ""支付宝小荷包(?聚会时刻)"", ""tradeOrderNo"": ""20250319020070011520900068688174\t"", ""paymentMethod"": ""余额宝"", ""tradeCategory"": ""转账红包"", ""incomeOrExpense"": ""支出"", ""merchantOrderNo"": ""2024050100424002040078000942609620250319090000\t"", ""productDescription"": ""支付宝小荷包-自动攒"", ""counterpartyAccount"": ""/""}",20250319020070011520900068688174	,2025-03-19 09:29:12,3.90,OUT,支付宝小荷包(?聚会时刻),余额宝,支付宝小荷包-自动攒 - 转账红包,1202,2.0.0,0,2026-02-04 15:49:35,PARSED,3,2026-02-04 15:49:37,3,2026-02-04 15:49:37,0,支付宝红包
879,2,3,ALIPAY,PLATFORM_ORDER,0afdd78ba78a155d5919615b6d929b20,"{""amount"": ""3.90"", ""remark"": """", ""tradeTime"": ""2025-03-18 09:29:24"", ""tradeStatus"": ""交易成功"", ""counterparty"": ""支付宝小荷包(?聚会时刻)"", ""tradeOrderNo"": ""20250318020070011520900058585343\t"", ""paymentMethod"": ""余额宝"", ""tradeCategory"": ""转账红包"", ""incomeOrExpense"": ""支出"", ""merchantOrderNo"": ""2024050100424002040078000942609620250318090000\t"", ""productDescription"": ""支付宝小荷包-自动攒"", ""counterpartyAccount"": ""/""}",20250318020070011520900058585343	,2025-03-18 09:29:24,3.90,OUT,支付宝小荷包(?聚会时刻),余额宝,支付宝小荷包-自动攒 - 转账红包,1202,2.0.0,0,2026-02-04 15:49:35,PARSED,3,2026-02-04 15:49:37,3,2026-02-04 15:49:37,0,支付宝红包
880,2,3,ALIPAY,PLATFORM_ORDER,ea560b7e078e35b21b3477ed84a319da,"{""amount"": ""3.90"", ""remark"": """", ""tradeTime"": ""2025-03-17 09:30:12"", ""tradeStatus"": ""交易成功"", ""counterparty"": ""支付宝小荷包(?聚会时刻)"", ""tradeOrderNo"": ""20250317020070011520900049160142\t"", ""paymentMethod"": ""余额宝"", ""tradeCategory"": ""转账红包"", ""incomeOrExpense"": ""支出"", ""merchantOrderNo"": ""2024050100424002040078000942609620250317090000\t"", ""productDescription"": ""支付宝小荷包-自动攒"", ""counterpartyAccount"": ""/""}",20250317020070011520900049160142	,2025-03-17 09:30:12,3.90,OUT,支付宝小荷包(?聚会时刻),余额宝,支付宝小荷包-自动攒 - 转账红包,1202,2.0.0,0,2026-02-04 15:49:35,PARSED,3,2026-02-04 15:49:37,3,2026-02-04 15:49:37,0,支付宝红包
881,2,3,ALIPAY,PLATFORM_ORDER,e55d58f6eb38c10f15cadef28550104a,"{""amount"": ""16.53"", ""remark"": """", ""tradeTime"": ""2025-03-16 13:52:56"", ""tradeStatus"": ""交易成功"", ""counterparty"": ""滴滴出行"", ""tradeOrderNo"": ""2025031623001445901433853531\t"", ""paymentMethod"": ""花呗"", ""tradeCategory"": ""交通出行"", ""incomeOrExpense"": ""支出"", ""merchantOrderNo"": ""212_202503163749015901692958\t"", ""productDescription"": ""特惠快车-李师傅-03月16日行程"", ""counterpartyAccount"": ""chu***@didichuxing.com""}",2025031623001445901433853531	,2025-03-16 13:52:56,16.53,OUT,滴滴出行,花呗,特惠快车-李师傅-03月16日行程 - 交通出行,1703,2.0.0,0,2026-02-04 15:49:35,PARSED,3,2026-02-04 15:49:37,3,2026-02-04 15:49:37,0,网约车
882,2,3,ALIPAY,PLATFORM_ORDER,0728043acb2d2ddcbf367bc05f88d48f,"{""amount"": ""3.90"", ""remark"": """", ""tradeTime"": ""2025-03-16 09:30:38"", ""tradeStatus"": ""交易成功"", ""counterparty"": ""支付宝小荷包(?聚会时刻)"", ""tradeOrderNo"": ""20250316020070011520900038511263\t"", ""paymentMethod"": ""余额宝"", ""tradeCategory"": ""转账红包"", ""incomeOrExpense"": ""支出"", ""merchantOrderNo"": ""2024050100424002040078000942609620250316090000\t"", ""productDescription"": ""支付宝小荷包-自动攒"", ""counterpartyAccount"": ""/""}",20250316020070011520900038511263	,2025-03-16 09:30:38,3.90,OUT,支付宝小荷包(?聚会时刻),余额宝,支付宝小荷包-自动攒 - 转账红包,1202,2.0.0,0,2026-02-04 15:49:35,PARSED,3,2026-02-04 15:49:37,3,2026-02-04 15:49:37,0,支付宝红包
883,2,3,ALIPAY,PLATFORM_ORDER,710de63d37427989f3908bdb9e1a58a6,"{""amount"": ""34.33"", ""remark"": """", ""tradeTime"": ""2025-03-15 11:52:04"", ""tradeStatus"": ""交易成功"", ""counterparty"": ""上海盒马"", ""tradeOrderNo"": ""2025031522001445901424088848\t"", ""paymentMethod"": ""花呗"", ""tradeCategory"": ""日用百货"", ""incomeOrExpense"": ""支出"", ""merchantOrderNo"": ""P18M6666031250315869314343545\t"", ""productDescription"": ""HM 奥莱 45克无纺布购物袋超大号600*400mm （配送）（帕逊专码）等3类商品"", ""counterpartyAccount"": ""shh***@163.com""}",2025031522001445901424088848	,2025-03-15 11:52:04,34.33,OUT,上海盒马,花呗,HM 奥莱 45克无纺布购物袋超大号600*400mm （配送）（帕逊专码）等3类商品 - 日用百货,1804,2.0.0,0,2026-02-04 15:49:35,PARSED,3,2026-02-04 15:49:37,3,2026-02-04 15:49:37,0,服装
884,2,3,ALIPAY,PLATFORM_ORDER,156e8bbe0226dac8b81d5a0ea0443d3f,"{""amount"": ""3.90"", ""remark"": """", ""tradeTime"": ""2025-03-15 09:30:29"", ""tradeStatus"": ""交易成功"", ""counterparty"": ""支付宝小荷包(?聚会时刻)"", ""tradeOrderNo"": ""20250315020070011520900026216938\t"", ""paymentMethod"": ""余额宝"", ""tradeCategory"": ""转账红包"", ""incomeOrExpense"": ""支出"", ""merchantOrderNo"": ""2024050100424002040078000942609620250315090000\t"", ""productDescription"": ""支付宝小荷包-自动攒"", ""counterpartyAccount"": ""/""}",20250315020070011520900026216938	,2025-03-15 09:30:29,3.90,OUT,支付宝小荷包(?聚会时刻),余额宝,支付宝小荷包-自动攒 - 转账红包,1202,2.0.0,0,2026-02-04 15:49:35,PARSED,3,2026-02-04 15:49:37,3,2026-02-04 15:49:37,0,支付宝红包
885,2,3,ALIPAY,PLATFORM_ORDER,ca222f6c2fedd4403557008f1e11725c,"{""amount"": ""157.70"", ""remark"": """", ""tradeTime"": ""2025-03-14 12:04:48"", ""tradeStatus"": ""交易成功"", ""counterparty"": ""上海帝泰发展有限公司"", ""tradeOrderNo"": ""2025031422001445901422681710\t"", ""paymentMethod"": ""花呗&碰一下立减"", ""tradeCategory"": ""日用百货"", ""incomeOrExpense"": ""支出"", ""merchantOrderNo"": ""3703935927126285004669561111\t"", ""productDescription"": ""上海正大美食广场店内购物"", ""counterpartyAccount"": ""jia***@superbrandmall.com""}",2025031422001445901422681710	,2025-03-14 12:04:48,157.70,OUT,上海帝泰发展有限公司,花呗&碰一下立减,上海正大美食广场店内购物 - 日用百货,16,2.0.0,0,2026-02-04 15:49:35,PARSED,3,2026-02-04 15:49:37,3,2026-02-04 15:49:37,0,餐饮美食
886,2,3,ALIPAY,PLATFORM_ORDER,e133a43c580555d76f54e0373e4d9eca,"{""amount"": ""3.90"", ""remark"": """", ""tradeTime"": ""2025-03-14 09:30:11"", ""tradeStatus"": ""交易成功"", ""counterparty"": ""支付宝小荷包(?聚会时刻)"", ""tradeOrderNo"": ""20250314020070011520900014708648\t"", ""paymentMethod"": ""余额宝"", ""tradeCategory"": ""转账红包"", ""incomeOrExpense"": ""支出"", ""merchantOrderNo"": ""2024050100424002040078000942609620250314090000\t"", ""productDescription"": ""支付宝小荷包-自动攒"", ""counterpartyAccount"": ""/""}",20250314020070011520900014708648	,2025-03-14 09:30:11,3.90,OUT,支付宝小荷包(?聚会时刻),余额宝,支付宝小荷包-自动攒 - 转账红包,1202,2.0.0,0,2026-02-04 15:49:35,PARSED,3,2026-02-04 15:49:37,3,2026-02-04 15:49:37,0,支付宝红包
887,2,3,ALIPAY,PLATFORM_ORDER,9009c9990a122999ae2aaf3dc9414bc7,"{""amount"": ""3.90"", ""remark"": """", ""tradeTime"": ""2025-03-13 09:30:13"", ""tradeStatus"": ""交易成功"", ""counterparty"": ""支付宝小荷包(?聚会时刻)"", ""tradeOrderNo"": ""20250313020070011520900004772619\t"", ""paymentMethod"": ""余额宝"", ""tradeCategory"": ""转账红包"", ""incomeOrExpense"": ""支出"", ""merchantOrderNo"": ""2024050100424002040078000942609620250313090000\t"", ""productDescription"": ""支付宝小荷包-自动攒"", ""counterpartyAccount"": ""/""}",20250313020070011520900004772619	,2025-03-13 09:30:13,3.90,OUT,支付宝小荷包(?聚会时刻),余额宝,支付宝小荷包-自动攒 - 转账红包,1202,2.0.0,0,2026-02-04 15:49:35,PARSED,3,2026-02-04 15:49:37,3,2026-02-04 15:49:37,0,支付宝红包
888,2,3,ALIPAY,PLATFORM_ORDER,73ff882daf8029a40a9d48321ab2c1f9,"{""amount"": ""8.09"", ""remark"": """", ""tradeTime"": ""2025-03-12 21:13:07"", ""tradeStatus"": ""交易成功"", ""counterparty"": ""云账户综合服务平台"", ""tradeOrderNo"": ""20250312020070011580900001770612\t"", ""paymentMethod"": """", ""tradeCategory"": ""转账红包"", ""incomeOrExpense"": ""收入"", ""merchantOrderNo"": ""1039386428330987644\t"", ""productDescription"": ""云账户"", ""counterpartyAccount"": ""/""}",20250312020070011580900001770612	,2025-03-12 21:13:07,8.09,IN,云账户综合服务平台,null,云账户 - 转账红包,3704,2.0.0,0,2026-02-04 15:49:35,PARSED,3,2026-02-04 15:49:37,3,2026-02-04 15:49:37,0,转账入账
889,2,3,ALIPAY,PLATFORM_ORDER,2221a2f26fc29308c14bda9dc186ffc2,"{""amount"": ""26.35"", ""remark"": """", ""tradeTime"": ""2025-03-12 18:51:05"", ""tradeStatus"": ""交易成功"", ""counterparty"": ""淘宝闪购"", ""tradeOrderNo"": ""2025031222001145901416699526\t"", ""paymentMethod"": ""花呗"", ""tradeCategory"": ""餐饮美食"", ""incomeOrExpense"": ""支出"", ""merchantOrderNo"": ""13180600725031272282099796052\t"", ""productDescription"": ""茂掌柜螺蛳粉(虹桥万科店)外卖订单"", ""counterpartyAccount"": ""e50***@alibaba-inc.com""}",2025031222001145901416699526	,2025-03-12 18:51:05,26.35,OUT,淘宝闪购,花呗,茂掌柜螺蛳粉(虹桥万科店)外卖订单 - 餐饮美食,1803,2.0.0,0,2026-02-04 15:49:35,PARSED,3,2026-02-04 15:49:37,3,2026-02-04 15:49:37,0,网购
890,2,3,ALIPAY,PLATFORM_ORDER,e311d6ed24119467b659828e4e8b2666,"{""amount"": ""661.91"", ""remark"": """", ""tradeTime"": ""2025-03-12 18:45:15"", ""tradeStatus"": ""交易成功"", ""counterparty"": ""众安在线财产保险股份有限公司"", ""tradeOrderNo"": ""20250312020070011560900000294985\t"", ""paymentMethod"": """", ""tradeCategory"": ""转账红包"", ""incomeOrExpense"": ""收入"", ""merchantOrderNo"": ""25031205763011\t"", ""productDescription"": ""理赔款+转账"", ""counterpartyAccount"": ""/""}",20250312020070011560900000294985	,2025-03-12 18:45:15,661.91,IN,众安在线财产保险股份有限公司,null,理赔款+转账 - 转账红包,3704,2.0.0,0,2026-02-04 15:49:35,PARSED,3,2026-02-04 15:49:37,3,2026-02-04 15:49:37,0,转账入账
891,2,3,ALIPAY,PLATFORM_ORDER,88a131ed977b29e0079b9e7787e9a0a9,"{""amount"": ""3.90"", ""remark"": """", ""tradeTime"": ""2025-03-12 09:30:22"", ""tradeStatus"": ""交易成功"", ""counterparty"": ""支付宝小荷包(?聚会时刻)"", ""tradeOrderNo"": ""20250312020070011520900095275516\t"", ""paymentMethod"": ""余额宝"", ""tradeCategory"": ""转账红包"", ""incomeOrExpense"": ""支出"", ""merchantOrderNo"": ""2024050100424002040078000942609620250312090000\t"", ""productDescription"": ""支付宝小荷包-自动攒"", ""counterpartyAccount"": ""/""}",20250312020070011520900095275516	,2025-03-12 09:30:22,3.90,OUT,支付宝小荷包(?聚会时刻),余额宝,支付宝小荷包-自动攒 - 转账红包,1202,2.0.0,0,2026-02-04 15:49:35,PARSED,3,2026-02-04 15:49:37,3,2026-02-04 15:49:37,0,支付宝红包
892,2,3,ALIPAY,PLATFORM_ORDER,54f5ce1d3d2a3d71ac3445f5ce00d458,"{""amount"": ""3.90"", ""remark"": """", ""tradeTime"": ""2025-03-11 09:30:34"", ""tradeStatus"": ""交易成功"", ""counterparty"": ""支付宝小荷包(?聚会时刻)"", ""tradeOrderNo"": ""20250311020070011520900085589667\t"", ""paymentMethod"": ""余额宝"", ""tradeCategory"": ""转账红包"", ""incomeOrExpense"": ""支出"", ""merchantOrderNo"": ""2024050100424002040078000942609620250311090000\t"", ""productDescription"": ""支付宝小荷包-自动攒"", ""counterpartyAccount"": ""/""}",20250311020070011520900085589667	,2025-03-11 09:30:34,3.90,OUT,支付宝小荷包(?聚会时刻),余额宝,支付宝小荷包-自动攒 - 转账红包,1202,2.0.0,0,2026-02-04 15:49:35,PARSED,3,2026-02-04 15:49:37,3,2026-02-04 15:49:37,0,支付宝红包
893,2,3,ALIPAY,PLATFORM_ORDER,753308a0efb416c2414be869b49c2464,"{""amount"": ""3.90"", ""remark"": """", ""tradeTime"": ""2025-03-10 09:31:31"", ""tradeStatus"": ""交易成功"", ""counterparty"": ""支付宝小荷包(?聚会时刻)"", ""tradeOrderNo"": ""20250310020070011520900075665924\t"", ""paymentMethod"": ""余额宝"", ""tradeCategory"": ""转账红包"", ""incomeOrExpense"": ""支出"", ""merchantOrderNo"": ""2024050100424002040078000942609620250310090000\t"", ""productDescription"": ""支付宝小荷包-自动攒"", ""counterpartyAccount"": ""/""}",20250310020070011520900075665924	,2025-03-10 09:31:31,3.90,OUT,支付宝小荷包(?聚会时刻),余额宝,支付宝小荷包-自动攒 - 转账红包,1202,2.0.0,0,2026-02-04 15:49:35,PARSED,3,2026-02-04 15:49:37,3,2026-02-04 15:49:37,0,支付宝红包
894,2,3,ALIPAY,PLATFORM_ORDER,0941b0ca2bd4228d136a176385489888,"{""amount"": ""25.27"", ""remark"": """", ""tradeTime"": ""2025-03-09 20:44:36"", ""tradeStatus"": ""交易成功"", ""counterparty"": ""淘宝闪购"", ""tradeOrderNo"": ""2025030922001145901400833852\t"", ""paymentMethod"": ""花呗"", ""tradeCategory"": ""其他"", ""incomeOrExpense"": ""支出"", ""merchantOrderNo"": ""13200600725030911141929796052\t"", ""productDescription"": ""欧品市集GourmetShoppe"", ""counterpartyAccount"": ""ele***@service.aliyun.com""}",2025030922001145901400833852	,2025-03-09 20:44:36,25.27,OUT,淘宝闪购,花呗,欧品市集GourmetShoppe - 其他,1803,2.0.0,0,2026-02-04 15:49:35,PARSED,3,2026-02-04 15:49:37,3,2026-02-04 15:49:37,0,网购
895,2,3,ALIPAY,PLATFORM_ORDER,0dee971d00f30993461ff37e05cf087a,"{""amount"": ""3.90"", ""remark"": """", ""tradeTime"": ""2025-03-09 09:31:13"", ""tradeStatus"": ""交易成功"", ""counterparty"": ""支付宝小荷包(?聚会时刻)"", ""tradeOrderNo"": ""20250309020070011520900064242219\t"", ""paymentMethod"": ""余额宝"", ""tradeCategory"": ""转账红包"", ""incomeOrExpense"": ""支出"", ""merchantOrderNo"": ""2024050100424002040078000942609620250309090000\t"", ""productDescription"": ""支付宝小荷包-自动攒"", ""counterpartyAccount"": ""/""}",20250309020070011520900064242219	,2025-03-09 09:31:13,3.90,OUT,支付宝小荷包(?聚会时刻),余额宝,支付宝小荷包-自动攒 - 转账红包,1202,2.0.0,0,2026-02-04 15:49:35,PARSED,3,2026-02-04 15:49:37,3,2026-02-04 15:49:37,0,支付宝红包
896,2,3,ALIPAY,PLATFORM_ORDER,f70cebd3b56b171942fb782190760848,"{""amount"": ""0.00"", ""remark"": """", ""tradeTime"": ""2025-03-08 20:49:04"", ""tradeStatus"": ""交易成功"", ""counterparty"": ""上海盒马"", ""tradeOrderNo"": ""2025030823001445901455605785\t"", ""paymentMethod"": """", ""tradeCategory"": ""餐饮美食"", ""incomeOrExpense"": ""支出"", ""merchantOrderNo"": ""P18M6666031250308701095343545\t"", ""productDescription"": ""鲜鸡蛋30枚 1.6kg等3类商品"", ""counterpartyAccount"": ""shh***@163.com""}",2025030823001445901455605785	,2025-03-08 20:49:04,0.00,OUT,上海盒马,null,鲜鸡蛋30枚 1.6kg等3类商品 - 餐饮美食,1801,2.0.0,0,2026-02-04 15:49:35,PARSED,3,2026-02-04 15:49:37,3,2026-02-04 15:49:37,0,超市
897,2,3,ALIPAY,PLATFORM_ORDER,42fce2a969cc19e252efbf7c39ab4416,"{""amount"": ""51.89"", ""remark"": """", ""tradeTime"": ""2025-03-08 20:25:35"", ""tradeStatus"": ""交易成功"", ""counterparty"": ""大润发华漕店"", ""tradeOrderNo"": ""2025030823001445901455676597\t"", ""paymentMethod"": ""花呗&花呗立减"", ""tradeCategory"": ""日用百货"", ""incomeOrExpense"": ""支出"", ""merchantOrderNo"": ""810722161741436726001\t"", ""productDescription"": ""订单号支付"", ""counterpartyAccount"": ""sad***@mail.rt-mart.com.cn""}",2025030823001445901455676597	,2025-03-08 20:25:35,51.89,OUT,大润发华漕店,花呗&花呗立减,订单号支付 - 日用百货,1605,2.0.0,0,2026-02-04 15:49:35,PARSED,3,2026-02-04 15:49:37,3,2026-02-04 15:49:37,0,买菜原料
898,2,3,ALIPAY,PLATFORM_ORDER,bd7af4bcd436bfb5470b768176f65264,"{""amount"": ""1.12"", ""remark"": """", ""tradeTime"": ""2025-03-08 18:50:47"", ""tradeStatus"": ""交易成功"", ""counterparty"": ""杭州闲鱼信息技术有限公司"", ""tradeOrderNo"": ""2025030810032004450200661356\t"", ""paymentMethod"": """", ""tradeCategory"": ""商业服务"", ""incomeOrExpense"": ""支出"", ""merchantOrderNo"": ""\t"", ""productDescription"": ""分账-基础软件服务费(2479470603207786889)扣款"", ""counterpartyAccount"": ""xys***@service.aliyun.com""}",2025030810032004450200661356	,2025-03-08 18:50:47,1.12,OUT,杭州闲鱼信息技术有限公司,null,分账-基础软件服务费(2479470603207786889)扣款 - 商业服务,8,2.0.0,0,2026-02-04 15:49:35,PARSED,3,2026-02-04 15:49:37,3,2026-02-04 15:49:37,0,佣金收入
899,2,3,ALIPAY,PLATFORM_ORDER,fbbbf7c403fa323aadefc51653ea4b85,"{""amount"": ""3.90"", ""remark"": """", ""tradeTime"": ""2025-03-08 09:32:00"", ""tradeStatus"": ""交易成功"", ""counterparty"": ""支付宝小荷包(?聚会时刻)"", ""tradeOrderNo"": ""20250308020070011520900049920407\t"", ""paymentMethod"": ""余额宝"", ""tradeCategory"": ""转账红包"", ""incomeOrExpense"": ""支出"", ""merchantOrderNo"": ""2024050100424002040078000942609620250308090000\t"", ""productDescription"": ""支付宝小荷包-自动攒"", ""counterpartyAccount"": ""/""}",20250308020070011520900049920407	,2025-03-08 09:32:00,3.90,OUT,支付宝小荷包(?聚会时刻),余额宝,支付宝小荷包-自动攒 - 转账红包,1202,2.0.0,0,2026-02-04 15:49:35,PARSED,3,2026-02-04 15:49:37,3,2026-02-04 15:49:37,0,支付宝红包
900,2,3,ALIPAY,PLATFORM_ORDER,753dd0b3a1e32acff4ad4f6011974a01,"{""amount"": ""3.90"", ""remark"": """", ""tradeTime"": ""2025-03-07 09:32:14"", ""tradeStatus"": ""交易成功"", ""counterparty"": ""支付宝小荷包(?聚会时刻)"", ""tradeOrderNo"": ""20250307020070011520900038050864\t"", ""paymentMethod"": ""余额宝"", ""tradeCategory"": ""转账红包"", ""incomeOrExpense"": ""支出"", ""merchantOrderNo"": ""2024050100424002040078000942609620250307090000\t"", ""productDescription"": ""支付宝小荷包-自动攒"", ""counterpartyAccount"": ""/""}",20250307020070011520900038050864	,2025-03-07 09:32:14,3.90,OUT,支付宝小荷包(?聚会时刻),余额宝,支付宝小荷包-自动攒 - 转账红包,1202,2.0.0,0,2026-02-04 15:49:35,PARSED,3,2026-02-04 15:49:37,3,2026-02-04 15:49:37,0,支付宝红包
901,2,3,ALIPAY,PLATFORM_ORDER,e39cc2d5648ddb1a5201272cc9a49e8e,"{""amount"": ""3.90"", ""remark"": """", ""tradeTime"": ""2025-03-06 09:31:16"", ""tradeStatus"": ""交易成功"", ""counterparty"": ""支付宝小荷包(?聚会时刻)"", ""tradeOrderNo"": ""20250306020070011520900026244948\t"", ""paymentMethod"": ""余额宝"", ""tradeCategory"": ""转账红包"", ""incomeOrExpense"": ""支出"", ""merchantOrderNo"": ""2024050100424002040078000942609620250306090000\t"", ""productDescription"": ""支付宝小荷包-自动攒"", ""counterpartyAccount"": ""/""}",20250306020070011520900026244948	,2025-03-06 09:31:16,3.90,OUT,支付宝小荷包(?聚会时刻),余额宝,支付宝小荷包-自动攒 - 转账红包,1202,2.0.0,0,2026-02-04 15:49:35,PARSED,3,2026-02-04 15:49:37,3,2026-02-04 15:49:37,0,支付宝红包
902,2,3,ALIPAY,PLATFORM_ORDER,251bf62b956dc3043e8ac32f1c36bc4e,"{""amount"": ""0.90"", ""remark"": """", ""tradeTime"": ""2025-03-05 19:11:53"", ""tradeStatus"": ""交易成功"", ""counterparty"": ""淘宝闪购"", ""tradeOrderNo"": ""2025030523001145901443743213\t"", ""paymentMethod"": ""宁波银行信用卡(4573)"", ""tradeCategory"": ""其他"", ""incomeOrExpense"": ""支出"", ""merchantOrderNo"": ""13190600725030579751971796052\t"", ""productDescription"": ""超级吃货卡"", ""counterpartyAccount"": ""pin***@service.alibaba.com""}",2025030523001145901443743213	,2025-03-05 19:11:53,0.90,OUT,淘宝闪购,4573,超级吃货卡 - 其他,1803,2.0.0,0,2026-02-04 15:49:35,PARSED,3,2026-02-04 15:49:37,3,2026-02-04 15:49:37,0,网购
903,2,3,ALIPAY,PLATFORM_ORDER,3cd951b730d976ea9590aeb3145810fc,"{""amount"": ""30.24"", ""remark"": """", ""tradeTime"": ""2025-03-05 19:11:53"", ""tradeStatus"": ""交易成功"", ""counterparty"": ""淘宝闪购"", ""tradeOrderNo"": ""2025030523001145901444053412\t"", ""paymentMethod"": ""宁波银行信用卡(4573)&优惠"", ""tradeCategory"": ""餐饮美食"", ""incomeOrExpense"": ""支出"", ""merchantOrderNo"": ""13190600725030579751970796052\t"", ""productDescription"": ""甄选老北京烤鸭虹桥店外卖订单"", ""counterpartyAccount"": ""e50***@alibaba-inc.com""}",2025030523001145901444053412	,2025-03-05 19:11:53,30.24,OUT,淘宝闪购,4573,甄选老北京烤鸭虹桥店外卖订单 - 餐饮美食,1803,2.0.0,0,2026-02-04 15:49:35,PARSED,3,2026-02-04 15:49:37,3,2026-02-04 15:49:37,0,网购
904,2,3,ALIPAY,PLATFORM_ORDER,0b81347cfd1e0944549c46fd40d79be7,"{""amount"": ""3.90"", ""remark"": """", ""tradeTime"": ""2025-03-05 09:31:21"", ""tradeStatus"": ""交易成功"", ""counterparty"": ""支付宝小荷包(?聚会时刻)"", ""tradeOrderNo"": ""20250305020070011520900015458426\t"", ""paymentMethod"": ""余额宝"", ""tradeCategory"": ""转账红包"", ""incomeOrExpense"": ""支出"", ""merchantOrderNo"": ""2024050100424002040078000942609620250305090000\t"", ""productDescription"": ""支付宝小荷包-自动攒"", ""counterpartyAccount"": ""/""}",20250305020070011520900015458426	,2025-03-05 09:31:21,3.90,OUT,支付宝小荷包(?聚会时刻),余额宝,支付宝小荷包-自动攒 - 转账红包,1202,2.0.0,0,2026-02-04 15:49:35,PARSED,3,2026-02-04 15:49:37,3,2026-02-04 15:49:37,0,支付宝红包
905,2,3,ALIPAY,PLATFORM_ORDER,2e8e3b96f54db1d3938ea6a8c38a12b0,"{""amount"": ""18.30"", ""remark"": """", ""tradeTime"": ""2025-03-04 12:40:09"", ""tradeStatus"": ""交易成功"", ""counterparty"": ""滴滴出行"", ""tradeOrderNo"": ""2025030423001445901440589792\t"", ""paymentMethod"": ""花呗&花呗立减"", ""tradeCategory"": ""交通出行"", ""incomeOrExpense"": ""支出"", ""merchantOrderNo"": ""212_202503048279625001528832\t"", ""productDescription"": ""特惠快车-韦师傅-03月04日行程"", ""counterpartyAccount"": ""chu***@didichuxing.com""}",2025030423001445901440589792	,2025-03-04 12:40:09,18.30,OUT,滴滴出行,花呗&花呗立减,特惠快车-韦师傅-03月04日行程 - 交通出行,1703,2.0.0,0,2026-02-04 15:49:35,PARSED,3,2026-02-04 15:49:37,3,2026-02-04 15:49:37,0,网约车
906,2,3,ALIPAY,PLATFORM_ORDER,c7f9707763a6c69914f1d0e4850054f3,"{""amount"": ""3.90"", ""remark"": """", ""tradeTime"": ""2025-03-04 09:31:22"", ""tradeStatus"": ""交易成功"", ""counterparty"": ""支付宝小荷包(?聚会时刻)"", ""tradeOrderNo"": ""20250304020070011520900004662558\t"", ""paymentMethod"": ""余额宝"", ""tradeCategory"": ""转账红包"", ""incomeOrExpense"": ""支出"", ""merchantOrderNo"": ""2024050100424002040078000942609620250304090000\t"", ""productDescription"": ""支付宝小荷包-自动攒"", ""counterpartyAccount"": ""/""}",20250304020070011520900004662558	,2025-03-04 09:31:22,3.90,OUT,支付宝小荷包(?聚会时刻),余额宝,支付宝小荷包-自动攒 - 转账红包,1202,2.0.0,0,2026-02-04 15:49:35,PARSED,3,2026-02-04 15:49:37,3,2026-02-04 15:49:37,0,支付宝红包
907,2,3,ALIPAY,PLATFORM_ORDER,ea9d72fe802d17a17c299208d8c9c04b,"{""amount"": ""3.90"", ""remark"": """", ""tradeTime"": ""2025-03-03 09:32:12"", ""tradeStatus"": ""交易成功"", ""counterparty"": ""支付宝小荷包(?聚会时刻)"", ""tradeOrderNo"": ""20250303020070011520900094636311\t"", ""paymentMethod"": ""余额宝"", ""tradeCategory"": ""转账红包"", ""incomeOrExpense"": ""支出"", ""merchantOrderNo"": ""2024050100424002040078000942609620250303090000\t"", ""productDescription"": ""支付宝小荷包-自动攒"", ""counterpartyAccount"": ""/""}",20250303020070011520900094636311	,2025-03-03 09:32:12,3.90,OUT,支付宝小荷包(?聚会时刻),余额宝,支付宝小荷包-自动攒 - 转账红包,1202,2.0.0,0,2026-02-04 15:49:35,PARSED,3,2026-02-04 15:49:37,3,2026-02-04 15:49:37,0,支付宝红包
908,2,3,ALIPAY,PLATFORM_ORDER,dd758b00fd2a4f5ebdb6cb782d256706,"{""amount"": ""3.90"", ""remark"": """", ""tradeTime"": ""2025-03-02 09:32:12"", ""tradeStatus"": ""交易成功"", ""counterparty"": ""支付宝小荷包(?聚会时刻)"", ""tradeOrderNo"": ""20250302020070011520900083956003\t"", ""paymentMethod"": ""余额宝"", ""tradeCategory"": ""转账红包"", ""incomeOrExpense"": ""支出"", ""merchantOrderNo"": ""2024050100424002040078000942609620250302090000\t"", ""productDescription"": ""支付宝小荷包-自动攒"", ""counterpartyAccount"": ""/""}",20250302020070011520900083956003	,2025-03-02 09:32:12,3.90,OUT,支付宝小荷包(?聚会时刻),余额宝,支付宝小荷包-自动攒 - 转账红包,1202,2.0.0,0,2026-02-04 15:49:35,PARSED,3,2026-02-04 15:49:37,3,2026-02-04 15:49:37,0,支付宝红包
909,2,3,ALIPAY,PLATFORM_ORDER,f367e1baf02c5502e0796794497c27b0,"{""amount"": ""1.00"", ""remark"": """", ""tradeTime"": ""2025-03-01 22:32:57"", ""tradeStatus"": ""交易关闭"", ""counterparty"": ""哈啰出行"", ""tradeOrderNo"": ""2025030122001445901429551215\t"", ""paymentMethod"": ""花呗"", ""tradeCategory"": ""交通出行"", ""incomeOrExpense"": ""支出"", ""merchantOrderNo"": ""CPR250301223249641224519172R\t"", ""productDescription"": ""哈啰单车骑行"", ""counterpartyAccount"": ""zij***@hellobike.com""}",2025030122001445901429551215	,2025-03-01 22:32:57,1.00,OUT,哈啰出行,花呗,哈啰单车骑行 - 交通出行,1707,2.0.0,0,2026-02-04 15:49:35,PARSED,3,2026-02-04 15:49:37,3,2026-02-04 15:49:37,0,共享单车
910,2,3,ALIPAY,PLATFORM_ORDER,1d600b5705396b5685da664fa1f61865,"{""amount"": ""1.12"", ""remark"": """", ""tradeTime"": ""2025-03-01 19:41:25"", ""tradeStatus"": ""交易成功"", ""counterparty"": ""杭州闲鱼信息技术有限公司"", ""tradeOrderNo"": ""2025030110032004630203668191\t"", ""paymentMethod"": """", ""tradeCategory"": ""商业服务"", ""incomeOrExpense"": ""支出"", ""merchantOrderNo"": ""\t"", ""productDescription"": ""分账-基础软件服务费(4249324981592675617)扣款"", ""counterpartyAccount"": ""xys***@service.aliyun.com""}",2025030110032004630203668191	,2025-03-01 19:41:25,1.12,OUT,杭州闲鱼信息技术有限公司,null,分账-基础软件服务费(4249324981592675617)扣款 - 商业服务,8,2.0.0,0,2026-02-04 15:49:35,PARSED,3,2026-02-04 15:49:37,3,2026-02-04 15:49:37,0,佣金收入
911,2,3,ALIPAY,PLATFORM_ORDER,201f8d0ad65c47777887269bd319e6bd,"{""amount"": ""187.48"", ""remark"": """", ""tradeTime"": ""2025-03-01 19:36:47"", ""tradeStatus"": ""交易成功"", ""counterparty"": ""****5"", ""tradeOrderNo"": ""2025030122001175631417273497\t"", ""paymentMethod"": """", ""tradeCategory"": ""收入"", ""incomeOrExpense"": ""收入"", ""merchantOrderNo"": ""T200P4249324981592675617\t"", ""productDescription"": ""晶耀前滩-天辣小馆店"", ""counterpartyAccount"": ""189******25""}",2025030122001175631417273497	,2025-03-01 19:36:47,187.48,IN,****5,null,晶耀前滩-天辣小馆店 - 收入,15,2.0.0,0,2026-02-04 15:49:35,PARSED,3,2026-02-04 15:49:37,3,2026-02-04 15:49:37,0,其他收入
912,2,3,ALIPAY,PLATFORM_ORDER,5f7874ecc8583a77a6e3ba8840d96310,"{""amount"": ""21.37"", ""remark"": """", ""tradeTime"": ""2025-03-01 18:56:31"", ""tradeStatus"": ""交易成功"", ""counterparty"": ""滴滴出行"", ""tradeOrderNo"": ""2025030123001445901430133274\t"", ""paymentMethod"": ""花呗&花呗立减"", ""tradeCategory"": ""交通出行"", ""incomeOrExpense"": ""支出"", ""merchantOrderNo"": ""212_202503013741026901271977\t"", ""productDescription"": ""特惠快车-刘师傅-03月01日行程"", ""counterpartyAccount"": ""chu***@didichuxing.com""}",2025030123001445901430133274	,2025-03-01 18:56:31,21.37,OUT,滴滴出行,花呗&花呗立减,特惠快车-刘师傅-03月01日行程 - 交通出行,1703,2.0.0,0,2026-02-04 15:49:35,PARSED,3,2026-02-04 15:49:37,3,2026-02-04 15:49:37,0,网约车
913,2,3,ALIPAY,PLATFORM_ORDER,f1cc3688dfe13f51b8aefd0ca09553a4,"{""amount"": ""3.90"", ""remark"": """", ""tradeTime"": ""2025-03-01 09:32:58"", ""tradeStatus"": ""交易成功"", ""counterparty"": ""支付宝小荷包(?聚会时刻)"", ""tradeOrderNo"": ""20250301020070011520900072650644\t"", ""paymentMethod"": ""余额宝"", ""tradeCategory"": ""转账红包"", ""incomeOrExpense"": ""支出"", ""merchantOrderNo"": ""2024050100424002040078000942609620250301090000\t"", ""productDescription"": ""支付宝小荷包-自动攒"", ""counterpartyAccount"": ""/""}",20250301020070011520900072650644	,2025-03-01 09:32:58,3.90,OUT,支付宝小荷包(?聚会时刻),余额宝,支付宝小荷包-自动攒 - 转账红包,1202,2.0.0,0,2026-02-04 15:49:35,PARSED,3,2026-02-04 15:49:37,3,2026-02-04 15:49:37,0,支付宝红包
914,2,3,ALIPAY,PLATFORM_ORDER,e35a1e311234d51e0ceba0a88f25c275,"{""amount"": ""2.06"", ""remark"": """", ""tradeTime"": ""2025-02-28 11:37:36"", ""tradeStatus"": ""交易成功"", ""counterparty"": ""杭州闲鱼信息技术有限公司"", ""tradeOrderNo"": ""2025022810032004090284623993\t"", ""paymentMethod"": """", ""tradeCategory"": ""商业服务"", ""incomeOrExpense"": ""支出"", ""merchantOrderNo"": ""\t"", ""productDescription"": ""分账-基础软件服务费(2482321657854040055)扣款"", ""counterpartyAccount"": ""xys***@service.aliyun.com""}",2025022810032004090284623993	,2025-02-28 11:37:36,2.06,OUT,杭州闲鱼信息技术有限公司,null,分账-基础软件服务费(2482321657854040055)扣款 - 商业服务,8,2.0.0,0,2026-02-04 15:49:35,PARSED,3,2026-02-04 15:49:37,3,2026-02-04 15:49:37,0,佣金收入
915,2,3,ALIPAY,PLATFORM_ORDER,4d9d02d42c9fdfa11512e3dc43aeb7ba,"{""amount"": ""344.00"", ""remark"": """", ""tradeTime"": ""2025-02-28 11:32:40"", ""tradeStatus"": ""交易成功"", ""counterparty"": ""****1"", ""tradeOrderNo"": ""2025022822001131091429463414\t"", ""paymentMethod"": """", ""tradeCategory"": ""收入"", ""incomeOrExpense"": ""收入"", ""merchantOrderNo"": ""T200P2482321657854040055\t"", ""productDescription"": ""天辣小馆-晶耀前滩 8.6折整单代下单，不限时段"", ""counterpartyAccount"": ""156******56""}",2025022822001131091429463414	,2025-02-28 11:32:40,344.00,IN,****1,null,天辣小馆-晶耀前滩 8.6折整单代下单，不限时段 - 收入,15,2.0.0,0,2026-02-04 15:49:35,PARSED,3,2026-02-04 15:49:37,3,2026-02-04 15:49:37,0,其他收入
916,2,3,ALIPAY,PLATFORM_ORDER,bd5c83f342e0ddd1d8054fc0e6755abe,"{""amount"": ""3.90"", ""remark"": """", ""tradeTime"": ""2025-02-28 09:32:54"", ""tradeStatus"": ""交易成功"", ""counterparty"": ""支付宝小荷包(?聚会时刻)"", ""tradeOrderNo"": ""20250228020070011520900062459941\t"", ""paymentMethod"": ""余额宝"", ""tradeCategory"": ""转账红包"", ""incomeOrExpense"": ""支出"", ""merchantOrderNo"": ""2024050100424002040078000942609620250228090000\t"", ""productDescription"": ""支付宝小荷包-自动攒"", ""counterpartyAccount"": ""/""}",20250228020070011520900062459941	,2025-02-28 09:32:54,3.90,OUT,支付宝小荷包(?聚会时刻),余额宝,支付宝小荷包-自动攒 - 转账红包,1202,2.0.0,0,2026-02-04 15:49:35,PARSED,3,2026-02-04 15:49:37,3,2026-02-04 15:49:37,0,支付宝红包
917,2,3,ALIPAY,PLATFORM_ORDER,5085c8a8f43166d235fbe1f4055a37b3,"{""amount"": ""3.90"", ""remark"": """", ""tradeTime"": ""2025-02-27 09:32:12"", ""tradeStatus"": ""交易成功"", ""counterparty"": ""支付宝小荷包(?聚会时刻)"", ""tradeOrderNo"": ""20250227020070011520900052253627\t"", ""paymentMethod"": ""余额宝"", ""tradeCategory"": ""转账红包"", ""incomeOrExpense"": ""支出"", ""merchantOrderNo"": ""2024050100424002040078000942609620250227090000\t"", ""productDescription"": ""支付宝小荷包-自动攒"", ""counterpartyAccount"": ""/""}",20250227020070011520900052253627	,2025-02-27 09:32:12,3.90,OUT,支付宝小荷包(?聚会时刻),余额宝,支付宝小荷包-自动攒 - 转账红包,1202,2.0.0,0,2026-02-04 15:49:35,PARSED,3,2026-02-04 15:49:37,3,2026-02-04 15:49:37,0,支付宝红包
918,2,3,ALIPAY,PLATFORM_ORDER,bc13b08a48bbf5f2f38b9555367f0f88,"{""amount"": ""186.62"", ""remark"": """", ""tradeTime"": ""2025-02-26 18:45:46"", ""tradeStatus"": ""交易成功"", ""counterparty"": ""****8"", ""tradeOrderNo"": ""2025022623001116451405905796\t"", ""paymentMethod"": """", ""tradeCategory"": ""收入"", ""incomeOrExpense"": ""收入"", ""merchantOrderNo"": ""T200P2479470603207786889\t"", ""productDescription"": ""天辣小馆-晶耀前滩 8.6折整单代下单，不限时段"", ""counterpartyAccount"": ""gao***@aliyun.com""}",2025022623001116451405905796	,2025-02-26 18:45:46,186.62,IN,****8,null,天辣小馆-晶耀前滩 8.6折整单代下单，不限时段 - 收入,15,2.0.0,0,2026-02-04 15:49:35,PARSED,3,2026-02-04 15:49:37,3,2026-02-04 15:49:37,0,其他收入
919,2,3,ALIPAY,PLATFORM_ORDER,2708a1357759be77ae0d61908dd5e4ff,"{""amount"": ""3.90"", ""remark"": """", ""tradeTime"": ""2025-02-26 09:32:16"", ""tradeStatus"": ""交易成功"", ""counterparty"": ""支付宝小荷包(?聚会时刻)"", ""tradeOrderNo"": ""20250226020070011520900042621542\t"", ""paymentMethod"": ""余额宝"", ""tradeCategory"": ""转账红包"", ""incomeOrExpense"": ""支出"", ""merchantOrderNo"": ""2024050100424002040078000942609620250226090000\t"", ""productDescription"": ""支付宝小荷包-自动攒"", ""counterpartyAccount"": ""/""}",20250226020070011520900042621542	,2025-02-26 09:32:16,3.90,OUT,支付宝小荷包(?聚会时刻),余额宝,支付宝小荷包-自动攒 - 转账红包,1202,2.0.0,0,2026-02-04 15:49:35,PARSED,3,2026-02-04 15:49:37,3,2026-02-04 15:49:37,0,支付宝红包
920,2,3,ALIPAY,PLATFORM_ORDER,77b8ef8452a7f3dabaae8229fa9e20b5,"{""amount"": ""168.12"", ""remark"": """", ""tradeTime"": ""2025-02-25 19:25:45"", ""tradeStatus"": ""交易成功"", ""counterparty"": ""国网上海市电力公司(缴费)"", ""tradeOrderNo"": ""2025022500003001900035903734\t"", ""paymentMethod"": ""花呗&花呗立减"", ""tradeCategory"": ""充值缴费"", ""incomeOrExpense"": ""支出"", ""merchantOrderNo"": ""3100000335058\t"", ""productDescription"": ""1月-电费-***"", ""counterpartyAccount"": ""/""}",2025022500003001900035903734	,2025-02-25 19:25:45,168.12,OUT,国网上海市电力公司(缴费),花呗&花呗立减,1月-电费-*** - 充值缴费,2204,2.0.0,0,2026-02-04 15:49:35,PARSED,3,2026-02-04 15:49:37,3,2026-02-04 15:49:37,0,电费
921,2,3,ALIPAY,PLATFORM_ORDER,448547043be74c93c3cbc18bcc4eacad,"{""amount"": ""0.90"", ""remark"": """", ""tradeTime"": ""2025-02-25 13:37:22"", ""tradeStatus"": ""交易成功"", ""counterparty"": ""杭州闲鱼信息技术有限公司"", ""tradeOrderNo"": ""2025022510032004700243772264\t"", ""paymentMethod"": """", ""tradeCategory"": ""商业服务"", ""incomeOrExpense"": ""支出"", ""merchantOrderNo"": ""\t"", ""productDescription"": ""分账-基础软件服务费(4244296106932784918)扣款"", ""counterpartyAccount"": ""xys***@service.aliyun.com""}",2025022510032004700243772264	,2025-02-25 13:37:22,0.90,OUT,杭州闲鱼信息技术有限公司,null,分账-基础软件服务费(4244296106932784918)扣款 - 商业服务,8,2.0.0,0,2026-02-04 15:49:35,PARSED,3,2026-02-04 15:49:37,3,2026-02-04 15:49:37,0,佣金收入
922,2,3,ALIPAY,PLATFORM_ORDER,d1a89c65c6e124d7c1ce74acf93e3b9f,"{""amount"": ""150.50"", ""remark"": """", ""tradeTime"": ""2025-02-25 12:49:13"", ""tradeStatus"": ""交易成功"", ""counterparty"": ""****1"", ""tradeOrderNo"": ""2025022522001199701456433521\t"", ""paymentMethod"": """", ""tradeCategory"": ""收入"", ""incomeOrExpense"": ""收入"", ""merchantOrderNo"": ""T200P4244296106932784918\t"", ""productDescription"": ""晶耀前滩-天辣小馆店"", ""counterpartyAccount"": ""tsu***@hotmail.com""}",2025022522001199701456433521	,2025-02-25 12:49:13,150.50,IN,****1,null,晶耀前滩-天辣小馆店 - 收入,15,2.0.0,0,2026-02-04 15:49:35,PARSED,3,2026-02-04 15:49:37,3,2026-02-04 15:49:37,0,其他收入
923,2,3,ALIPAY,PLATFORM_ORDER,48e046c7a1d7ef6a8f4171cbebc6aba3,"{""amount"": ""3.90"", ""remark"": """", ""tradeTime"": ""2025-02-25 09:32:27"", ""tradeStatus"": ""交易成功"", ""counterparty"": ""支付宝小荷包(?聚会时刻)"", ""tradeOrderNo"": ""20250225020070011520900032683621\t"", ""paymentMethod"": ""余额宝"", ""tradeCategory"": ""转账红包"", ""incomeOrExpense"": ""支出"", ""merchantOrderNo"": ""2024050100424002040078000942609620250225090000\t"", ""productDescription"": ""支付宝小荷包-自动攒"", ""counterpartyAccount"": ""/""}",20250225020070011520900032683621	,2025-02-25 09:32:27,3.90,OUT,支付宝小荷包(?聚会时刻),余额宝,支付宝小荷包-自动攒 - 转账红包,1202,2.0.0,0,2026-02-04 15:49:35,PARSED,3,2026-02-04 15:49:37,3,2026-02-04 15:49:37,0,支付宝红包
924,2,3,ALIPAY,PLATFORM_ORDER,4c289d38d42539313f38178f9eb1230e,"{""amount"": ""28.85"", ""remark"": """", ""tradeTime"": ""2025-02-24 19:44:35"", ""tradeStatus"": ""交易成功"", ""counterparty"": ""味初**店"", ""tradeOrderNo"": ""2025022422001145901413549872\t"", ""paymentMethod"": ""花呗&花呗立减"", ""tradeCategory"": ""餐饮美食"", ""incomeOrExpense"": ""支出"", ""merchantOrderNo"": ""T200P4243482828573343545\t"", ""productDescription"": ""今麦郎安徽板面袋装整箱批发0油炸面饼方便面免煮泡面夜宵速食"", ""counterpartyAccount"": ""wei***@163.com""}",2025022422001145901413549872	,2025-02-24 19:44:35,28.85,OUT,味初**店,花呗&花呗立减,今麦郎安徽板面袋装整箱批发0油炸面饼方便面免煮泡面夜宵速食 - 餐饮美食,16,2.0.0,0,2026-02-04 15:49:35,PARSED,3,2026-02-04 15:49:37,3,2026-02-04 15:49:37,0,餐饮美食
925,2,3,ALIPAY,PLATFORM_ORDER,46f3c338b3c8c740add709617ba4fc39,"{""amount"": ""3.90"", ""remark"": """", ""tradeTime"": ""2025-02-24 09:33:12"", ""tradeStatus"": ""交易成功"", ""counterparty"": ""支付宝小荷包(?聚会时刻)"", ""tradeOrderNo"": ""20250224020070011520900022417272\t"", ""paymentMethod"": ""余额宝"", ""tradeCategory"": ""转账红包"", ""incomeOrExpense"": ""支出"", ""merchantOrderNo"": ""2024050100424002040078000942609620250224090000\t"", ""productDescription"": ""支付宝小荷包-自动攒"", ""counterpartyAccount"": ""/""}",20250224020070011520900022417272	,2025-02-24 09:33:12,3.90,OUT,支付宝小荷包(?聚会时刻),余额宝,支付宝小荷包-自动攒 - 转账红包,1202,2.0.0,0,2026-02-04 15:49:35,PARSED,3,2026-02-04 15:49:37,3,2026-02-04 15:49:37,0,支付宝红包
926,2,3,ALIPAY,PLATFORM_ORDER,259405793c0c30312c9f3d9fc745e314,"{""amount"": ""3.90"", ""remark"": """", ""tradeTime"": ""2025-02-23 09:33:02"", ""tradeStatus"": ""交易成功"", ""counterparty"": ""支付宝小荷包(?聚会时刻)"", ""tradeOrderNo"": ""20250223020070011520900011732444\t"", ""paymentMethod"": ""余额宝"", ""tradeCategory"": ""转账红包"", ""incomeOrExpense"": ""支出"", ""merchantOrderNo"": ""2024050100424002040078000942609620250223090000\t"", ""productDescription"": ""支付宝小荷包-自动攒"", ""counterpartyAccount"": ""/""}",20250223020070011520900011732444	,2025-02-23 09:33:02,3.90,OUT,支付宝小荷包(?聚会时刻),余额宝,支付宝小荷包-自动攒 - 转账红包,1202,2.0.0,0,2026-02-04 15:49:35,PARSED,3,2026-02-04 15:49:37,3,2026-02-04 15:49:37,0,支付宝红包
927,2,3,ALIPAY,PLATFORM_ORDER,b19526ee9ea28cedf5daf1a9edaaf055,"{""amount"": ""3.90"", ""remark"": """", ""tradeTime"": ""2025-02-22 09:32:46"", ""tradeStatus"": ""交易成功"", ""counterparty"": ""支付宝小荷包(?聚会时刻)"", ""tradeOrderNo"": ""20250222020070011520900000437902\t"", ""paymentMethod"": ""余额宝"", ""tradeCategory"": ""转账红包"", ""incomeOrExpense"": ""支出"", ""merchantOrderNo"": ""2024050100424002040078000942609620250222090000\t"", ""productDescription"": ""支付宝小荷包-自动攒"", ""counterpartyAccount"": ""/""}",20250222020070011520900000437902	,2025-02-22 09:32:46,3.90,OUT,支付宝小荷包(?聚会时刻),余额宝,支付宝小荷包-自动攒 - 转账红包,1202,2.0.0,0,2026-02-04 15:49:35,PARSED,3,2026-02-04 15:49:37,3,2026-02-04 15:49:37,0,支付宝红包
928,2,3,ALIPAY,PLATFORM_ORDER,c5735b9cd2b0f23266d8991baf93630e,"{""amount"": ""0.94"", ""remark"": """", ""tradeTime"": ""2025-02-21 17:46:10"", ""tradeStatus"": ""交易成功"", ""counterparty"": ""杭州闲鱼信息技术有限公司"", ""tradeOrderNo"": ""2025022110032004050235540996\t"", ""paymentMethod"": """", ""tradeCategory"": ""商业服务"", ""incomeOrExpense"": ""支出"", ""merchantOrderNo"": ""\t"", ""productDescription"": ""分账-基础软件服务费(2474143320337135474)扣款"", ""counterpartyAccount"": ""xys***@service.aliyun.com""}",2025022110032004050235540996	,2025-02-21 17:46:10,0.94,OUT,杭州闲鱼信息技术有限公司,null,分账-基础软件服务费(2474143320337135474)扣款 - 商业服务,8,2.0.0,0,2026-02-04 15:49:35,PARSED,3,2026-02-04 15:49:37,3,2026-02-04 15:49:37,0,佣金收入
929,2,3,ALIPAY,PLATFORM_ORDER,32eaa0c49aed7e72f0209504fd8ed8e9,"{""amount"": ""157.38"", ""remark"": """", ""tradeTime"": ""2025-02-21 12:02:58"", ""tradeStatus"": ""交易成功"", ""counterparty"": ""**响"", ""tradeOrderNo"": ""2025022123001115051424735842\t"", ""paymentMethod"": """", ""tradeCategory"": ""收入"", ""incomeOrExpense"": ""收入"", ""merchantOrderNo"": ""T200P2474143320337135474\t"", ""productDescription"": ""天辣小馆-晶耀前滩 8.6折整单代下单，不限时段"", ""counterpartyAccount"": ""152******96""}",2025022123001115051424735842	,2025-02-21 12:02:58,157.38,IN,**响,null,天辣小馆-晶耀前滩 8.6折整单代下单，不限时段 - 收入,15,2.0.0,0,2026-02-04 15:49:35,PARSED,3,2026-02-04 15:49:37,3,2026-02-04 15:49:37,0,其他收入
930,2,3,ALIPAY,PLATFORM_ORDER,53f7ae58005e1ae591ccf6c2bad5fa62,"{""amount"": ""3.90"", ""remark"": """", ""tradeTime"": ""2025-02-21 09:33:11"", ""tradeStatus"": ""交易成功"", ""counterparty"": ""支付宝小荷包(?聚会时刻)"", ""tradeOrderNo"": ""20250221020070011520900090075204\t"", ""paymentMethod"": ""余额宝"", ""tradeCategory"": ""转账红包"", ""incomeOrExpense"": ""支出"", ""merchantOrderNo"": ""2024050100424002040078000942609620250221090000\t"", ""productDescription"": ""支付宝小荷包-自动攒"", ""counterpartyAccount"": ""/""}",20250221020070011520900090075204	,2025-02-21 09:33:11,3.90,OUT,支付宝小荷包(?聚会时刻),余额宝,支付宝小荷包-自动攒 - 转账红包,1202,2.0.0,0,2026-02-04 15:49:35,PARSED,3,2026-02-04 15:49:37,3,2026-02-04 15:49:37,0,支付宝红包
931,2,3,ALIPAY,PLATFORM_ORDER,4614348894153ab02324057e097ad138,"{""amount"": ""3.90"", ""remark"": """", ""tradeTime"": ""2025-02-20 09:33:26"", ""tradeStatus"": ""交易成功"", ""counterparty"": ""支付宝小荷包(?聚会时刻)"", ""tradeOrderNo"": ""20250220020070011520900079623888\t"", ""paymentMethod"": ""余额宝"", ""tradeCategory"": ""转账红包"", ""incomeOrExpense"": ""支出"", ""merchantOrderNo"": ""2024050100424002040078000942609620250220090000\t"", ""productDescription"": ""支付宝小荷包-自动攒"", ""counterpartyAccount"": ""/""}",20250220020070011520900079623888	,2025-02-20 09:33:26,3.90,OUT,支付宝小荷包(?聚会时刻),余额宝,支付宝小荷包-自动攒 - 转账红包,1202,2.0.0,0,2026-02-04 15:49:35,PARSED,3,2026-02-04 15:49:37,3,2026-02-04 15:49:37,0,支付宝红包
932,2,3,ALIPAY,PLATFORM_ORDER,d60dcbc6c8adc5d2825dd706d65fa789,"{""amount"": ""1.22"", ""remark"": """", ""tradeTime"": ""2025-02-19 15:20:30"", ""tradeStatus"": ""交易成功"", ""counterparty"": ""杭州闲鱼信息技术有限公司"", ""tradeOrderNo"": ""2025021910032004960260616886\t"", ""paymentMethod"": """", ""tradeCategory"": ""商业服务"", ""incomeOrExpense"": ""支出"", ""merchantOrderNo"": ""\t"", ""productDescription"": ""分账-基础软件服务费(2463110437966713054)扣款"", ""counterpartyAccount"": ""xys***@service.aliyun.com""}",2025021910032004960260616886	,2025-02-19 15:20:30,1.22,OUT,杭州闲鱼信息技术有限公司,null,分账-基础软件服务费(2463110437966713054)扣款 - 商业服务,8,2.0.0,0,2026-02-04 15:49:35,PARSED,3,2026-02-04 15:49:37,3,2026-02-04 15:49:37,0,佣金收入
933,2,3,ALIPAY,PLATFORM_ORDER,0eba3092a9208ed38ff1b579ade3f6f0,"{""amount"": ""3.90"", ""remark"": """", ""tradeTime"": ""2025-02-19 09:33:08"", ""tradeStatus"": ""交易成功"", ""counterparty"": ""支付宝小荷包(?聚会时刻)"", ""tradeOrderNo"": ""20250219020070011520900069389335\t"", ""paymentMethod"": ""余额宝"", ""tradeCategory"": ""转账红包"", ""incomeOrExpense"": ""支出"", ""merchantOrderNo"": ""2024050100424002040078000942609620250219090000\t"", ""productDescription"": ""支付宝小荷包-自动攒"", ""counterpartyAccount"": ""/""}",20250219020070011520900069389335	,2025-02-19 09:33:08,3.90,OUT,支付宝小荷包(?聚会时刻),余额宝,支付宝小荷包-自动攒 - 转账红包,1202,2.0.0,0,2026-02-04 15:49:35,PARSED,3,2026-02-04 15:49:37,3,2026-02-04 15:49:37,0,支付宝红包
934,2,3,ALIPAY,PLATFORM_ORDER,9212c6f909c783d71b2c1f1d1c0a3a9a,"{""amount"": ""3.90"", ""remark"": """", ""tradeTime"": ""2025-02-18 09:33:16"", ""tradeStatus"": ""交易成功"", ""counterparty"": ""支付宝小荷包(?聚会时刻)"", ""tradeOrderNo"": ""20250218020070011520900059398498\t"", ""paymentMethod"": ""余额宝"", ""tradeCategory"": ""转账红包"", ""incomeOrExpense"": ""支出"", ""merchantOrderNo"": ""2024050100424002040078000942609620250218090000\t"", ""productDescription"": ""支付宝小荷包-自动攒"", ""counterpartyAccount"": ""/""}",20250218020070011520900059398498	,2025-02-18 09:33:16,3.90,OUT,支付宝小荷包(?聚会时刻),余额宝,支付宝小荷包-自动攒 - 转账红包,1202,2.0.0,0,2026-02-04 15:49:35,PARSED,3,2026-02-04 15:49:37,3,2026-02-04 15:49:37,0,支付宝红包
935,2,3,ALIPAY,PLATFORM_ORDER,6b69c080a0b210e1623b0a8ca66a2f3c,"{""amount"": ""3.90"", ""remark"": """", ""tradeTime"": ""2025-02-17 09:34:08"", ""tradeStatus"": ""交易成功"", ""counterparty"": ""支付宝小荷包(?聚会时刻)"", ""tradeOrderNo"": ""20250217020070011520900049090667\t"", ""paymentMethod"": ""余额宝"", ""tradeCategory"": ""转账红包"", ""incomeOrExpense"": ""支出"", ""merchantOrderNo"": ""2024050100424002040078000942609620250217090000\t"", ""productDescription"": ""支付宝小荷包-自动攒"", ""counterpartyAccount"": ""/""}",20250217020070011520900049090667	,2025-02-17 09:34:08,3.90,OUT,支付宝小荷包(?聚会时刻),余额宝,支付宝小荷包-自动攒 - 转账红包,1202,2.0.0,0,2026-02-04 15:49:35,PARSED,3,2026-02-04 15:49:37,3,2026-02-04 15:49:37,0,支付宝红包
936,2,3,ALIPAY,PLATFORM_ORDER,fea135fa9d5019092c95f7bea02554d4,"{""amount"": ""0.00"", ""remark"": """", ""tradeTime"": ""2025-02-16 12:00:20"", ""tradeStatus"": ""交易成功"", ""counterparty"": ""上海盒马"", ""tradeOrderNo"": ""2025021622001145901437476835\t"", ""paymentMethod"": """", ""tradeCategory"": ""日用百货"", ""incomeOrExpense"": ""支出"", ""merchantOrderNo"": ""T200P4233886454621343545\t"", ""productDescription"": ""盒马平台配送费"", ""counterpartyAccount"": ""shh***@163.com""}",2025021622001145901437476835	,2025-02-16 12:00:20,0.00,OUT,上海盒马,null,盒马平台配送费 - 日用百货,1801,2.0.0,0,2026-02-04 15:49:35,PARSED,3,2026-02-04 15:49:37,3,2026-02-04 15:49:37,0,超市
937,2,3,ALIPAY,PLATFORM_ORDER,82679493546bf1ec98351a3ae8b43032,"{""amount"": ""0.00"", ""remark"": """", ""tradeTime"": ""2025-02-16 12:00:20"", ""tradeStatus"": ""交易成功"", ""counterparty"": ""上海盒马"", ""tradeOrderNo"": ""2025021622001145901438579215\t"", ""paymentMethod"": """", ""tradeCategory"": ""餐饮美食"", ""incomeOrExpense"": ""支出"", ""merchantOrderNo"": ""T200P4233886454617343545\t"", ""productDescription"": ""大葱 约450g等多件"", ""counterpartyAccount"": ""shh***@163.com""}",2025021622001145901438579215	,2025-02-16 12:00:20,0.00,OUT,上海盒马,null,大葱 约450g等多件 - 餐饮美食,1801,2.0.0,0,2026-02-04 15:49:35,PARSED,3,2026-02-04 15:49:37,3,2026-02-04 15:49:37,0,超市
938,2,3,ALIPAY,PLATFORM_ORDER,4cc48384a2f4ceca9349e6fd20150008,"{""amount"": ""3.90"", ""remark"": """", ""tradeTime"": ""2025-02-16 09:34:32"", ""tradeStatus"": ""交易成功"", ""counterparty"": ""支付宝小荷包(?聚会时刻)"", ""tradeOrderNo"": ""20250216020070011520900038009551\t"", ""paymentMethod"": ""余额宝"", ""tradeCategory"": ""转账红包"", ""incomeOrExpense"": ""支出"", ""merchantOrderNo"": ""2024050100424002040078000942609620250216090000\t"", ""productDescription"": ""支付宝小荷包-自动攒"", ""counterpartyAccount"": ""/""}",20250216020070011520900038009551	,2025-02-16 09:34:32,3.90,OUT,支付宝小荷包(?聚会时刻),余额宝,支付宝小荷包-自动攒 - 转账红包,1202,2.0.0,0,2026-02-04 15:49:35,PARSED,3,2026-02-04 15:49:37,3,2026-02-04 15:49:37,0,支付宝红包
939,2,3,ALIPAY,PLATFORM_ORDER,1aa43f527fadb2a952ddab4fa613ef8b,"{""amount"": ""3.90"", ""remark"": """", ""tradeTime"": ""2025-02-15 09:34:26"", ""tradeStatus"": ""交易成功"", ""counterparty"": ""支付宝小荷包(?聚会时刻)"", ""tradeOrderNo"": ""20250215020070011520900027335144\t"", ""paymentMethod"": ""余额宝"", ""tradeCategory"": ""转账红包"", ""incomeOrExpense"": ""支出"", ""merchantOrderNo"": ""2024050100424002040078000942609620250215090000\t"", ""productDescription"": ""支付宝小荷包-自动攒"", ""counterpartyAccount"": ""/""}",20250215020070011520900027335144	,2025-02-15 09:34:26,3.90,OUT,支付宝小荷包(?聚会时刻),余额宝,支付宝小荷包-自动攒 - 转账红包,1202,2.0.0,0,2026-02-04 15:49:35,PARSED,3,2026-02-04 15:49:37,3,2026-02-04 15:49:37,0,支付宝红包
940,2,3,ALIPAY,PLATFORM_ORDER,434e6f3939fd6f6574d143530cc858b9,"{""amount"": ""814.58"", ""remark"": """", ""tradeTime"": ""2025-02-14 14:44:47"", ""tradeStatus"": ""交易成功"", ""counterparty"": ""众安在线财产保险股份有限公司"", ""tradeOrderNo"": ""20250214020070011550900019301979\t"", ""paymentMethod"": """", ""tradeCategory"": ""转账红包"", ""incomeOrExpense"": ""收入"", ""merchantOrderNo"": ""25021403546535\t"", ""productDescription"": ""转账"", ""counterpartyAccount"": ""/""}",20250214020070011550900019301979	,2025-02-14 14:44:47,814.58,IN,众安在线财产保险股份有限公司,null,转账 - 转账红包,3704,2.0.0,0,2026-02-04 15:49:35,PARSED,3,2026-02-04 15:49:37,3,2026-02-04 15:49:37,0,转账入账
941,2,3,ALIPAY,PLATFORM_ORDER,11af52de556fd95826671bbe0fe004f1,"{""amount"": ""3.90"", ""remark"": """", ""tradeTime"": ""2025-02-14 09:34:02"", ""tradeStatus"": ""交易成功"", ""counterparty"": ""支付宝小荷包(?聚会时刻)"", ""tradeOrderNo"": ""20250214020070011520900014919242\t"", ""paymentMethod"": ""余额宝"", ""tradeCategory"": ""转账红包"", ""incomeOrExpense"": ""支出"", ""merchantOrderNo"": ""2024050100424002040078000942609620250214090000\t"", ""productDescription"": ""支付宝小荷包-自动攒"", ""counterpartyAccount"": ""/""}",20250214020070011520900014919242	,2025-02-14 09:34:02,3.90,OUT,支付宝小荷包(?聚会时刻),余额宝,支付宝小荷包-自动攒 - 转账红包,1202,2.0.0,0,2026-02-04 15:49:35,PARSED,3,2026-02-04 15:49:37,3,2026-02-04 15:49:37,0,支付宝红包
942,2,3,ALIPAY,PLATFORM_ORDER,acd23114bb0cc1b5b529e068b240773e,"{""amount"": ""3.90"", ""remark"": """", ""tradeTime"": ""2025-02-13 09:34:04"", ""tradeStatus"": ""交易成功"", ""counterparty"": ""支付宝小荷包(?聚会时刻)"", ""tradeOrderNo"": ""20250213020070011520900005018197\t"", ""paymentMethod"": ""余额宝"", ""tradeCategory"": ""转账红包"", ""incomeOrExpense"": ""支出"", ""merchantOrderNo"": ""2024050100424002040078000942609620250213090000\t"", ""productDescription"": ""支付宝小荷包-自动攒"", ""counterpartyAccount"": ""/""}",20250213020070011520900005018197	,2025-02-13 09:34:04,3.90,OUT,支付宝小荷包(?聚会时刻),余额宝,支付宝小荷包-自动攒 - 转账红包,1202,2.0.0,0,2026-02-04 15:49:35,PARSED,3,2026-02-04 15:49:37,3,2026-02-04 15:49:37,0,支付宝红包
943,2,3,ALIPAY,PLATFORM_ORDER,7404c18cc585bd5451538790cee16f48,"{""amount"": ""3.90"", ""remark"": """", ""tradeTime"": ""2025-02-12 09:34:11"", ""tradeStatus"": ""交易成功"", ""counterparty"": ""支付宝小荷包(?聚会时刻)"", ""tradeOrderNo"": ""20250212020070011520900095382645\t"", ""paymentMethod"": ""余额宝"", ""tradeCategory"": ""转账红包"", ""incomeOrExpense"": ""支出"", ""merchantOrderNo"": ""2024050100424002040078000942609620250212090000\t"", ""productDescription"": ""支付宝小荷包-自动攒"", ""counterpartyAccount"": ""/""}",20250212020070011520900095382645	,2025-02-12 09:34:11,3.90,OUT,支付宝小荷包(?聚会时刻),余额宝,支付宝小荷包-自动攒 - 转账红包,1202,2.0.0,0,2026-02-04 15:49:35,PARSED,3,2026-02-04 15:49:37,3,2026-02-04 15:49:37,0,支付宝红包
944,2,3,ALIPAY,PLATFORM_ORDER,ebef7cc3a7521ef935ac835c572d2c3c,"{""amount"": ""36.73"", ""remark"": """", ""tradeTime"": ""2025-02-11 23:52:38"", ""tradeStatus"": ""交易成功"", ""counterparty"": ""ji**店"", ""tradeOrderNo"": ""2025021122001145901425151931\t"", ""paymentMethod"": ""花呗"", ""tradeCategory"": ""日用百货"", ""incomeOrExpense"": ""支出"", ""merchantOrderNo"": ""T200P4228703893714343545\t"", ""productDescription"": ""【活动价】杰士邦避孕套颗粒刺激阴蒂激情高潮超薄tt猫舌带刺正品安全旗舰店"", ""counterpartyAccount"": ""104***@qq.com""}",2025021122001145901425151931	,2025-02-11 23:52:38,36.73,OUT,ji**店,花呗,【活动价】杰士邦避孕套颗粒刺激阴蒂激情高潮超薄tt猫舌带刺正品安全旗舰店 - 日用百货,null,2.0.0,0,2026-02-04 15:49:35,PARSED,3,2026-02-04 15:49:37,3,2026-02-04 15:49:37,0,null
945,2,3,ALIPAY,PLATFORM_ORDER,d3a99144dc65f4de58a6a95bd5ae9e63,"{""amount"": ""199.84"", ""remark"": """", ""tradeTime"": ""2025-02-11 23:52:38"", ""tradeStatus"": ""交易关闭"", ""counterparty"": ""布琳**店"", ""tradeOrderNo"": ""2025021122001145901425361726\t"", ""paymentMethod"": ""花呗"", ""tradeCategory"": ""服饰装扮"", ""incomeOrExpense"": ""支出"", ""merchantOrderNo"": ""T200P4228703893715343545\t"", ""productDescription"": ""【活动价】布琳达秋冬窄版阔腿裤女2024新款卫裤加绒女裤宽松大码香蕉拖地裤"", ""counterpartyAccount"": ""bul***@163.com""}",2025021122001145901425361726	,2025-02-11 23:52:38,199.84,OUT,布琳**店,花呗,【活动价】布琳达秋冬窄版阔腿裤女2024新款卫裤加绒女裤宽松大码香蕉拖地裤 - 服饰装扮,1605,2.0.0,0,2026-02-04 15:49:35,PARSED,3,2026-02-04 15:49:37,3,2026-02-04 15:49:37,0,买菜原料
946,2,3,ALIPAY,PLATFORM_ORDER,7fe1fb0b504d7b0261a9573c12eacba2,"{""amount"": ""54.95"", ""remark"": """", ""tradeTime"": ""2025-02-11 12:14:56"", ""tradeStatus"": ""交易成功"", ""counterparty"": ""哲***活"", ""tradeOrderNo"": ""2025021122001145901421925420\t"", ""paymentMethod"": ""花呗&花呗立减"", ""tradeCategory"": ""日用百货"", ""incomeOrExpense"": ""支出"", ""merchantOrderNo"": ""T200P4228146074822343545\t"", ""productDescription"": ""闲置物品，洗鞋机，摇摇马，电动车，烘干机，滑滑梯等，自提。价"", ""counterpartyAccount"": ""189******65""}",2025021122001145901421925420	,2025-02-11 12:14:56,54.95,OUT,哲***活,花呗&花呗立减,闲置物品，洗鞋机，摇摇马，电动车，烘干机，滑滑梯等，自提。价 - 日用百货,1704,2.0.0,0,2026-02-04 15:49:35,PARSED,3,2026-02-04 15:49:37,3,2026-02-04 15:49:37,0,火车/高铁
947,2,3,ALIPAY,PLATFORM_ORDER,a4ee438bbfb7682b93f64572315373b6,"{""amount"": ""0.07"", ""remark"": """", ""tradeTime"": ""2025-02-11 11:10:18"", ""tradeStatus"": ""交易成功"", ""counterparty"": ""淘宝（中国）软件有限公司"", ""tradeOrderNo"": ""20250211020070011530900086995571\t"", ""paymentMethod"": """", ""tradeCategory"": ""转账红包"", ""incomeOrExpense"": ""收入"", ""merchantOrderNo"": ""FP301_6256013216180439\t"", ""productDescription"": ""淘宝签到提现"", ""counterpartyAccount"": ""/""}",20250211020070011530900086995571	,2025-02-11 11:10:18,0.07,IN,淘宝（中国）软件有限公司,null,淘宝签到提现 - 转账红包,1803,2.0.0,0,2026-02-04 15:49:35,PARSED,3,2026-02-04 15:49:37,3,2026-02-04 15:49:37,0,网购
948,2,3,ALIPAY,PLATFORM_ORDER,39bd84b4ef65fee81c3e2c2cc4ec5cdf,"{""amount"": ""3.90"", ""remark"": """", ""tradeTime"": ""2025-02-11 09:34:22"", ""tradeStatus"": ""交易成功"", ""counterparty"": ""支付宝小荷包(?聚会时刻)"", ""tradeOrderNo"": ""20250211020070011520900085611002\t"", ""paymentMethod"": ""余额宝"", ""tradeCategory"": ""转账红包"", ""incomeOrExpense"": ""支出"", ""merchantOrderNo"": ""2024050100424002040078000942609620250211090000\t"", ""productDescription"": ""支付宝小荷包-自动攒"", ""counterpartyAccount"": ""/""}",20250211020070011520900085611002	,2025-02-11 09:34:22,3.90,OUT,支付宝小荷包(?聚会时刻),余额宝,支付宝小荷包-自动攒 - 转账红包,1202,2.0.0,0,2026-02-04 15:49:35,PARSED,3,2026-02-04 15:49:37,3,2026-02-04 15:49:37,0,支付宝红包
949,2,3,ALIPAY,PLATFORM_ORDER,70d5a11bbad47518b15a11a46ed5b788,"{""amount"": ""28.71"", ""remark"": """", ""tradeTime"": ""2025-02-10 23:50:14"", ""tradeStatus"": ""交易成功"", ""counterparty"": ""百亿**选"", ""tradeOrderNo"": ""2025021022001145901421607915\t"", ""paymentMethod"": ""花呗&花呗立减"", ""tradeCategory"": ""餐饮美食"", ""incomeOrExpense"": ""支出"", ""merchantOrderNo"": ""T200P4227855375716343545\t"", ""productDescription"": ""今麦郎板面袋装整箱非油炸面特色安徽卤香牛肉面宿舍免煮速食快餐"", ""counterpartyAccount"": ""jin***@126.com""}",2025021022001145901421607915	,2025-02-10 23:50:14,28.71,OUT,百亿**选,花呗&花呗立减,今麦郎板面袋装整箱非油炸面特色安徽卤香牛肉面宿舍免煮速食快餐 - 餐饮美食,1601,2.0.0,0,2026-02-04 15:49:35,PARSED,3,2026-02-04 15:49:37,3,2026-02-04 15:49:37,0,三餐
950,2,3,ALIPAY,PLATFORM_ORDER,6d1b5f2b0a03a58918373bc44e1342ce,"{""amount"": ""202.96"", ""remark"": """", ""tradeTime"": ""2025-02-10 12:26:09"", ""tradeStatus"": ""交易成功"", ""counterparty"": ""****l"", ""tradeOrderNo"": ""2025021022001187961410091029\t"", ""paymentMethod"": """", ""tradeCategory"": ""收入"", ""incomeOrExpense"": ""收入"", ""merchantOrderNo"": ""T200P2463110437966713054\t"", ""productDescription"": ""天辣小馆-晶耀前滩 8.6折整单代下单，不限时段"", ""counterpartyAccount"": ""139******15""}",2025021022001187961410091029	,2025-02-10 12:26:09,202.96,IN,****l,null,天辣小馆-晶耀前滩 8.6折整单代下单，不限时段 - 收入,15,2.0.0,0,2026-02-04 15:49:35,PARSED,3,2026-02-04 15:49:37,3,2026-02-04 15:49:37,0,其他收入
951,2,3,ALIPAY,PLATFORM_ORDER,61b47201f1f9dcd7ce2cf8955221a40d,"{""amount"": ""3.90"", ""remark"": """", ""tradeTime"": ""2025-02-10 09:35:22"", ""tradeStatus"": ""交易成功"", ""counterparty"": ""支付宝小荷包(?聚会时刻)"", ""tradeOrderNo"": ""20250210020070011520900076468406\t"", ""paymentMethod"": ""余额宝"", ""tradeCategory"": ""转账红包"", ""incomeOrExpense"": ""支出"", ""merchantOrderNo"": ""2024050100424002040078000942609620250210090000\t"", ""productDescription"": ""支付宝小荷包-自动攒"", ""counterpartyAccount"": ""/""}",20250210020070011520900076468406	,2025-02-10 09:35:22,3.90,OUT,支付宝小荷包(?聚会时刻),余额宝,支付宝小荷包-自动攒 - 转账红包,1202,2.0.0,0,2026-02-04 15:49:35,PARSED,3,2026-02-04 15:49:37,3,2026-02-04 15:49:37,0,支付宝红包
952,2,3,ALIPAY,PLATFORM_ORDER,fcf00ce27ebdf11322c3db89bddc8a67,"{""amount"": ""3.90"", ""remark"": """", ""tradeTime"": ""2025-02-09 09:34:56"", ""tradeStatus"": ""交易成功"", ""counterparty"": ""支付宝小荷包(?聚会时刻)"", ""tradeOrderNo"": ""20250209020070011520900067324491\t"", ""paymentMethod"": ""余额宝"", ""tradeCategory"": ""转账红包"", ""incomeOrExpense"": ""支出"", ""merchantOrderNo"": ""2024050100424002040078000942609620250209090000\t"", ""productDescription"": ""支付宝小荷包-自动攒"", ""counterpartyAccount"": ""/""}",20250209020070011520900067324491	,2025-02-09 09:34:56,3.90,OUT,支付宝小荷包(?聚会时刻),余额宝,支付宝小荷包-自动攒 - 转账红包,1202,2.0.0,0,2026-02-04 15:49:35,PARSED,3,2026-02-04 15:49:37,3,2026-02-04 15:49:37,0,支付宝红包
953,2,3,ALIPAY,PLATFORM_ORDER,a8cb1e3b0dcb98c409e63096dcb3924d,"{""amount"": ""130.22"", ""remark"": """", ""tradeTime"": ""2025-02-08 22:02:59"", ""tradeStatus"": ""交易成功"", ""counterparty"": ""百亿**选"", ""tradeOrderNo"": ""2025020822001145901410662299\t"", ""paymentMethod"": ""宁波银行信用卡(4573)&宁波银行立减"", ""tradeCategory"": ""爱车养车"", ""incomeOrExpense"": ""支出"", ""merchantOrderNo"": ""T200P4225600371590343545\t"", ""productDescription"": ""野马头盔3C摩托车半盔四季防晒男女通用电动车冬季骑行保暖安全帽"", ""counterpartyAccount"": ""dec***@163.com""}",2025020822001145901410662299	,2025-02-08 22:02:59,130.22,OUT,百亿**选,4573,野马头盔3C摩托车半盔四季防晒男女通用电动车冬季骑行保暖安全帽 - 爱车养车,1704,2.0.0,0,2026-02-04 15:49:35,PARSED,3,2026-02-04 15:49:38,3,2026-02-04 15:49:38,0,火车/高铁
954,2,3,ALIPAY,PLATFORM_ORDER,bd442953318d31362868341f83e94d58,"{""amount"": ""627.23"", ""remark"": """", ""tradeTime"": ""2025-02-08 15:43:34"", ""tradeStatus"": ""交易成功"", ""counterparty"": ""众安在线财产保险股份有限公司"", ""tradeOrderNo"": ""20250208020070011550900061905198\t"", ""paymentMethod"": """", ""tradeCategory"": ""转账红包"", ""incomeOrExpense"": ""收入"", ""merchantOrderNo"": ""25020803125108\t"", ""productDescription"": ""转账"", ""counterpartyAccount"": ""/""}",20250208020070011550900061905198	,2025-02-08 15:43:34,627.23,IN,众安在线财产保险股份有限公司,null,转账 - 转账红包,3704,2.0.0,0,2026-02-04 15:49:35,PARSED,3,2026-02-04 15:49:38,3,2026-02-04 15:49:38,0,转账入账
955,2,3,ALIPAY,PLATFORM_ORDER,9c1e8cab0a342db1b4bf0d6d4d3ba124,"{""amount"": ""3.90"", ""remark"": """", ""tradeTime"": ""2025-02-08 09:34:40"", ""tradeStatus"": ""交易成功"", ""counterparty"": ""支付宝小荷包(?聚会时刻)"", ""tradeOrderNo"": ""20250208020070011520900057742551\t"", ""paymentMethod"": ""余额宝"", ""tradeCategory"": ""转账红包"", ""incomeOrExpense"": ""支出"", ""merchantOrderNo"": ""2024050100424002040078000942609620250208090000\t"", ""productDescription"": ""支付宝小荷包-自动攒"", ""counterpartyAccount"": ""/""}",20250208020070011520900057742551	,2025-02-08 09:34:40,3.90,OUT,支付宝小荷包(?聚会时刻),余额宝,支付宝小荷包-自动攒 - 转账红包,1202,2.0.0,0,2026-02-04 15:49:35,PARSED,3,2026-02-04 15:49:38,3,2026-02-04 15:49:38,0,支付宝红包
956,2,3,ALIPAY,PLATFORM_ORDER,99c53647c22bba1b2a7d8f5e8a746d80,"{""amount"": ""45.48"", ""remark"": """", ""tradeTime"": ""2025-02-07 15:57:07"", ""tradeStatus"": ""交易成功"", ""counterparty"": ""叮叮**园"", ""tradeOrderNo"": ""2025020722001145901405427358\t"", ""paymentMethod"": ""花呗&花呗立减"", ""tradeCategory"": ""文化休闲"", ""incomeOrExpense"": ""支出"", ""merchantOrderNo"": ""T200P4224052262505343545\t"", ""productDescription"": ""儿童元宵节手提灯笼2025新款宝宝发光音乐舞狮玩具男女孩新年礼物"", ""counterpartyAccount"": ""134******19""}",2025020722001145901405427358	,2025-02-07 15:57:07,45.48,OUT,叮叮**园,花呗&花呗立减,儿童元宵节手提灯笼2025新款宝宝发光音乐舞狮玩具男女孩新年礼物 - 文化休闲,null,2.0.0,0,2026-02-04 15:49:35,PARSED,3,2026-02-04 15:49:38,3,2026-02-04 15:49:38,0,null
957,2,3,ALIPAY,PLATFORM_ORDER,ca4a663632e1a559210cfb8bb122e1f5,"{""amount"": ""52.69"", ""remark"": """", ""tradeTime"": ""2025-02-07 14:56:50"", ""tradeStatus"": ""交易成功"", ""counterparty"": ""sl**6"", ""tradeOrderNo"": ""2025020722001145901406415871\t"", ""paymentMethod"": ""宁波银行信用卡(4573)&宁波银行立减"", ""tradeCategory"": ""文化休闲"", ""incomeOrExpense"": ""支出"", ""merchantOrderNo"": ""T200P4224036423942343545\t"", ""productDescription"": ""新年灯笼新款2025过年蛇年春节元宵节儿童手提小孩玩具带音乐卡通"", ""counterpartyAccount"": ""137******86""}",2025020722001145901406415871	,2025-02-07 14:56:50,52.69,OUT,sl**6,4573,新年灯笼新款2025过年蛇年春节元宵节儿童手提小孩玩具带音乐卡通 - 文化休闲,null,2.0.0,0,2026-02-04 15:49:35,PARSED,3,2026-02-04 15:49:38,3,2026-02-04 15:49:38,0,null
958,2,3,ALIPAY,PLATFORM_ORDER,a56adc6eff9d59a3a598f761b8e1c618,"{""amount"": ""3.90"", ""remark"": """", ""tradeTime"": ""2025-02-07 09:34:54"", ""tradeStatus"": ""交易成功"", ""counterparty"": ""支付宝小荷包(?聚会时刻)"", ""tradeOrderNo"": ""20250207020070011520900049007708\t"", ""paymentMethod"": ""余额宝"", ""tradeCategory"": ""转账红包"", ""incomeOrExpense"": ""支出"", ""merchantOrderNo"": ""2024050100424002040078000942609620250207090000\t"", ""productDescription"": ""支付宝小荷包-自动攒"", ""counterpartyAccount"": ""/""}",20250207020070011520900049007708	,2025-02-07 09:34:54,3.90,OUT,支付宝小荷包(?聚会时刻),余额宝,支付宝小荷包-自动攒 - 转账红包,1202,2.0.0,0,2026-02-04 15:49:35,PARSED,3,2026-02-04 15:49:38,3,2026-02-04 15:49:38,0,支付宝红包
959,2,3,ALIPAY,PLATFORM_ORDER,3ef00fdc6e88a2cf943ebd9cc11ea9a3,"{""amount"": ""325.00"", ""remark"": """", ""tradeTime"": ""2025-02-06 12:12:19"", ""tradeStatus"": ""交易成功"", ""counterparty"": ""众安在线财产保险股份有限公司"", ""tradeOrderNo"": ""20250206020070011540900041470135\t"", ""paymentMethod"": """", ""tradeCategory"": ""转账红包"", ""incomeOrExpense"": ""收入"", ""merchantOrderNo"": ""25020602936315\t"", ""productDescription"": ""转账"", ""counterpartyAccount"": ""/""}",20250206020070011540900041470135	,2025-02-06 12:12:19,325.00,IN,众安在线财产保险股份有限公司,null,转账 - 转账红包,3704,2.0.0,0,2026-02-04 15:49:35,PARSED,3,2026-02-04 15:49:38,3,2026-02-04 15:49:38,0,转账入账
960,2,3,ALIPAY,PLATFORM_ORDER,5acc92f1526aedf70415f3e5b431d136,"{""amount"": ""3.90"", ""remark"": """", ""tradeTime"": ""2025-02-06 09:35:09"", ""tradeStatus"": ""交易成功"", ""counterparty"": ""支付宝小荷包(?聚会时刻)"", ""tradeOrderNo"": ""20250206020070011520900039799758\t"", ""paymentMethod"": ""余额宝"", ""tradeCategory"": ""转账红包"", ""incomeOrExpense"": ""支出"", ""merchantOrderNo"": ""2024050100424002040078000942609620250206090000\t"", ""productDescription"": ""支付宝小荷包-自动攒"", ""counterpartyAccount"": ""/""}",20250206020070011520900039799758	,2025-02-06 09:35:09,3.90,OUT,支付宝小荷包(?聚会时刻),余额宝,支付宝小荷包-自动攒 - 转账红包,1202,2.0.0,0,2026-02-04 15:49:35,PARSED,3,2026-02-04 15:49:38,3,2026-02-04 15:49:38,0,支付宝红包
961,2,3,ALIPAY,PLATFORM_ORDER,307db2ae7790b030dcb07739800a1c8b,"{""amount"": ""3.90"", ""remark"": """", ""tradeTime"": ""2025-02-05 09:35:16"", ""tradeStatus"": ""交易成功"", ""counterparty"": ""支付宝小荷包(?聚会时刻)"", ""tradeOrderNo"": ""20250205020070011520900031376709\t"", ""paymentMethod"": ""余额宝"", ""tradeCategory"": ""转账红包"", ""incomeOrExpense"": ""支出"", ""merchantOrderNo"": ""2024050100424002040078000942609620250205090000\t"", ""productDescription"": ""支付宝小荷包-自动攒"", ""counterpartyAccount"": ""/""}",20250205020070011520900031376709	,2025-02-05 09:35:16,3.90,OUT,支付宝小荷包(?聚会时刻),余额宝,支付宝小荷包-自动攒 - 转账红包,1202,2.0.0,0,2026-02-04 15:49:35,PARSED,3,2026-02-04 15:49:38,3,2026-02-04 15:49:38,0,支付宝红包
962,2,3,ALIPAY,PLATFORM_ORDER,93260c8dfaa5bd905bff50ce77880148,"{""amount"": ""0.00"", ""remark"": """", ""tradeTime"": ""2025-02-04 13:08:40"", ""tradeStatus"": ""交易成功"", ""counterparty"": ""上海盒马"", ""tradeOrderNo"": ""2025020422001145901455527391\t"", ""paymentMethod"": """", ""tradeCategory"": ""日用百货"", ""incomeOrExpense"": ""支出"", ""merchantOrderNo"": ""T200P4220468785720343545\t"", ""productDescription"": ""NB 优级火腿肠 60g*10等多件"", ""counterpartyAccount"": ""shh***@163.com""}",2025020422001145901455527391	,2025-02-04 13:08:40,0.00,OUT,上海盒马,null,NB 优级火腿肠 60g*10等多件 - 日用百货,1801,2.0.0,0,2026-02-04 15:49:35,PARSED,3,2026-02-04 15:49:38,3,2026-02-04 15:49:38,0,超市
963,2,3,ALIPAY,PLATFORM_ORDER,b3f7f93ccc41582adf30ac09fbf382b8,"{""amount"": ""0.00"", ""remark"": """", ""tradeTime"": ""2025-02-04 13:08:40"", ""tradeStatus"": ""交易成功"", ""counterparty"": ""上海盒马"", ""tradeOrderNo"": ""2025020422001145901455973741\t"", ""paymentMethod"": """", ""tradeCategory"": ""日用百货"", ""incomeOrExpense"": ""支出"", ""merchantOrderNo"": ""T200P4220468785724343545\t"", ""productDescription"": ""盒马平台配送费"", ""counterpartyAccount"": ""shh***@163.com""}",2025020422001145901455973741	,2025-02-04 13:08:40,0.00,OUT,上海盒马,null,盒马平台配送费 - 日用百货,1801,2.0.0,0,2026-02-04 15:49:35,PARSED,3,2026-02-04 15:49:38,3,2026-02-04 15:49:38,0,超市
964,2,3,ALIPAY,PLATFORM_ORDER,b384bba8259ebd6631a4f86e174ed05d,"{""amount"": ""50.69"", ""remark"": """", ""tradeTime"": ""2025-02-04 13:08:02"", ""tradeStatus"": ""交易成功"", ""counterparty"": ""淘宝闪购"", ""tradeOrderNo"": ""2025020422001145901456353496\t"", ""paymentMethod"": ""宁波银行信用卡(4573)&宁波银行立减"", ""tradeCategory"": ""其他"", ""incomeOrExpense"": ""支出"", ""merchantOrderNo"": ""13130600725020415311133796052\t"", ""productDescription"": ""叮咚买菜(华漕站)"", ""counterpartyAccount"": ""ele***@service.aliyun.com""}",2025020422001145901456353496	,2025-02-04 13:08:02,50.69,OUT,淘宝闪购,4573,叮咚买菜(华漕站) - 其他,1605,2.0.0,0,2026-02-04 15:49:35,PARSED,3,2026-02-04 15:49:38,3,2026-02-04 15:49:38,0,买菜原料
965,2,3,ALIPAY,PLATFORM_ORDER,bfc63bd6c5bca2d2b0d0052cdcfc0beb,"{""amount"": ""3.90"", ""remark"": """", ""tradeTime"": ""2025-02-04 09:35:18"", ""tradeStatus"": ""交易成功"", ""counterparty"": ""支付宝小荷包(?聚会时刻)"", ""tradeOrderNo"": ""20250204020070011520900023645960\t"", ""paymentMethod"": ""余额宝"", ""tradeCategory"": ""转账红包"", ""incomeOrExpense"": ""支出"", ""merchantOrderNo"": ""2024050100424002040078000942609620250204090000\t"", ""productDescription"": ""支付宝小荷包-自动攒"", ""counterpartyAccount"": ""/""}",20250204020070011520900023645960	,2025-02-04 09:35:18,3.90,OUT,支付宝小荷包(?聚会时刻),余额宝,支付宝小荷包-自动攒 - 转账红包,1202,2.0.0,0,2026-02-04 15:49:35,PARSED,3,2026-02-04 15:49:38,3,2026-02-04 15:49:38,0,支付宝红包
966,2,3,ALIPAY,PLATFORM_ORDER,0eb7baacfe6bd75e4dd3758157b22818,"{""amount"": ""22.35"", ""remark"": """", ""tradeTime"": ""2025-02-03 20:10:44"", ""tradeStatus"": ""交易成功"", ""counterparty"": ""滴滴出行"", ""tradeOrderNo"": ""2025020323001445901451079926\t"", ""paymentMethod"": ""宁波银行信用卡(4573)"", ""tradeCategory"": ""交通出行"", ""incomeOrExpense"": ""支出"", ""merchantOrderNo"": ""210_202502033729263501854447\t"", ""productDescription"": ""滴滴快车-何师傅-02月03日行程"", ""counterpartyAccount"": ""chu***@didichuxing.com""}",2025020323001445901451079926	,2025-02-03 20:10:44,22.35,OUT,滴滴出行,4573,滴滴快车-何师傅-02月03日行程 - 交通出行,1703,2.0.0,0,2026-02-04 15:49:35,PARSED,3,2026-02-04 15:49:38,3,2026-02-04 15:49:38,0,网约车
967,2,3,ALIPAY,PLATFORM_ORDER,2a48bdfc19f57b4b471a3689e1dd595a,"{""amount"": ""3.90"", ""remark"": """", ""tradeTime"": ""2025-02-03 09:36:15"", ""tradeStatus"": ""交易成功"", ""counterparty"": ""支付宝小荷包(?聚会时刻)"", ""tradeOrderNo"": ""20250203020070011520900016870531\t"", ""paymentMethod"": ""余额宝"", ""tradeCategory"": ""转账红包"", ""incomeOrExpense"": ""支出"", ""merchantOrderNo"": ""2024050100424002040078000942609620250203090000\t"", ""productDescription"": ""支付宝小荷包-自动攒"", ""counterpartyAccount"": ""/""}",20250203020070011520900016870531	,2025-02-03 09:36:15,3.90,OUT,支付宝小荷包(?聚会时刻),余额宝,支付宝小荷包-自动攒 - 转账红包,1202,2.0.0,0,2026-02-04 15:49:35,PARSED,3,2026-02-04 15:49:38,3,2026-02-04 15:49:38,0,支付宝红包
968,2,3,ALIPAY,PLATFORM_ORDER,9fa537b3eb3e819976f4830a58642e77,"{""amount"": ""3.90"", ""remark"": """", ""tradeTime"": ""2025-02-02 09:36:22"", ""tradeStatus"": ""交易成功"", ""counterparty"": ""支付宝小荷包(?聚会时刻)"", ""tradeOrderNo"": ""20250202020070011520900010562510\t"", ""paymentMethod"": ""余额宝"", ""tradeCategory"": ""转账红包"", ""incomeOrExpense"": ""支出"", ""merchantOrderNo"": ""2024050100424002040078000942609620250202090000\t"", ""productDescription"": ""支付宝小荷包-自动攒"", ""counterpartyAccount"": ""/""}",20250202020070011520900010562510	,2025-02-02 09:36:22,3.90,OUT,支付宝小荷包(?聚会时刻),余额宝,支付宝小荷包-自动攒 - 转账红包,1202,2.0.0,0,2026-02-04 15:49:35,PARSED,3,2026-02-04 15:49:38,3,2026-02-04 15:49:38,0,支付宝红包
969,2,3,ALIPAY,PLATFORM_ORDER,bb6fe23dd8478a2bfedf5a2691fbe039,"{""amount"": ""3.90"", ""remark"": """", ""tradeTime"": ""2025-02-01 09:37:20"", ""tradeStatus"": ""交易成功"", ""counterparty"": ""支付宝小荷包(?聚会时刻)"", ""tradeOrderNo"": ""20250201020070011520900003813050\t"", ""paymentMethod"": ""余额宝"", ""tradeCategory"": ""转账红包"", ""incomeOrExpense"": ""支出"", ""merchantOrderNo"": ""2024050100424002040078000942609620250201090000\t"", ""productDescription"": ""支付宝小荷包-自动攒"", ""counterpartyAccount"": ""/""}",20250201020070011520900003813050	,2025-02-01 09:37:20,3.90,OUT,支付宝小荷包(?聚会时刻),余额宝,支付宝小荷包-自动攒 - 转账红包,1202,2.0.0,0,2026-02-04 15:49:35,PARSED,3,2026-02-04 15:49:38,3,2026-02-04 15:49:38,0,支付宝红包
970,2,3,ALIPAY,PLATFORM_ORDER,df46ac052824fd2115a6392b0e82bc4a,"{""amount"": ""3.90"", ""remark"": """", ""tradeTime"": ""2025-01-31 09:36:18"", ""tradeStatus"": ""交易成功"", ""counterparty"": ""支付宝小荷包(?聚会时刻)"", ""tradeOrderNo"": ""20250131020070011520900097034623\t"", ""paymentMethod"": ""余额宝"", ""tradeCategory"": ""转账红包"", ""incomeOrExpense"": ""支出"", ""merchantOrderNo"": ""2024050100424002040078000942609620250131090000\t"", ""productDescription"": ""支付宝小荷包-自动攒"", ""counterpartyAccount"": ""/""}",20250131020070011520900097034623	,2025-01-31 09:36:18,3.90,OUT,支付宝小荷包(?聚会时刻),余额宝,支付宝小荷包-自动攒 - 转账红包,1202,2.0.0,0,2026-02-04 15:49:35,PARSED,3,2026-02-04 15:49:38,3,2026-02-04 15:49:38,0,支付宝红包
971,2,3,ALIPAY,PLATFORM_ORDER,0cecc7a214e5a40fc5ee952630dab618,"{""amount"": ""3.90"", ""remark"": """", ""tradeTime"": ""2025-01-30 09:36:29"", ""tradeStatus"": ""交易成功"", ""counterparty"": ""支付宝小荷包(?聚会时刻)"", ""tradeOrderNo"": ""20250130020070011520900090279416\t"", ""paymentMethod"": ""余额宝"", ""tradeCategory"": ""转账红包"", ""incomeOrExpense"": ""支出"", ""merchantOrderNo"": ""2024050100424002040078000942609620250130090000\t"", ""productDescription"": ""支付宝小荷包-自动攒"", ""counterpartyAccount"": ""/""}",20250130020070011520900090279416	,2025-01-30 09:36:29,3.90,OUT,支付宝小荷包(?聚会时刻),余额宝,支付宝小荷包-自动攒 - 转账红包,1202,2.0.0,0,2026-02-04 15:49:35,PARSED,3,2026-02-04 15:49:38,3,2026-02-04 15:49:38,0,支付宝红包
972,2,3,ALIPAY,PLATFORM_ORDER,f6513ad96a035f2a8ec35a1bfd5ad4a7,"{""amount"": ""3.90"", ""remark"": """", ""tradeTime"": ""2025-01-29 09:36:49"", ""tradeStatus"": ""交易成功"", ""counterparty"": ""支付宝小荷包(?聚会时刻)"", ""tradeOrderNo"": ""20250129020070011520900083263063\t"", ""paymentMethod"": ""余额宝"", ""tradeCategory"": ""转账红包"", ""incomeOrExpense"": ""支出"", ""merchantOrderNo"": ""2024050100424002040078000942609620250129090000\t"", ""productDescription"": ""支付宝小荷包-自动攒"", ""counterpartyAccount"": ""/""}",20250129020070011520900083263063	,2025-01-29 09:36:49,3.90,OUT,支付宝小荷包(?聚会时刻),余额宝,支付宝小荷包-自动攒 - 转账红包,1202,2.0.0,0,2026-02-04 15:49:35,PARSED,3,2026-02-04 15:49:38,3,2026-02-04 15:49:38,0,支付宝红包
973,2,3,ALIPAY,PLATFORM_ORDER,f7b551836abdc5582ebf51ffb0de2563,"{""amount"": ""0.01"", ""remark"": """", ""tradeTime"": ""2025-01-28 20:14:02"", ""tradeStatus"": ""交易成功"", ""counterparty"": ""广州吱驿网络技术有限公司"", ""tradeOrderNo"": ""20250128110070001506900027697884\t"", ""paymentMethod"": """", ""tradeCategory"": ""转账红包"", ""incomeOrExpense"": ""收入"", ""merchantOrderNo"": ""20250128002161010000905745341265_PZ1732822674\t"", ""productDescription"": ""蚂蚁森林-光伏治沙现金奖励"", ""counterpartyAccount"": ""/""}",20250128110070001506900027697884	,2025-01-28 20:14:02,0.01,IN,广州吱驿网络技术有限公司,null,蚂蚁森林-光伏治沙现金奖励 - 转账红包,3202,2.0.0,0,2026-02-04 15:49:35,PARSED,3,2026-02-04 15:49:38,3,2026-02-04 15:49:38,0,现金⇄银行卡
974,2,3,ALIPAY,PLATFORM_ORDER,1cf54dd7cb9feed31f5f574ce06f523f,"{""amount"": ""0.03"", ""remark"": """", ""tradeTime"": ""2025-01-28 20:13:46"", ""tradeStatus"": ""交易成功"", ""counterparty"": ""广州吱驿网络技术有限公司"", ""tradeOrderNo"": ""20250128110070001506900027624481\t"", ""paymentMethod"": """", ""tradeCategory"": ""转账红包"", ""incomeOrExpense"": ""收入"", ""merchantOrderNo"": ""20250128002161010000905746973428_PZ1432822699\t"", ""productDescription"": ""蚂蚁森林-光伏治沙现金奖励"", ""counterpartyAccount"": ""/""}",20250128110070001506900027624481	,2025-01-28 20:13:46,0.03,IN,广州吱驿网络技术有限公司,null,蚂蚁森林-光伏治沙现金奖励 - 转账红包,3202,2.0.0,0,2026-02-04 15:49:35,PARSED,3,2026-02-04 15:49:38,3,2026-02-04 15:49:38,0,现金⇄银行卡
975,2,3,ALIPAY,PLATFORM_ORDER,ebcdb33c3b03718b2c0a837842767e34,"{""amount"": ""1.26"", ""remark"": """", ""tradeTime"": ""2025-01-28 19:42:07"", ""tradeStatus"": ""交易成功"", ""counterparty"": ""支付宝五福的红包"", ""tradeOrderNo"": ""20250128002161010000905746394096_PZ1332926188\t"", ""paymentMethod"": """", ""tradeCategory"": ""收入"", ""incomeOrExpense"": ""收入"", ""merchantOrderNo"": ""\t"", ""productDescription"": ""收到支付宝五福的红包"", ""counterpartyAccount"": ""/""}",20250128002161010000905746394096_PZ1332926188	,2025-01-28 19:42:07,1.26,IN,支付宝五福的红包,null,收到支付宝五福的红包 - 收入,1202,2.0.0,0,2026-02-04 15:49:35,PARSED,3,2026-02-04 15:49:38,3,2026-02-04 15:49:38,0,支付宝红包
976,2,3,ALIPAY,PLATFORM_ORDER,44e3a44a09337b3456d2354134d185bd,"{""amount"": ""0.99"", ""remark"": """", ""tradeTime"": ""2025-01-28 19:41:06"", ""tradeStatus"": ""交易成功"", ""counterparty"": ""支付宝五福的红包"", ""tradeOrderNo"": ""20250128002161010000905746458896_PZ1332919833\t"", ""paymentMethod"": """", ""tradeCategory"": ""收入"", ""incomeOrExpense"": ""收入"", ""merchantOrderNo"": ""\t"", ""productDescription"": ""收到支付宝五福的红包"", ""counterpartyAccount"": ""/""}",20250128002161010000905746458896_PZ1332919833	,2025-01-28 19:41:06,0.99,IN,支付宝五福的红包,null,收到支付宝五福的红包 - 收入,1202,2.0.0,0,2026-02-04 15:49:35,PARSED,3,2026-02-04 15:49:38,3,2026-02-04 15:49:38,0,支付宝红包
977,2,3,ALIPAY,PLATFORM_ORDER,5626e04a6980fe64c168536619433921,"{""amount"": ""3.90"", ""remark"": """", ""tradeTime"": ""2025-01-28 09:37:57"", ""tradeStatus"": ""交易成功"", ""counterparty"": ""支付宝小荷包(?聚会时刻)"", ""tradeOrderNo"": ""20250128020070011520900076945288\t"", ""paymentMethod"": ""余额宝"", ""tradeCategory"": ""转账红包"", ""incomeOrExpense"": ""支出"", ""merchantOrderNo"": ""2024050100424002040078000942609620250128090000\t"", ""productDescription"": ""支付宝小荷包-自动攒"", ""counterpartyAccount"": ""/""}",20250128020070011520900076945288	,2025-01-28 09:37:57,3.90,OUT,支付宝小荷包(?聚会时刻),余额宝,支付宝小荷包-自动攒 - 转账红包,1202,2.0.0,0,2026-02-04 15:49:35,PARSED,3,2026-02-04 15:49:38,3,2026-02-04 15:49:38,0,支付宝红包
978,2,3,ALIPAY,PLATFORM_ORDER,3067467bff88f55f855e3178e9c119f0,"{""amount"": ""131.75"", ""remark"": """", ""tradeTime"": ""2025-01-27 14:32:10"", ""tradeStatus"": ""交易成功"", ""counterparty"": ""哈啰出行"", ""tradeOrderNo"": ""2025012722001445901429480886\t"", ""paymentMethod"": ""宁波银行信用卡(4573)&宁波银行立减"", ""tradeCategory"": ""交通出行"", ""incomeOrExpense"": ""支出"", ""merchantOrderNo"": ""CPR250127143209016224519172O\t"", ""productDescription"": ""网约车顺风车先乘后付"", ""counterpartyAccount"": ""zij***@hellobike.com""}",2025012722001445901429480886	,2025-01-27 14:32:10,131.75,OUT,哈啰出行,4573,网约车顺风车先乘后付 - 交通出行,1703,2.0.0,0,2026-02-04 15:49:35,PARSED,3,2026-02-04 15:49:38,3,2026-02-04 15:49:38,0,网约车
979,2,3,ALIPAY,PLATFORM_ORDER,7b13b9b845fd9ec30f07575b9f825018,"{""amount"": ""3.90"", ""remark"": """", ""tradeTime"": ""2025-01-27 09:38:22"", ""tradeStatus"": ""交易成功"", ""counterparty"": ""支付宝小荷包(?聚会时刻)"", ""tradeOrderNo"": ""20250127020070011520900069262968\t"", ""paymentMethod"": ""余额宝"", ""tradeCategory"": ""转账红包"", ""incomeOrExpense"": ""支出"", ""merchantOrderNo"": ""2024050100424002040078000942609620250127090000\t"", ""productDescription"": ""支付宝小荷包-自动攒"", ""counterpartyAccount"": ""/""}",20250127020070011520900069262968	,2025-01-27 09:38:22,3.90,OUT,支付宝小荷包(?聚会时刻),余额宝,支付宝小荷包-自动攒 - 转账红包,1202,2.0.0,0,2026-02-04 15:49:35,PARSED,3,2026-02-04 15:49:38,3,2026-02-04 15:49:38,0,支付宝红包
980,2,3,ALIPAY,PLATFORM_ORDER,69a97fba89bd320840290f83d739be8a,"{""amount"": ""41.33"", ""remark"": """", ""tradeTime"": ""2025-01-26 23:15:18"", ""tradeStatus"": ""交易成功"", ""counterparty"": ""滴滴出行"", ""tradeOrderNo"": ""2025012623001445901424799443\t"", ""paymentMethod"": ""宁波银行信用卡(4573)&宁波银行立减"", ""tradeCategory"": ""交通出行"", ""incomeOrExpense"": ""支出"", ""merchantOrderNo"": ""212_202501268247970301259032\t"", ""productDescription"": ""特惠快车-陈师傅-01月26日行程"", ""counterpartyAccount"": ""chu***@didichuxing.com""}",2025012623001445901424799443	,2025-01-26 23:15:18,41.33,OUT,滴滴出行,4573,特惠快车-陈师傅-01月26日行程 - 交通出行,1703,2.0.0,0,2026-02-04 15:49:35,PARSED,3,2026-02-04 15:49:38,3,2026-02-04 15:49:38,0,网约车
981,2,3,ALIPAY,PLATFORM_ORDER,40b43dc7299182238d2af1dbdb65f2f4,"{""amount"": ""15.79"", ""remark"": """", ""tradeTime"": ""2025-01-26 11:05:47"", ""tradeStatus"": ""交易成功"", ""counterparty"": ""滴滴出行"", ""tradeOrderNo"": ""2025012623001445901424848275\t"", ""paymentMethod"": ""宁波银行信用卡(4573)&宁波银行立减"", ""tradeCategory"": ""交通出行"", ""incomeOrExpense"": ""支出"", ""merchantOrderNo"": ""210_202501268247298901367126\t"", ""productDescription"": ""滴滴快车-王师傅-01月26日行程"", ""counterpartyAccount"": ""chu***@didichuxing.com""}",2025012623001445901424848275	,2025-01-26 11:05:47,15.79,OUT,滴滴出行,4573,滴滴快车-王师傅-01月26日行程 - 交通出行,1703,2.0.0,0,2026-02-04 15:49:35,PARSED,3,2026-02-04 15:49:38,3,2026-02-04 15:49:38,0,网约车
982,2,3,ALIPAY,PLATFORM_ORDER,49dfa98760b04381645b2baeae8d4bd9,"{""amount"": ""3.90"", ""remark"": """", ""tradeTime"": ""2025-01-26 09:38:17"", ""tradeStatus"": ""交易成功"", ""counterparty"": ""支付宝小荷包(?聚会时刻)"", ""tradeOrderNo"": ""20250126020070011520900060876048\t"", ""paymentMethod"": ""余额宝"", ""tradeCategory"": ""转账红包"", ""incomeOrExpense"": ""支出"", ""merchantOrderNo"": ""2024050100424002040078000942609620250126090000\t"", ""productDescription"": ""支付宝小荷包-自动攒"", ""counterpartyAccount"": ""/""}",20250126020070011520900060876048	,2025-01-26 09:38:17,3.90,OUT,支付宝小荷包(?聚会时刻),余额宝,支付宝小荷包-自动攒 - 转账红包,1202,2.0.0,0,2026-02-04 15:49:35,PARSED,3,2026-02-04 15:49:38,3,2026-02-04 15:49:38,0,支付宝红包
983,2,3,ALIPAY,PLATFORM_ORDER,06a85fd8fc5a20022fa1fc0613f6f190,"{""amount"": ""3.90"", ""remark"": """", ""tradeTime"": ""2025-01-25 09:38:08"", ""tradeStatus"": ""交易成功"", ""counterparty"": ""支付宝小荷包(?聚会时刻)"", ""tradeOrderNo"": ""20250125020070011520900051914272\t"", ""paymentMethod"": ""余额宝"", ""tradeCategory"": ""转账红包"", ""incomeOrExpense"": ""支出"", ""merchantOrderNo"": ""2024050100424002040078000942609620250125090000\t"", ""productDescription"": ""支付宝小荷包-自动攒"", ""counterpartyAccount"": ""/""}",20250125020070011520900051914272	,2025-01-25 09:38:08,3.90,OUT,支付宝小荷包(?聚会时刻),余额宝,支付宝小荷包-自动攒 - 转账红包,1202,2.0.0,0,2026-02-04 15:49:35,PARSED,3,2026-02-04 15:49:38,3,2026-02-04 15:49:38,0,支付宝红包
984,2,3,ALIPAY,PLATFORM_ORDER,6b953b4818f4c4099d5c1b518e298ad5,"{""amount"": ""3.90"", ""remark"": """", ""tradeTime"": ""2025-01-24 09:38:09"", ""tradeStatus"": ""交易成功"", ""counterparty"": ""支付宝小荷包(?聚会时刻)"", ""tradeOrderNo"": ""20250124020070011520900042341821\t"", ""paymentMethod"": ""余额宝"", ""tradeCategory"": ""转账红包"", ""incomeOrExpense"": ""支出"", ""merchantOrderNo"": ""2024050100424002040078000942609620250124090000\t"", ""productDescription"": ""支付宝小荷包-自动攒"", ""counterpartyAccount"": ""/""}",20250124020070011520900042341821	,2025-01-24 09:38:09,3.90,OUT,支付宝小荷包(?聚会时刻),余额宝,支付宝小荷包-自动攒 - 转账红包,1202,2.0.0,0,2026-02-04 15:49:35,PARSED,3,2026-02-04 15:49:38,3,2026-02-04 15:49:38,0,支付宝红包
985,2,3,ALIPAY,PLATFORM_ORDER,6adc4407a50b2c7096059da7a4ab4d60,"{""amount"": ""40.28"", ""remark"": """", ""tradeTime"": ""2025-01-23 13:11:33"", ""tradeStatus"": ""交易成功"", ""counterparty"": ""高德打车"", ""tradeOrderNo"": ""2025012322001445901417102087\t"", ""paymentMethod"": ""宁波银行信用卡(4573)&宁波银行立减"", ""tradeCategory"": ""交通出行"", ""incomeOrExpense"": ""支出"", ""merchantOrderNo"": ""0001N202501230000000009495432301\t"", ""productDescription"": ""高德打车订单"", ""counterpartyAccount"": ""aut***@autonavi.com""}",2025012322001445901417102087	,2025-01-23 13:11:33,40.28,OUT,高德打车,4573,高德打车订单 - 交通出行,1703,2.0.0,0,2026-02-04 15:49:35,PARSED,3,2026-02-04 15:49:38,3,2026-02-04 15:49:38,0,网约车
986,2,3,ALIPAY,PLATFORM_ORDER,0b3e33febea4f4771c060b39fb19b8df,"{""amount"": ""3.90"", ""remark"": """", ""tradeTime"": ""2025-01-23 09:38:09"", ""tradeStatus"": ""交易成功"", ""counterparty"": ""支付宝小荷包(?聚会时刻)"", ""tradeOrderNo"": ""20250123020070011520900032272919\t"", ""paymentMethod"": ""余额宝"", ""tradeCategory"": ""转账红包"", ""incomeOrExpense"": ""支出"", ""merchantOrderNo"": ""2024050100424002040078000942609620250123090000\t"", ""productDescription"": ""支付宝小荷包-自动攒"", ""counterpartyAccount"": ""/""}",20250123020070011520900032272919	,2025-01-23 09:38:09,3.90,OUT,支付宝小荷包(?聚会时刻),余额宝,支付宝小荷包-自动攒 - 转账红包,1202,2.0.0,0,2026-02-04 15:49:35,PARSED,3,2026-02-04 15:49:38,3,2026-02-04 15:49:38,0,支付宝红包
987,2,3,ALIPAY,PLATFORM_ORDER,0ba59857d4b41a0732d2e9aca045db3b,"{""amount"": ""16.52"", ""remark"": """", ""tradeTime"": ""2025-01-23 07:58:29"", ""tradeStatus"": ""交易成功"", ""counterparty"": ""全家FamilyMart"", ""tradeOrderNo"": ""2025012323001445901412331261\t"", ""paymentMethod"": ""宁波银行信用卡(4573)&红包"", ""tradeCategory"": ""餐饮美食"", ""incomeOrExpense"": ""支出"", ""merchantOrderNo"": ""25012300300002710000065400075829\t"", ""productDescription"": ""全家（南）订单"", ""counterpartyAccount"": ""hqj***@familymart.com.cn""}",2025012323001445901412331261	,2025-01-23 07:58:29,16.52,OUT,全家FamilyMart,4573,全家（南）订单 - 餐饮美食,1802,2.0.0,0,2026-02-04 15:49:35,PARSED,3,2026-02-04 15:49:38,3,2026-02-04 15:49:38,0,便利店
988,2,3,ALIPAY,PLATFORM_ORDER,714799b934257820dc0e0ed5f4178f3a,"{""amount"": ""19.82"", ""remark"": """", ""tradeTime"": ""2025-01-23 06:42:39"", ""tradeStatus"": ""交易成功"", ""counterparty"": ""滴滴出行"", ""tradeOrderNo"": ""2025012323001445901412419851\t"", ""paymentMethod"": ""宁波银行信用卡(4573)&宁波银行立减"", ""tradeCategory"": ""交通出行"", ""incomeOrExpense"": ""支出"", ""merchantOrderNo"": ""210_202501238243776401672329\t"", ""productDescription"": ""滴滴快车-胡师傅-01月23日行程"", ""counterpartyAccount"": ""chu***@didichuxing.com""}",2025012323001445901412419851	,2025-01-23 06:42:39,19.82,OUT,滴滴出行,4573,滴滴快车-胡师傅-01月23日行程 - 交通出行,1703,2.0.0,0,2026-02-04 15:49:35,PARSED,3,2026-02-04 15:49:38,3,2026-02-04 15:49:38,0,网约车
989,2,3,ALIPAY,PLATFORM_ORDER,9f87a33dca2293949adb5f47be37c3a3,"{""amount"": ""3.90"", ""remark"": """", ""tradeTime"": ""2025-01-22 09:38:12"", ""tradeStatus"": ""交易成功"", ""counterparty"": ""支付宝小荷包(?聚会时刻)"", ""tradeOrderNo"": ""20250122020070011520900022437327\t"", ""paymentMethod"": ""余额宝"", ""tradeCategory"": ""转账红包"", ""incomeOrExpense"": ""支出"", ""merchantOrderNo"": ""2024050100424002040078000942609620250122090000\t"", ""productDescription"": ""支付宝小荷包-自动攒"", ""counterpartyAccount"": ""/""}",20250122020070011520900022437327	,2025-01-22 09:38:12,3.90,OUT,支付宝小荷包(?聚会时刻),余额宝,支付宝小荷包-自动攒 - 转账红包,1202,2.0.0,0,2026-02-04 15:49:35,PARSED,3,2026-02-04 15:49:38,3,2026-02-04 15:49:38,0,支付宝红包
990,2,3,ALIPAY,PLATFORM_ORDER,3e04f4aa5ec3bceaefe8ceb059fa7003,"{""amount"": ""1.53"", ""remark"": """", ""tradeTime"": ""2025-01-21 13:37:53"", ""tradeStatus"": ""交易成功"", ""counterparty"": ""杭州闲鱼信息技术有限公司"", ""tradeOrderNo"": ""2025012110032004960221240914\t"", ""paymentMethod"": """", ""tradeCategory"": ""商业服务"", ""incomeOrExpense"": ""支出"", ""merchantOrderNo"": ""\t"", ""productDescription"": ""分账-基础软件服务费(2449946786529713054)扣款"", ""counterpartyAccount"": ""xys***@service.aliyun.com""}",2025012110032004960221240914	,2025-01-21 13:37:53,1.53,OUT,杭州闲鱼信息技术有限公司,null,分账-基础软件服务费(2449946786529713054)扣款 - 商业服务,8,2.0.0,0,2026-02-04 15:49:35,PARSED,3,2026-02-04 15:49:38,3,2026-02-04 15:49:38,0,佣金收入
991,2,3,ALIPAY,PLATFORM_ORDER,f768cb936349f52e68f4f8c64f7bc902,"{""amount"": ""255.42"", ""remark"": """", ""tradeTime"": ""2025-01-21 12:25:21"", ""tradeStatus"": ""交易成功"", ""counterparty"": ""****l"", ""tradeOrderNo"": ""2025012122001187961402711866\t"", ""paymentMethod"": """", ""tradeCategory"": ""收入"", ""incomeOrExpense"": ""收入"", ""merchantOrderNo"": ""T200P2449946786529713054\t"", ""productDescription"": ""晶耀前滩-天辣小馆店"", ""counterpartyAccount"": ""139******15""}",2025012122001187961402711866	,2025-01-21 12:25:21,255.42,IN,****l,null,晶耀前滩-天辣小馆店 - 收入,15,2.0.0,0,2026-02-04 15:49:35,PARSED,3,2026-02-04 15:49:38,3,2026-02-04 15:49:38,0,其他收入
992,2,3,ALIPAY,PLATFORM_ORDER,65aaee1e8f21214c8eda303e86d136db,"{""amount"": ""3.90"", ""remark"": """", ""tradeTime"": ""2025-01-21 09:38:24"", ""tradeStatus"": ""交易成功"", ""counterparty"": ""支付宝小荷包(?聚会时刻)"", ""tradeOrderNo"": ""20250121020070011520900011595525\t"", ""paymentMethod"": ""余额宝"", ""tradeCategory"": ""转账红包"", ""incomeOrExpense"": ""支出"", ""merchantOrderNo"": ""2024050100424002040078000942609620250121090000\t"", ""productDescription"": ""支付宝小荷包-自动攒"", ""counterpartyAccount"": ""/""}",20250121020070011520900011595525	,2025-01-21 09:38:24,3.90,OUT,支付宝小荷包(?聚会时刻),余额宝,支付宝小荷包-自动攒 - 转账红包,1202,2.0.0,0,2026-02-04 15:49:35,PARSED,3,2026-02-04 15:49:38,3,2026-02-04 15:49:38,0,支付宝红包
993,2,3,ALIPAY,PLATFORM_ORDER,a93b98f7771e10552b38e9e21f8fd6b1,"{""amount"": ""529.17"", ""remark"": """", ""tradeTime"": ""2025-01-20 11:09:18"", ""tradeStatus"": ""交易成功"", ""counterparty"": ""阿斯**服"", ""tradeOrderNo"": ""2025012022001145901403587602\t"", ""paymentMethod"": ""宁波银行信用卡(4573)&优惠"", ""tradeCategory"": ""交通出行"", ""incomeOrExpense"": ""支出"", ""merchantOrderNo"": ""T1400P4211238675615343545\t"", ""productDescription"": ""机票订单付款{7597730190535|1_2_2025000310649299299}"", ""counterpartyAccount"": ""asl***@cfly.com.cn""}",2025012022001145901403587602	,2025-01-20 11:09:18,529.17,OUT,阿斯**服,4573,机票订单付款{7597730190535|1_2_2025000310649299299} - 交通出行,1705,2.0.0,0,2026-02-04 15:49:35,PARSED,3,2026-02-04 15:49:38,3,2026-02-04 15:49:38,0,飞机
994,2,3,ALIPAY,PLATFORM_ORDER,4e720debb88a878dd021368c280c59f7,"{""amount"": ""57.91"", ""remark"": """", ""tradeTime"": ""2025-01-20 11:09:18"", ""tradeStatus"": ""交易成功"", ""counterparty"": ""飞猪**店"", ""tradeOrderNo"": ""2025012022001145901405306318\t"", ""paymentMethod"": ""宁波银行信用卡(4573)&优惠"", ""tradeCategory"": ""交通出行"", ""incomeOrExpense"": ""支出"", ""merchantOrderNo"": ""T200P4211238675616343545\t"", ""productDescription"": ""国内延误无忧升级版"", ""counterpartyAccount"": ""asl***@service.taobao.com""}",2025012022001145901405306318	,2025-01-20 11:09:18,57.91,OUT,飞猪**店,4573,国内延误无忧升级版 - 交通出行,203,2.0.0,0,2026-02-04 15:49:35,PARSED,3,2026-02-04 15:49:38,3,2026-02-04 15:49:38,0,交通补贴
995,2,3,ALIPAY,PLATFORM_ORDER,3f33825cc32135ebd909dc4034025b25,"{""amount"": ""49.92"", ""remark"": """", ""tradeTime"": ""2025-01-20 11:07:20"", ""tradeStatus"": ""交易成功"", ""counterparty"": ""众安在线财产保险股份有限公司"", ""tradeOrderNo"": ""2025012022001145901403895702\t"", ""paymentMethod"": ""宁波银行信用卡(4573)&优惠"", ""tradeCategory"": ""保险"", ""incomeOrExpense"": ""支出"", ""merchantOrderNo"": ""202501201100300407130588329437\t"", ""productDescription"": ""国内航空意外险(含1程)"", ""counterpartyAccount"": ""za_***@zhongan.com""}",2025012022001145901403895702	,2025-01-20 11:07:20,49.92,OUT,众安在线财产保险股份有限公司,4573,国内航空意外险(含1程) - 保险,2302,2.0.0,0,2026-02-04 15:49:35,PARSED,3,2026-02-04 15:49:38,3,2026-02-04 15:49:38,0,意外保险
996,2,3,ALIPAY,PLATFORM_ORDER,ae66d5bbe116f6fc890ed9da2f21527c,"{""amount"": ""388.00"", ""remark"": """", ""tradeTime"": ""2025-01-20 10:41:48"", ""tradeStatus"": ""交易成功"", ""counterparty"": ""冰封(柳秉含)"", ""tradeOrderNo"": ""20250120200040011100900069475854\t"", ""paymentMethod"": ""余额宝"", ""tradeCategory"": ""转账红包"", ""incomeOrExpense"": ""支出"", ""merchantOrderNo"": ""\t"", ""productDescription"": ""转账"", ""counterpartyAccount"": ""a73***@163.com""}",20250120200040011100900069475854	,2025-01-20 10:41:48,388.00,OUT,冰封(柳秉含),余额宝,转账 - 转账红包,3704,2.0.0,0,2026-02-04 15:49:35,PARSED,3,2026-02-04 15:49:38,3,2026-02-04 15:49:38,0,转账入账
997,2,3,ALIPAY,PLATFORM_ORDER,7b38a58eef3c8bea14beda9b08d644a1,"{""amount"": ""3.90"", ""remark"": """", ""tradeTime"": ""2025-01-20 09:39:38"", ""tradeStatus"": ""交易成功"", ""counterparty"": ""支付宝小荷包(?聚会时刻)"", ""tradeOrderNo"": ""20250120020070011520900000813462\t"", ""paymentMethod"": ""余额宝"", ""tradeCategory"": ""转账红包"", ""incomeOrExpense"": ""支出"", ""merchantOrderNo"": ""2024050100424002040078000942609620250120090000\t"", ""productDescription"": ""支付宝小荷包-自动攒"", ""counterpartyAccount"": ""/""}",20250120020070011520900000813462	,2025-01-20 09:39:38,3.90,OUT,支付宝小荷包(?聚会时刻),余额宝,支付宝小荷包-自动攒 - 转账红包,1202,2.0.0,0,2026-02-04 15:49:35,PARSED,3,2026-02-04 15:49:38,3,2026-02-04 15:49:38,0,支付宝红包
998,2,3,ALIPAY,PLATFORM_ORDER,e10a7b5f4d7b5c32cd1e79f263780cb8,"{""amount"": ""388.00"", ""remark"": """", ""tradeTime"": ""2025-01-20 00:01:28"", ""tradeStatus"": ""交易成功"", ""counterparty"": ""冰封"", ""tradeOrderNo"": ""20250120200040011100420029823091\t"", ""paymentMethod"": ""账户余额"", ""tradeCategory"": ""转账红包"", ""incomeOrExpense"": ""收入"", ""merchantOrderNo"": ""\t"", ""productDescription"": ""中午饭钱"", ""counterpartyAccount"": ""a73***@163.com""}",20250120200040011100420029823091	,2025-01-20 00:01:28,388.00,IN,冰封,账户余额,中午饭钱 - 转账红包,3704,2.0.0,0,2026-02-04 15:49:35,PARSED,3,2026-02-04 15:49:38,3,2026-02-04 15:49:38,0,转账入账
999,2,3,ALIPAY,PLATFORM_ORDER,a585fba6dd43d6c28ffaf1664814eab0,"{""amount"": ""409.00"", ""remark"": """", ""tradeTime"": ""2025-01-19 17:05:44"", ""tradeStatus"": ""交易成功"", ""counterparty"": ""上海万间信息技术有限公司"", ""tradeOrderNo"": ""20250119020070011560900094650421\t"", ""paymentMethod"": """", ""tradeCategory"": ""转账红包"", ""incomeOrExpense"": ""收入"", ""merchantOrderNo"": ""FOP0125011900000742\t"", ""productDescription"": ""转账"", ""counterpartyAccount"": ""/""}",20250119020070011560900094650421	,2025-01-19 17:05:44,409.00,IN,上海万间信息技术有限公司,null,转账 - 转账红包,3704,2.0.0,0,2026-02-04 15:49:35,PARSED,3,2026-02-04 15:49:38,3,2026-02-04 15:49:38,0,转账入账
1000,2,3,ALIPAY,PLATFORM_ORDER,e92e62f24e097751fca2240afab304b9,"{""amount"": ""3.90"", ""remark"": """", ""tradeTime"": ""2025-01-19 09:39:15"", ""tradeStatus"": ""交易成功"", ""counterparty"": ""支付宝小荷包(?聚会时刻)"", ""tradeOrderNo"": ""20250119020070011520900088604205\t"", ""paymentMethod"": ""余额宝"", ""tradeCategory"": ""转账红包"", ""incomeOrExpense"": ""支出"", ""merchantOrderNo"": ""2024050100424002040078000942609620250119090000\t"", ""productDescription"": ""支付宝小荷包-自动攒"", ""counterpartyAccount"": ""/""}",20250119020070011520900088604205	,2025-01-19 09:39:15,3.90,OUT,支付宝小荷包(?聚会时刻),余额宝,支付宝小荷包-自动攒 - 转账红包,1202,2.0.0,0,2026-02-04 15:49:35,PARSED,3,2026-02-04 15:49:38,3,2026-02-04 15:49:38,0,支付宝红包
1001,2,3,ALIPAY,PLATFORM_ORDER,63d058f9a7661ba64baec1b162b568fb,"{""amount"": ""14.72"", ""remark"": """", ""tradeTime"": ""2025-01-18 19:47:12"", ""tradeStatus"": ""交易成功"", ""counterparty"": ""胖哥俩(上海江桥万达店)"", ""tradeOrderNo"": ""2025011823001445901455638109\t"", ""paymentMethod"": ""宁波银行信用卡(4573)&碰一下立减"", ""tradeCategory"": ""餐饮美食"", ""incomeOrExpense"": ""支出"", ""merchantOrderNo"": ""0112660000489000000000786915325018\t"", ""productDescription"": ""上海江桥万达店"", ""counterpartyAccount"": ""/""}",2025011823001445901455638109	,2025-01-18 19:47:12,14.72,OUT,胖哥俩(上海江桥万达店),4573,上海江桥万达店 - 餐饮美食,2101,2.0.0,0,2026-02-04 15:49:35,PARSED,3,2026-02-04 15:49:38,3,2026-02-04 15:49:38,0,电影
1002,2,3,ALIPAY,PLATFORM_ORDER,42f3b96bde039a52988ad5a0084452a8,"{""amount"": ""8.61"", ""remark"": """", ""tradeTime"": ""2025-01-18 13:47:10"", ""tradeStatus"": ""交易成功"", ""counterparty"": ""云账户综合服务平台"", ""tradeOrderNo"": ""20250118020070011540900079589604\t"", ""paymentMethod"": """", ""tradeCategory"": ""转账红包"", ""incomeOrExpense"": ""收入"", ""merchantOrderNo"": ""1020067456930087838\t"", ""productDescription"": ""云账户"", ""counterpartyAccount"": ""/""}",20250118020070011540900079589604	,2025-01-18 13:47:10,8.61,IN,云账户综合服务平台,null,云账户 - 转账红包,3704,2.0.0,0,2026-02-04 15:49:35,PARSED,3,2026-02-04 15:49:38,3,2026-02-04 15:49:38,0,转账入账
1003,2,3,ALIPAY,PLATFORM_ORDER,e212ba27a9ca1d0d0e914f7384428a1e,"{""amount"": ""3.90"", ""remark"": """", ""tradeTime"": ""2025-01-18 09:38:58"", ""tradeStatus"": ""交易成功"", ""counterparty"": ""支付宝小荷包(?聚会时刻)"", ""tradeOrderNo"": ""20250118020070011520900075680285\t"", ""paymentMethod"": ""余额宝"", ""tradeCategory"": ""转账红包"", ""incomeOrExpense"": ""支出"", ""merchantOrderNo"": ""2024050100424002040078000942609620250118090000\t"", ""productDescription"": ""支付宝小荷包-自动攒"", ""counterpartyAccount"": ""/""}",20250118020070011520900075680285	,2025-01-18 09:38:58,3.90,OUT,支付宝小荷包(?聚会时刻),余额宝,支付宝小荷包-自动攒 - 转账红包,1202,2.0.0,0,2026-02-04 15:49:35,PARSED,3,2026-02-04 15:49:38,3,2026-02-04 15:49:38,0,支付宝红包
1004,2,3,ALIPAY,PLATFORM_ORDER,a6f8c3168a1ec06c9d6d1dc5c5714c8e,"{""amount"": ""3.90"", ""remark"": """", ""tradeTime"": ""2025-01-17 09:39:13"", ""tradeStatus"": ""交易成功"", ""counterparty"": ""支付宝小荷包(?聚会时刻)"", ""tradeOrderNo"": ""20250117020070011520900062430793\t"", ""paymentMethod"": ""余额宝"", ""tradeCategory"": ""转账红包"", ""incomeOrExpense"": ""支出"", ""merchantOrderNo"": ""2024050100424002040078000942609620250117090000\t"", ""productDescription"": ""支付宝小荷包-自动攒"", ""counterpartyAccount"": ""/""}",20250117020070011520900062430793	,2025-01-17 09:39:13,3.90,OUT,支付宝小荷包(?聚会时刻),余额宝,支付宝小荷包-自动攒 - 转账红包,1202,2.0.0,0,2026-02-04 15:49:35,PARSED,3,2026-02-04 15:49:38,3,2026-02-04 15:49:38,0,支付宝红包
1005,2,3,ALIPAY,PLATFORM_ORDER,329106adb1b5fadf872d2ff0d0a58477,"{""amount"": ""3.90"", ""remark"": """", ""tradeTime"": ""2025-01-16 09:39:38"", ""tradeStatus"": ""交易成功"", ""counterparty"": ""支付宝小荷包(?聚会时刻)"", ""tradeOrderNo"": ""20250116020070011520900050275792\t"", ""paymentMethod"": ""余额宝"", ""tradeCategory"": ""转账红包"", ""incomeOrExpense"": ""支出"", ""merchantOrderNo"": ""2024050100424002040078000942609620250116090000\t"", ""productDescription"": ""支付宝小荷包-自动攒"", ""counterpartyAccount"": ""/""}",20250116020070011520900050275792	,2025-01-16 09:39:38,3.90,OUT,支付宝小荷包(?聚会时刻),余额宝,支付宝小荷包-自动攒 - 转账红包,1202,2.0.0,0,2026-02-04 15:49:35,PARSED,3,2026-02-04 15:49:38,3,2026-02-04 15:49:38,0,支付宝红包
1006,2,3,ALIPAY,PLATFORM_ORDER,c66ee9127d73386fb44da35ed4d2a64b,"{""amount"": ""81.48"", ""remark"": """", ""tradeTime"": ""2025-01-15 20:27:53"", ""tradeStatus"": ""交易成功"", ""counterparty"": ""众安在线财产保险股份有限公司"", ""tradeOrderNo"": ""20250115020070011570900046493576\t"", ""paymentMethod"": """", ""tradeCategory"": ""转账红包"", ""incomeOrExpense"": ""收入"", ""merchantOrderNo"": ""25011501593048\t"", ""productDescription"": ""转账"", ""counterpartyAccount"": ""/""}",20250115020070011570900046493576	,2025-01-15 20:27:53,81.48,IN,众安在线财产保险股份有限公司,null,转账 - 转账红包,3704,2.0.0,0,2026-02-04 15:49:35,PARSED,3,2026-02-04 15:49:38,3,2026-02-04 15:49:38,0,转账入账
1007,2,3,ALIPAY,PLATFORM_ORDER,9fa87758f65275790a9cf7431e5b9ee0,"{""amount"": ""3.90"", ""remark"": """", ""tradeTime"": ""2025-01-15 09:39:52"", ""tradeStatus"": ""交易成功"", ""counterparty"": ""支付宝小荷包(?聚会时刻)"", ""tradeOrderNo"": ""20250115020070011520900039074462\t"", ""paymentMethod"": ""余额宝"", ""tradeCategory"": ""转账红包"", ""incomeOrExpense"": ""支出"", ""merchantOrderNo"": ""2024050100424002040078000942609620250115090000\t"", ""productDescription"": ""支付宝小荷包-自动攒"", ""counterpartyAccount"": ""/""}",20250115020070011520900039074462	,2025-01-15 09:39:52,3.90,OUT,支付宝小荷包(?聚会时刻),余额宝,支付宝小荷包-自动攒 - 转账红包,1202,2.0.0,0,2026-02-04 15:49:35,PARSED,3,2026-02-04 15:49:38,3,2026-02-04 15:49:38,0,支付宝红包
1008,2,3,ALIPAY,PLATFORM_ORDER,ff1717cc837d70fae726d9cea3515f3a,"{""amount"": ""3.90"", ""remark"": """", ""tradeTime"": ""2025-01-14 09:39:16"", ""tradeStatus"": ""交易成功"", ""counterparty"": ""支付宝小荷包(?聚会时刻)"", ""tradeOrderNo"": ""20250114020070011520900028190736\t"", ""paymentMethod"": ""余额宝"", ""tradeCategory"": ""转账红包"", ""incomeOrExpense"": ""支出"", ""merchantOrderNo"": ""2024050100424002040078000942609620250114090000\t"", ""productDescription"": ""支付宝小荷包-自动攒"", ""counterpartyAccount"": ""/""}",20250114020070011520900028190736	,2025-01-14 09:39:16,3.90,OUT,支付宝小荷包(?聚会时刻),余额宝,支付宝小荷包-自动攒 - 转账红包,1202,2.0.0,0,2026-02-04 15:49:35,PARSED,3,2026-02-04 15:49:38,3,2026-02-04 15:49:38,0,支付宝红包
1009,2,3,ALIPAY,PLATFORM_ORDER,cb15115a14805de2611830f10ed0a266,"{""amount"": ""3.90"", ""remark"": """", ""tradeTime"": ""2025-01-13 09:40:16"", ""tradeStatus"": ""交易成功"", ""counterparty"": ""支付宝小荷包(?聚会时刻)"", ""tradeOrderNo"": ""20250113020070011520900017139500\t"", ""paymentMethod"": ""余额宝"", ""tradeCategory"": ""转账红包"", ""incomeOrExpense"": ""支出"", ""merchantOrderNo"": ""2024050100424002040078000942609620250113090000\t"", ""productDescription"": ""支付宝小荷包-自动攒"", ""counterpartyAccount"": ""/""}",20250113020070011520900017139500	,2025-01-13 09:40:16,3.90,OUT,支付宝小荷包(?聚会时刻),余额宝,支付宝小荷包-自动攒 - 转账红包,1202,2.0.0,0,2026-02-04 15:49:35,PARSED,3,2026-02-04 15:49:38,3,2026-02-04 15:49:38,0,支付宝红包
1010,2,3,ALIPAY,PLATFORM_ORDER,d7c40a4c5f1d3ba59bb6743f4fbb4d74,"{""amount"": ""0.00"", ""remark"": """", ""tradeTime"": ""2025-01-12 12:20:16"", ""tradeStatus"": ""交易成功"", ""counterparty"": ""上海盒马"", ""tradeOrderNo"": ""2025011222001145901432854213\t"", ""paymentMethod"": """", ""tradeCategory"": ""日用百货"", ""incomeOrExpense"": ""支出"", ""merchantOrderNo"": ""T200P4201026192924343545\t"", ""productDescription"": ""盒马平台配送费"", ""counterpartyAccount"": ""shh***@163.com""}",2025011222001145901432854213	,2025-01-12 12:20:16,0.00,OUT,上海盒马,null,盒马平台配送费 - 日用百货,1801,2.0.0,0,2026-02-04 15:49:35,PARSED,3,2026-02-04 15:49:38,3,2026-02-04 15:49:38,0,超市
1011,2,3,ALIPAY,PLATFORM_ORDER,5934759189d97f279c99edb914d53445,"{""amount"": ""0.00"", ""remark"": """", ""tradeTime"": ""2025-01-12 12:20:16"", ""tradeStatus"": ""交易成功"", ""counterparty"": ""上海盒马"", ""tradeOrderNo"": ""2025011222001145901433826224\t"", ""paymentMethod"": """", ""tradeCategory"": ""餐饮美食"", ""incomeOrExpense"": ""支出"", ""merchantOrderNo"": ""T200P4201026192915343545\t"", ""productDescription"": ""鲜鸡蛋30枚 1.6kg等多件"", ""counterpartyAccount"": ""shh***@163.com""}",2025011222001145901433826224	,2025-01-12 12:20:16,0.00,OUT,上海盒马,null,鲜鸡蛋30枚 1.6kg等多件 - 餐饮美食,1801,2.0.0,0,2026-02-04 15:49:35,PARSED,3,2026-02-04 15:49:38,3,2026-02-04 15:49:38,0,超市
1012,2,3,ALIPAY,PLATFORM_ORDER,5d8930db3e14f1bc277f025b5b933511,"{""amount"": ""3.90"", ""remark"": """", ""tradeTime"": ""2025-01-12 09:40:20"", ""tradeStatus"": ""交易成功"", ""counterparty"": ""支付宝小荷包(?聚会时刻)"", ""tradeOrderNo"": ""20250112020070011520900004395545\t"", ""paymentMethod"": ""余额宝"", ""tradeCategory"": ""转账红包"", ""incomeOrExpense"": ""支出"", ""merchantOrderNo"": ""2024050100424002040078000942609620250112090000\t"", ""productDescription"": ""支付宝小荷包-自动攒"", ""counterpartyAccount"": ""/""}",20250112020070011520900004395545	,2025-01-12 09:40:20,3.90,OUT,支付宝小荷包(?聚会时刻),余额宝,支付宝小荷包-自动攒 - 转账红包,1202,2.0.0,0,2026-02-04 15:49:35,PARSED,3,2026-02-04 15:49:38,3,2026-02-04 15:49:38,0,支付宝红包
1013,2,3,ALIPAY,PLATFORM_ORDER,5329e1e083e24f595292aba173d62512,"{""amount"": ""3.90"", ""remark"": """", ""tradeTime"": ""2025-01-11 09:40:05"", ""tradeStatus"": ""交易成功"", ""counterparty"": ""支付宝小荷包(?聚会时刻)"", ""tradeOrderNo"": ""20250111020070011520900092520866\t"", ""paymentMethod"": ""账户余额"", ""tradeCategory"": ""转账红包"", ""incomeOrExpense"": ""支出"", ""merchantOrderNo"": ""2024050100424002040078000942609620250111090000\t"", ""productDescription"": ""支付宝小荷包-自动攒"", ""counterpartyAccount"": ""/""}",20250111020070011520900092520866	,2025-01-11 09:40:05,3.90,OUT,支付宝小荷包(?聚会时刻),账户余额,支付宝小荷包-自动攒 - 转账红包,1202,2.0.0,0,2026-02-04 15:49:35,PARSED,3,2026-02-04 15:49:38,3,2026-02-04 15:49:38,0,支付宝红包
1014,2,3,ALIPAY,PLATFORM_ORDER,97cd8c3de4d5829b8fdbf4a54e686e17,"{""amount"": ""0.61"", ""remark"": """", ""tradeTime"": ""2025-01-10 19:14:30"", ""tradeStatus"": ""交易成功"", ""counterparty"": ""杭州闲鱼信息技术有限公司"", ""tradeOrderNo"": ""2025011010032004380266506361\t"", ""paymentMethod"": """", ""tradeCategory"": ""商业服务"", ""incomeOrExpense"": ""支出"", ""merchantOrderNo"": ""\t"", ""productDescription"": ""分账-基础软件服务费(2425591635103272198)扣款"", ""counterpartyAccount"": ""xys***@service.aliyun.com""}",2025011010032004380266506361	,2025-01-10 19:14:30,0.61,OUT,杭州闲鱼信息技术有限公司,null,分账-基础软件服务费(2425591635103272198)扣款 - 商业服务,8,2.0.0,0,2026-02-04 15:49:35,PARSED,3,2026-02-04 15:49:38,3,2026-02-04 15:49:38,0,佣金收入
1015,2,3,ALIPAY,PLATFORM_ORDER,7f1257a2d9bff2c8878ed60dffdadd4a,"{""amount"": ""3.90"", ""remark"": """", ""tradeTime"": ""2025-01-10 09:40:30"", ""tradeStatus"": ""交易成功"", ""counterparty"": ""支付宝小荷包(?聚会时刻)"", ""tradeOrderNo"": ""20250110020070011520900080826892\t"", ""paymentMethod"": ""余额宝"", ""tradeCategory"": ""转账红包"", ""incomeOrExpense"": ""支出"", ""merchantOrderNo"": ""2024050100424002040078000942609620250110090000\t"", ""productDescription"": ""支付宝小荷包-自动攒"", ""counterpartyAccount"": ""/""}",20250110020070011520900080826892	,2025-01-10 09:40:30,3.90,OUT,支付宝小荷包(?聚会时刻),余额宝,支付宝小荷包-自动攒 - 转账红包,1202,2.0.0,0,2026-02-04 15:49:35,PARSED,3,2026-02-04 15:49:38,3,2026-02-04 15:49:38,0,支付宝红包
1016,2,3,ALIPAY,PLATFORM_ORDER,182e97d343384af3170f359eb2688a0a,"{""amount"": ""25.05"", ""remark"": """", ""tradeTime"": ""2025-01-09 18:06:25"", ""tradeStatus"": ""交易成功"", ""counterparty"": ""杭州柏鹿信息技术有限公司"", ""tradeOrderNo"": ""20250109020070011560900075726243\t"", ""paymentMethod"": """", ""tradeCategory"": ""转账红包"", ""incomeOrExpense"": ""收入"", ""merchantOrderNo"": ""XC119856650479986508\t"", ""productDescription"": ""小蚕提现"", ""counterpartyAccount"": ""/""}",20250109020070011560900075726243	,2025-01-09 18:06:25,25.05,IN,杭州柏鹿信息技术有限公司,null,小蚕提现 - 转账红包,3203,2.0.0,0,2026-02-04 15:49:35,PARSED,3,2026-02-04 15:49:38,3,2026-02-04 15:49:38,0,储蓄卡⇄支付平台
1017,2,3,ALIPAY,PLATFORM_ORDER,a2cec649a856612fb9fcf8373037ede5,"{""amount"": ""3.90"", ""remark"": """", ""tradeTime"": ""2025-01-09 09:40:08"", ""tradeStatus"": ""交易成功"", ""counterparty"": ""支付宝小荷包(?聚会时刻)"", ""tradeOrderNo"": ""20250109020070011520900069277263\t"", ""paymentMethod"": ""余额宝"", ""tradeCategory"": ""转账红包"", ""incomeOrExpense"": ""支出"", ""merchantOrderNo"": ""2024050100424002040078000942609620250109090000\t"", ""productDescription"": ""支付宝小荷包-自动攒"", ""counterpartyAccount"": ""/""}",20250109020070011520900069277263	,2025-01-09 09:40:08,3.90,OUT,支付宝小荷包(?聚会时刻),余额宝,支付宝小荷包-自动攒 - 转账红包,1202,2.0.0,0,2026-02-04 15:49:35,PARSED,3,2026-02-04 15:49:38,3,2026-02-04 15:49:38,0,支付宝红包
1018,2,3,ALIPAY,PLATFORM_ORDER,f488aa2898454fe3cef5314f065f3d29,"{""amount"": ""3.90"", ""remark"": """", ""tradeTime"": ""2025-01-08 09:40:19"", ""tradeStatus"": ""交易成功"", ""counterparty"": ""支付宝小荷包(?聚会时刻)"", ""tradeOrderNo"": ""20250108020070011520900058559319\t"", ""paymentMethod"": ""余额宝"", ""tradeCategory"": ""转账红包"", ""incomeOrExpense"": ""支出"", ""merchantOrderNo"": ""2024050100424002040078000942609620250108090000\t"", ""productDescription"": ""支付宝小荷包-自动攒"", ""counterpartyAccount"": ""/""}",20250108020070011520900058559319	,2025-01-08 09:40:19,3.90,OUT,支付宝小荷包(?聚会时刻),余额宝,支付宝小荷包-自动攒 - 转账红包,1202,2.0.0,0,2026-02-04 15:49:35,PARSED,3,2026-02-04 15:49:38,3,2026-02-04 15:49:38,0,支付宝红包
1019,2,3,ALIPAY,PLATFORM_ORDER,c127ef535e6659f12f506e42de79cefb,"{""amount"": ""230.22"", ""remark"": """", ""tradeTime"": ""2025-01-08 09:01:13"", ""tradeStatus"": ""交易成功"", ""counterparty"": ""国网上海市电力公司(缴费)"", ""tradeOrderNo"": ""2025010800003001900030884504\t"", ""paymentMethod"": ""花呗&花呗立减"", ""tradeCategory"": ""充值缴费"", ""incomeOrExpense"": ""支出"", ""merchantOrderNo"": ""3100000335058\t"", ""productDescription"": ""12月-电费-***"", ""counterpartyAccount"": ""/""}",2025010800003001900030884504	,2025-01-08 09:01:13,230.22,OUT,国网上海市电力公司(缴费),花呗&花呗立减,12月-电费-*** - 充值缴费,2204,2.0.0,0,2026-02-04 15:49:35,PARSED,3,2026-02-04 15:49:38,3,2026-02-04 15:49:38,0,电费
1020,2,3,ALIPAY,PLATFORM_ORDER,fc91b61975ae3452a7c8b6a64ac4bae3,"{""amount"": ""3.90"", ""remark"": """", ""tradeTime"": ""2025-01-07 09:40:18"", ""tradeStatus"": ""交易成功"", ""counterparty"": ""支付宝小荷包(?聚会时刻)"", ""tradeOrderNo"": ""20250107020070011520900046452216\t"", ""paymentMethod"": ""余额宝"", ""tradeCategory"": ""转账红包"", ""incomeOrExpense"": ""支出"", ""merchantOrderNo"": ""2024050100424002040078000942609620250107090000\t"", ""productDescription"": ""支付宝小荷包-自动攒"", ""counterpartyAccount"": ""/""}",20250107020070011520900046452216	,2025-01-07 09:40:18,3.90,OUT,支付宝小荷包(?聚会时刻),余额宝,支付宝小荷包-自动攒 - 转账红包,1202,2.0.0,0,2026-02-04 15:49:35,PARSED,3,2026-02-04 15:49:38,3,2026-02-04 15:49:38,0,支付宝红包
1021,2,3,ALIPAY,PLATFORM_ORDER,38e006ae00e50da7a9cc4473fcfbfdb9,"{""amount"": ""3.90"", ""remark"": """", ""tradeTime"": ""2025-01-06 09:41:20"", ""tradeStatus"": ""交易成功"", ""counterparty"": ""支付宝小荷包(?聚会时刻)"", ""tradeOrderNo"": ""20250106020070011520900036067998\t"", ""paymentMethod"": ""余额宝"", ""tradeCategory"": ""转账红包"", ""incomeOrExpense"": ""支出"", ""merchantOrderNo"": ""2024050100424002040078000942609620250106090000\t"", ""productDescription"": ""支付宝小荷包-自动攒"", ""counterpartyAccount"": ""/""}",20250106020070011520900036067998	,2025-01-06 09:41:20,3.90,OUT,支付宝小荷包(?聚会时刻),余额宝,支付宝小荷包-自动攒 - 转账红包,1202,2.0.0,0,2026-02-04 15:49:35,PARSED,3,2026-02-04 15:49:38,3,2026-02-04 15:49:38,0,支付宝红包
1022,2,3,ALIPAY,PLATFORM_ORDER,920a76af6d66cc5907faced1b18ae3af,"{""amount"": ""108.88"", ""remark"": """", ""tradeTime"": ""2025-01-05 16:43:54"", ""tradeStatus"": ""交易成功"", ""counterparty"": ""冰封"", ""tradeOrderNo"": ""20250105200040011100420021838077\t"", ""paymentMethod"": ""账户余额"", ""tradeCategory"": ""转账红包"", ""incomeOrExpense"": ""收入"", ""merchantOrderNo"": ""\t"", ""productDescription"": ""转账"", ""counterpartyAccount"": ""a73***@163.com""}",20250105200040011100420021838077	,2025-01-05 16:43:54,108.88,IN,冰封,账户余额,转账 - 转账红包,3704,2.0.0,0,2026-02-04 15:49:35,PARSED,3,2026-02-04 15:49:38,3,2026-02-04 15:49:38,0,转账入账
1023,2,3,ALIPAY,PLATFORM_ORDER,36587a6f8fd1060fcb331442957e0592,"{""amount"": ""24.49"", ""remark"": """", ""tradeTime"": ""2025-01-05 15:45:07"", ""tradeStatus"": ""交易成功"", ""counterparty"": ""滴滴出行"", ""tradeOrderNo"": ""2025010523001445901408958290\t"", ""paymentMethod"": ""宁波银行信用卡(4573)"", ""tradeCategory"": ""交通出行"", ""incomeOrExpense"": ""支出"", ""merchantOrderNo"": ""212_202501053715966601025403\t"", ""productDescription"": ""特惠快车-庄师傅-01月05日行程"", ""counterpartyAccount"": ""chu***@didichuxing.com""}",2025010523001445901408958290	,2025-01-05 15:45:07,24.49,OUT,滴滴出行,4573,特惠快车-庄师傅-01月05日行程 - 交通出行,1703,2.0.0,0,2026-02-04 15:49:35,PARSED,3,2026-02-04 15:49:38,3,2026-02-04 15:49:38,0,网约车
1024,2,3,ALIPAY,PLATFORM_ORDER,f2ef5be66da7f28fee1d27ba8f67f691,"{""amount"": ""3.90"", ""remark"": """", ""tradeTime"": ""2025-01-05 09:41:17"", ""tradeStatus"": ""交易成功"", ""counterparty"": ""支付宝小荷包(?聚会时刻)"", ""tradeOrderNo"": ""20250105020070011520900025136807\t"", ""paymentMethod"": ""账户余额"", ""tradeCategory"": ""转账红包"", ""incomeOrExpense"": ""支出"", ""merchantOrderNo"": ""2024050100424002040078000942609620250105090000\t"", ""productDescription"": ""支付宝小荷包-自动攒"", ""counterpartyAccount"": ""/""}",20250105020070011520900025136807	,2025-01-05 09:41:17,3.90,OUT,支付宝小荷包(?聚会时刻),账户余额,支付宝小荷包-自动攒 - 转账红包,1202,2.0.0,0,2026-02-04 15:49:35,PARSED,3,2026-02-04 15:49:38,3,2026-02-04 15:49:38,0,支付宝红包
1025,2,3,ALIPAY,PLATFORM_ORDER,f5433b3f160f770b3131171ce436cdb8,"{""amount"": ""4.00"", ""remark"": """", ""tradeTime"": ""2025-01-04 15:41:45"", ""tradeStatus"": ""交易成功"", ""counterparty"": ""杭州杭港地铁五号线有限公司"", ""tradeOrderNo"": ""2025010422001445901407785767\t"", ""paymentMethod"": ""宁波银行信用卡(4573)"", ""tradeCategory"": ""交通出行"", ""incomeOrExpense"": ""支出"", ""merchantOrderNo"": ""051301042501041541441020000001299200669\t"", ""productDescription"": ""地铁-大运河-15:41:44-正常行程票款扣费"", ""counterpartyAccount"": ""zfb***@mtrhz.com.cn""}",2025010422001445901407785767	,2025-01-04 15:41:45,4.00,OUT,杭州杭港地铁五号线有限公司,4573,地铁-大运河-15:41:44-正常行程票款扣费 - 交通出行,1701,2.0.0,0,2026-02-04 15:49:35,PARSED,3,2026-02-04 15:49:38,3,2026-02-04 15:49:38,0,公交地铁
1026,2,3,ALIPAY,PLATFORM_ORDER,5c3ac8b8cc7dec86bb50af9d7631624e,"{""amount"": ""0.85"", ""remark"": """", ""tradeTime"": ""2025-01-04 15:24:46"", ""tradeStatus"": ""交易成功"", ""counterparty"": ""杭州闲鱼信息技术有限公司"", ""tradeOrderNo"": ""2025010410032004770235081755\t"", ""paymentMethod"": """", ""tradeCategory"": ""商业服务"", ""incomeOrExpense"": ""支出"", ""merchantOrderNo"": ""\t"", ""productDescription"": ""分账-基础软件服务费(4191039290371391301)扣款"", ""counterpartyAccount"": ""xys***@service.aliyun.com""}",2025010410032004770235081755	,2025-01-04 15:24:46,0.85,OUT,杭州闲鱼信息技术有限公司,null,分账-基础软件服务费(4191039290371391301)扣款 - 商业服务,8,2.0.0,0,2026-02-04 15:49:35,PARSED,3,2026-02-04 15:49:38,3,2026-02-04 15:49:38,0,佣金收入
1027,2,3,ALIPAY,PLATFORM_ORDER,bca1190688806b61fc0447f98eb8e735,"{""amount"": ""141.04"", ""remark"": """", ""tradeTime"": ""2025-01-04 15:17:45"", ""tradeStatus"": ""交易成功"", ""counterparty"": ""****y"", ""tradeOrderNo"": ""2025010422001168771426220177\t"", ""paymentMethod"": """", ""tradeCategory"": ""收入"", ""incomeOrExpense"": ""收入"", ""merchantOrderNo"": ""T200P4191039290371391301\t"", ""productDescription"": ""天辣小馆-晶耀前滩 8.6折整单代下单，不限时段"", ""counterpartyAccount"": ""178******03""}",2025010422001168771426220177	,2025-01-04 15:17:45,141.04,IN,****y,null,天辣小馆-晶耀前滩 8.6折整单代下单，不限时段 - 收入,15,2.0.0,0,2026-02-04 15:49:35,PARSED,3,2026-02-04 15:49:38,3,2026-02-04 15:49:38,0,其他收入
1028,2,3,ALIPAY,PLATFORM_ORDER,58bb25b6acada62df915f842a80cca09,"{""amount"": ""3.90"", ""remark"": """", ""tradeTime"": ""2025-01-04 09:40:55"", ""tradeStatus"": ""交易成功"", ""counterparty"": ""支付宝小荷包(?聚会时刻)"", ""tradeOrderNo"": ""20250104020070011520900013700317\t"", ""paymentMethod"": ""余额宝"", ""tradeCategory"": ""转账红包"", ""incomeOrExpense"": ""支出"", ""merchantOrderNo"": ""2024050100424002040078000942609620250104090000\t"", ""productDescription"": ""支付宝小荷包-自动攒"", ""counterpartyAccount"": ""/""}",20250104020070011520900013700317	,2025-01-04 09:40:55,3.90,OUT,支付宝小荷包(?聚会时刻),余额宝,支付宝小荷包-自动攒 - 转账红包,1202,2.0.0,0,2026-02-04 15:49:35,PARSED,3,2026-02-04 15:49:38,3,2026-02-04 15:49:38,0,支付宝红包
1029,2,3,ALIPAY,PLATFORM_ORDER,1272d18138105a958388fea5f5898b10,"{""amount"": ""3.90"", ""remark"": """", ""tradeTime"": ""2025-01-03 09:41:14"", ""tradeStatus"": ""交易成功"", ""counterparty"": ""支付宝小荷包(?聚会时刻)"", ""tradeOrderNo"": ""20250103020070011520900002245175\t"", ""paymentMethod"": ""农业银行储蓄卡(6978)"", ""tradeCategory"": ""转账红包"", ""incomeOrExpense"": ""支出"", ""merchantOrderNo"": ""2024050100424002040078000942609620250103090000\t"", ""productDescription"": ""支付宝小荷包-自动攒"", ""counterpartyAccount"": ""/""}",20250103020070011520900002245175	,2025-01-03 09:41:14,3.90,OUT,支付宝小荷包(?聚会时刻),6978,支付宝小荷包-自动攒 - 转账红包,1202,2.0.0,0,2026-02-04 15:49:35,PARSED,3,2026-02-04 15:49:38,3,2026-02-04 15:49:38,0,支付宝红包
1030,2,3,ALIPAY,PLATFORM_ORDER,13551e05b9459b19320f4840ad14ceb1,"{""amount"": ""3.90"", ""remark"": """", ""tradeTime"": ""2025-01-02 09:41:25"", ""tradeStatus"": ""交易成功"", ""counterparty"": ""支付宝小荷包(?聚会时刻)"", ""tradeOrderNo"": ""20250102020070011520900091476509\t"", ""paymentMethod"": ""农业银行储蓄卡(6978)"", ""tradeCategory"": ""转账红包"", ""incomeOrExpense"": ""支出"", ""merchantOrderNo"": ""2024050100424002040078000942609620250102090000\t"", ""productDescription"": ""支付宝小荷包-自动攒"", ""counterpartyAccount"": ""/""}",20250102020070011520900091476509	,2025-01-02 09:41:25,3.90,OUT,支付宝小荷包(?聚会时刻),6978,支付宝小荷包-自动攒 - 转账红包,1202,2.0.0,0,2026-02-04 15:49:35,PARSED,3,2026-02-04 15:49:38,3,2026-02-04 15:49:38,0,支付宝红包
1031,2,3,ALIPAY,PLATFORM_ORDER,258794512a6723f4ee60f04d4c0c689b,"{""amount"": ""19.05"", ""remark"": """", ""tradeTime"": ""2025-01-01 20:05:27"", ""tradeStatus"": ""交易成功"", ""counterparty"": ""滴滴出行"", ""tradeOrderNo"": ""2025010123001445901455480705\t"", ""paymentMethod"": ""宁波银行信用卡(4573)&支付宝打车券"", ""tradeCategory"": ""交通出行"", ""incomeOrExpense"": ""支出"", ""merchantOrderNo"": ""210_202501018224906901906166\t"", ""productDescription"": ""滴滴快车-汪师傅-01月01日行程"", ""counterpartyAccount"": ""chu***@didichuxing.com""}",2025010123001445901455480705	,2025-01-01 20:05:27,19.05,OUT,滴滴出行,4573,滴滴快车-汪师傅-01月01日行程 - 交通出行,1703,2.0.0,0,2026-02-04 15:49:35,PARSED,3,2026-02-04 15:49:38,3,2026-02-04 15:49:38,0,网约车
1032,2,3,ALIPAY,PLATFORM_ORDER,ecfb2eb97d8e9b0c82fa05db59e5b866,"{""amount"": ""17.75"", ""remark"": """", ""tradeTime"": ""2025-01-01 14:40:57"", ""tradeStatus"": ""交易成功"", ""counterparty"": ""滴滴出行"", ""tradeOrderNo"": ""2025010123001445901455630785\t"", ""paymentMethod"": ""宁波银行信用卡(4573)&宁波银行立减"", ""tradeCategory"": ""交通出行"", ""incomeOrExpense"": ""支出"", ""merchantOrderNo"": ""212_202501013714198001143883\t"", ""productDescription"": ""特惠快车-刘师傅-01月01日行程"", ""counterpartyAccount"": ""chu***@didichuxing.com""}",2025010123001445901455630785	,2025-01-01 14:40:57,17.75,OUT,滴滴出行,4573,特惠快车-刘师傅-01月01日行程 - 交通出行,1703,2.0.0,0,2026-02-04 15:49:35,PARSED,3,2026-02-04 15:49:38,3,2026-02-04 15:49:38,0,网约车
507,2,3,ALIPAY,PLATFORM_ORDER,6613dc8d505c7a72c1ca8c3cbc5e1856,"{""amount"": ""27.01"", ""remark"": """", ""tradeTime"": ""2025-08-27 23:55:05"", ""tradeStatus"": ""交易成功"", ""counterparty"": ""杭州柏鹿信息技术有限公司"", ""tradeOrderNo"": ""20250827020070011580900023508573\t"", ""paymentMethod"": """", ""tradeCategory"": ""转账红包"", ""incomeOrExpense"": ""收入"", ""merchantOrderNo"": ""XC182748245479986508\t"", ""productDescription"": ""小蚕提现"", ""counterpartyAccount"": ""/""}",20250827020070011580900023508573	,2025-08-27 23:55:05,27.01,IN,杭州柏鹿信息技术有限公司,null,小蚕提现 - 转账红包,3203,2.0.0,0,2026-02-04 15:49:34,PARSED,3,2026-02-04 15:49:36,3,2026-02-04 15:49:36,0,储蓄卡⇄支付平台
333,2,3,ALIPAY,PLATFORM_ORDER,3b9a0583f7f8f6fe67c5f02a81a3f701,"{""amount"": ""1.00"", ""remark"": """", ""tradeTime"": ""2025-11-03 23:44:03"", ""tradeStatus"": ""交易成功"", ""counterparty"": ""上海公共交通卡股份有限公司"", ""tradeOrderNo"": ""2025110322001445901446875302\t"", ""paymentMethod"": ""宁波银行信用卡(4573)"", ""tradeCategory"": ""交通出行"", ""incomeOrExpense"": ""支出"", ""merchantOrderNo"": ""25110323440310500080\t"", ""productDescription"": ""上海公交-803路-2025-11-03 21:44:00"", ""counterpartyAccount"": ""jtk***@sptcc.com""}",2025110322001445901446875302	,2025-11-03 23:44:03,1.00,OUT,上海公共交通卡股份有限公司,4573,上海公交-803路-2025-11-03 21:44:00 - 交通出行,203,2.0.0,0,2026-02-04 15:49:34,PARSED,3,2026-02-04 15:49:36,3,2026-02-04 15:49:36,0,交通补贴
334,2,3,ALIPAY,PLATFORM_ORDER,b36a906e64526995bbb575e7d6b58307,"{""amount"": ""3.00"", ""remark"": """", ""tradeTime"": ""2025-11-03 23:25:27"", ""tradeStatus"": ""交易成功"", ""counterparty"": ""上海公共交通卡股份有限公司"", ""tradeOrderNo"": ""2025110322001445901446272073\t"", ""paymentMethod"": ""宁波银行信用卡(4573)"", ""tradeCategory"": ""交通出行"", ""incomeOrExpense"": ""支出"", ""merchantOrderNo"": ""25110323252710400006\t"", ""productDescription"": ""上海地铁-漕河泾开发区-2025-11-03 21:09:25-七宝-2025-11-03 21:25:24"", ""counterpartyAccount"": ""zfb***@sptcc.com""}",2025110322001445901446272073	,2025-11-03 23:25:27,3.00,OUT,上海公共交通卡股份有限公司,4573,上海地铁-漕河泾开发区-2025-11-03 21:09:25-七宝-2025-11-03 21:25:24 - 交通出行,203,2.0.0,0,2026-02-04 15:49:34,PARSED,3,2026-02-04 15:49:36,3,2026-02-04 15:49:36,0,交通补贴
335,2,3,ALIPAY,PLATFORM_ORDER,9eea4ddc14d866282205b16114154bea,"{""amount"": ""21.44"", ""remark"": """", ""tradeTime"": ""2025-11-03 18:18:44"", ""tradeStatus"": ""交易成功"", ""counterparty"": ""兰州牛肉面上海虹梅路店"", ""tradeOrderNo"": ""2025110322001445901434356917\t"", ""paymentMethod"": ""宁波银行信用卡(4573)&红包"", ""tradeCategory"": ""餐饮美食"", ""incomeOrExpense"": ""支出"", ""merchantOrderNo"": ""0112660000481800007895218626114498\t"", ""productDescription"": ""兰州牛肉面上海虹梅路店"", ""counterpartyAccount"": ""/""}",2025110322001445901434356917	,2025-11-03 18:18:44,21.44,OUT,兰州牛肉面上海虹梅路店,4573,兰州牛肉面上海虹梅路店 - 餐饮美食,1601,2.0.0,0,2026-02-04 15:49:34,PARSED,3,2026-02-04 15:49:36,3,2026-02-04 15:49:36,0,三餐
336,2,3,ALIPAY,PLATFORM_ORDER,33259a508fc87ad6a7d568c7f46d114e,"{""amount"": ""1.00"", ""remark"": """", ""tradeTime"": ""2025-11-03 10:53:40"", ""tradeStatus"": ""交易成功"", ""counterparty"": ""上海公共交通卡股份有限公司"", ""tradeOrderNo"": ""2025110322001445901439851996\t"", ""paymentMethod"": ""宁波银行信用卡(4573)&宁波银行立减金"", ""tradeCategory"": ""交通出行"", ""incomeOrExpense"": ""支出"", ""merchantOrderNo"": ""25110310533910400194\t"", ""productDescription"": ""上海地铁-七宝-2025-11-03 08:42:53-漕河泾开发区-2025-11-03 08:53:36"", ""counterpartyAccount"": ""zfb***@sptcc.com""}",2025110322001445901439851996	,2025-11-03 10:53:40,1.00,OUT,上海公共交通卡股份有限公司,4573,上海地铁-七宝-2025-11-03 08:42:53-漕河泾开发区-2025-11-03 08:53:36 - 交通出行,203,2.0.0,0,2026-02-04 15:49:34,PARSED,3,2026-02-04 15:49:36,3,2026-02-04 15:49:36,0,交通补贴
337,2,3,ALIPAY,PLATFORM_ORDER,4128c4e9cb449049248de827f5ac1d74,"{""amount"": ""2.00"", ""remark"": """", ""tradeTime"": ""2025-11-03 10:03:43"", ""tradeStatus"": ""交易成功"", ""counterparty"": ""上海公共交通卡股份有限公司"", ""tradeOrderNo"": ""2025110322001445901439708212\t"", ""paymentMethod"": ""宁波银行信用卡(4573)"", ""tradeCategory"": ""交通出行"", ""incomeOrExpense"": ""支出"", ""merchantOrderNo"": ""25110310034310400360\t"", ""productDescription"": ""上海公交-803路-2025-11-03 08:03:40"", ""counterpartyAccount"": ""jtk***@sptcc.com""}",2025110322001445901439708212	,2025-11-03 10:03:43,2.00,OUT,上海公共交通卡股份有限公司,4573,上海公交-803路-2025-11-03 08:03:40 - 交通出行,203,2.0.0,0,2026-02-04 15:49:34,PARSED,3,2026-02-04 15:49:36,3,2026-02-04 15:49:36,0,交通补贴
338,2,3,ALIPAY,PLATFORM_ORDER,bc8bb0a36af584e126353a5fd31b3234,"{""amount"": ""1.00"", ""remark"": """", ""tradeTime"": ""2025-11-01 19:58:21"", ""tradeStatus"": ""交易成功"", ""counterparty"": ""上海公共交通卡股份有限公司"", ""tradeOrderNo"": ""2025110122001445901426955029\t"", ""paymentMethod"": ""宁波银行信用卡(4573)"", ""tradeCategory"": ""交通出行"", ""incomeOrExpense"": ""支出"", ""merchantOrderNo"": ""25110119582110500266\t"", ""productDescription"": ""上海公交-803路-2025-11-01 17:58:18"", ""counterpartyAccount"": ""jtk***@sptcc.com""}",2025110122001445901426955029	,2025-11-01 19:58:21,1.00,OUT,上海公共交通卡股份有限公司,4573,上海公交-803路-2025-11-01 17:58:18 - 交通出行,203,2.0.0,0,2026-02-04 15:49:34,PARSED,3,2026-02-04 15:49:36,3,2026-02-04 15:49:36,0,交通补贴
339,2,3,ALIPAY,PLATFORM_ORDER,458d93635a1f4209c8ce85a4f2a8e808,"{""amount"": ""3.00"", ""remark"": """", ""tradeTime"": ""2025-11-01 19:45:23"", ""tradeStatus"": ""交易成功"", ""counterparty"": ""上海公共交通卡股份有限公司"", ""tradeOrderNo"": ""2025110122001445901427011961\t"", ""paymentMethod"": ""宁波银行信用卡(4573)"", ""tradeCategory"": ""交通出行"", ""incomeOrExpense"": ""支出"", ""merchantOrderNo"": ""25110119452310500111\t"", ""productDescription"": ""上海地铁-漕河泾开发区-2025-11-01 17:19:08-七宝-2025-11-01 17:45:20"", ""counterpartyAccount"": ""zfb***@sptcc.com""}",2025110122001445901427011961	,2025-11-01 19:45:23,3.00,OUT,上海公共交通卡股份有限公司,4573,上海地铁-漕河泾开发区-2025-11-01 17:19:08-七宝-2025-11-01 17:45:20 - 交通出行,203,2.0.0,0,2026-02-04 15:49:34,PARSED,3,2026-02-04 15:49:36,3,2026-02-04 15:49:36,0,交通补贴
340,2,3,ALIPAY,PLATFORM_ORDER,b56f752048b763f0cbf2b6007214cafe,"{""amount"": ""1.76"", ""remark"": """", ""tradeTime"": ""2025-11-01 10:28:09"", ""tradeStatus"": ""交易成功"", ""counterparty"": ""上海公共交通卡股份有限公司"", ""tradeOrderNo"": ""2025110122001445901425805082\t"", ""paymentMethod"": ""宁波银行信用卡(4573)&宁波银行立减金"", ""tradeCategory"": ""交通出行"", ""incomeOrExpense"": ""支出"", ""merchantOrderNo"": ""25110110280910400162\t"", ""productDescription"": ""上海地铁-七宝-2025-11-01 08:16:12-漕河泾开发区-2025-11-01 08:28:06"", ""counterpartyAccount"": ""zfb***@sptcc.com""}",2025110122001445901425805082	,2025-11-01 10:28:09,1.76,OUT,上海公共交通卡股份有限公司,4573,上海地铁-七宝-2025-11-01 08:16:12-漕河泾开发区-2025-11-01 08:28:06 - 交通出行,203,2.0.0,0,2026-02-04 15:49:34,PARSED,3,2026-02-04 15:49:36,3,2026-02-04 15:49:36,0,交通补贴
341,2,3,ALIPAY,PLATFORM_ORDER,3ea977bac67899bf15cd10818e8dc5ed,"{""amount"": ""2.00"", ""remark"": """", ""tradeTime"": ""2025-11-01 09:41:00"", ""tradeStatus"": ""交易成功"", ""counterparty"": ""上海公共交通卡股份有限公司"", ""tradeOrderNo"": ""2025110122001445901423508389\t"", ""paymentMethod"": ""宁波银行信用卡(4573)"", ""tradeCategory"": ""交通出行"", ""incomeOrExpense"": ""支出"", ""merchantOrderNo"": ""25110109410010400015\t"", ""productDescription"": ""上海公交-803路-2025-11-01 07:40:57"", ""counterpartyAccount"": ""jtk***@sptcc.com""}",2025110122001445901423508389	,2025-11-01 09:41:00,2.00,OUT,上海公共交通卡股份有限公司,4573,上海公交-803路-2025-11-01 07:40:57 - 交通出行,203,2.0.0,0,2026-02-04 15:49:34,PARSED,3,2026-02-04 15:49:36,3,2026-02-04 15:49:36,0,交通补贴
342,2,3,ALIPAY,PLATFORM_ORDER,968d6121e9f9e33cc2912a2a91022b40,"{""amount"": ""0.70"", ""remark"": """", ""tradeTime"": ""2025-11-01 08:10:12"", ""tradeStatus"": ""交易成功"", ""counterparty"": ""沪松公路五店"", ""tradeOrderNo"": ""2025110123001445901425140748\t"", ""paymentMethod"": ""宁波银行信用卡(4573)&碰一下立减&到店扫码红包"", ""tradeCategory"": ""日用百货"", ""incomeOrExpense"": ""支出"", ""merchantOrderNo"": ""SXA1O110473538425\t"", ""productDescription"": ""上海全家便利店"", ""counterpartyAccount"": ""180***@qq.com""}",2025110123001445901425140748	,2025-11-01 08:10:12,0.70,OUT,沪松公路五店,4573,上海全家便利店 - 日用百货,1802,2.0.0,0,2026-02-04 15:49:34,PARSED,3,2026-02-04 15:49:36,3,2026-02-04 15:49:36,0,便利店
343,2,3,ALIPAY,PLATFORM_ORDER,12129ac1d2bb4d4385cc157c25f84f7f,"{""amount"": ""1.00"", ""remark"": """", ""tradeTime"": ""2025-10-31 23:12:04"", ""tradeStatus"": ""交易成功"", ""counterparty"": ""上海公共交通卡股份有限公司"", ""tradeOrderNo"": ""2025103122001445901419708587\t"", ""paymentMethod"": ""宁波银行信用卡(4573)"", ""tradeCategory"": ""交通出行"", ""incomeOrExpense"": ""支出"", ""merchantOrderNo"": ""25103123120410500025\t"", ""productDescription"": ""上海公交-189路-2025-10-31 21:12:01"", ""counterpartyAccount"": ""jtk***@sptcc.com""}",2025103122001445901419708587	,2025-10-31 23:12:04,1.00,OUT,上海公共交通卡股份有限公司,4573,上海公交-189路-2025-10-31 21:12:01 - 交通出行,203,2.0.0,0,2026-02-04 15:49:34,PARSED,3,2026-02-04 15:49:36,3,2026-02-04 15:49:36,0,交通补贴
344,2,3,ALIPAY,PLATFORM_ORDER,6bfa575c091cfbd3912052a7b2eeb9bc,"{""amount"": ""3.00"", ""remark"": """", ""tradeTime"": ""2025-10-31 23:09:30"", ""tradeStatus"": ""交易成功"", ""counterparty"": ""上海公共交通卡股份有限公司"", ""tradeOrderNo"": ""2025103122001445901420334707\t"", ""paymentMethod"": ""宁波银行信用卡(4573)"", ""tradeCategory"": ""交通出行"", ""incomeOrExpense"": ""支出"", ""merchantOrderNo"": ""25103123093010500020\t"", ""productDescription"": ""上海地铁-漕河泾开发区-2025-10-31 20:54:38-七宝-2025-10-31 21:09:27"", ""counterpartyAccount"": ""zfb***@sptcc.com""}",2025103122001445901420334707	,2025-10-31 23:09:30,3.00,OUT,上海公共交通卡股份有限公司,4573,上海地铁-漕河泾开发区-2025-10-31 20:54:38-七宝-2025-10-31 21:09:27 - 交通出行,203,2.0.0,0,2026-02-04 15:49:34,PARSED,3,2026-02-04 15:49:36,3,2026-02-04 15:49:36,0,交通补贴
345,2,3,ALIPAY,PLATFORM_ORDER,31e971366c10f4719c0c7394056b47dc,"{""amount"": ""1.76"", ""remark"": """", ""tradeTime"": ""2025-10-31 10:48:22"", ""tradeStatus"": ""交易成功"", ""counterparty"": ""上海公共交通卡股份有限公司"", ""tradeOrderNo"": ""2025103122001445901420219286\t"", ""paymentMethod"": ""宁波银行信用卡(4573)&宁波银行立减金"", ""tradeCategory"": ""交通出行"", ""incomeOrExpense"": ""支出"", ""merchantOrderNo"": ""25103110482110500110\t"", ""productDescription"": ""上海地铁-七宝-2025-10-31 08:37:57-漕河泾开发区-2025-10-31 08:48:18"", ""counterpartyAccount"": ""zfb***@sptcc.com""}",2025103122001445901420219286	,2025-10-31 10:48:22,1.76,OUT,上海公共交通卡股份有限公司,4573,上海地铁-七宝-2025-10-31 08:37:57-漕河泾开发区-2025-10-31 08:48:18 - 交通出行,203,2.0.0,0,2026-02-04 15:49:34,PARSED,3,2026-02-04 15:49:36,3,2026-02-04 15:49:36,0,交通补贴
346,2,3,ALIPAY,PLATFORM_ORDER,862c4ca85fd352d2710c8c9a9dff9d95,"{""amount"": ""2.00"", ""remark"": """", ""tradeTime"": ""2025-10-31 10:00:45"", ""tradeStatus"": ""交易成功"", ""counterparty"": ""上海公共交通卡股份有限公司"", ""tradeOrderNo"": ""2025103122001445901419901541\t"", ""paymentMethod"": ""宁波银行信用卡(4573)"", ""tradeCategory"": ""交通出行"", ""incomeOrExpense"": ""支出"", ""merchantOrderNo"": ""25103110004510500480\t"", ""productDescription"": ""上海公交-803路-2025-10-31 08:00:42"", ""counterpartyAccount"": ""jtk***@sptcc.com""}",2025103122001445901419901541	,2025-10-31 10:00:45,2.00,OUT,上海公共交通卡股份有限公司,4573,上海公交-803路-2025-10-31 08:00:42 - 交通出行,203,2.0.0,0,2026-02-04 15:49:34,PARSED,3,2026-02-04 15:49:36,3,2026-02-04 15:49:36,0,交通补贴
347,2,3,ALIPAY,PLATFORM_ORDER,bece0cac527258ee23c7e45fe6b5ac63,"{""amount"": ""0.80"", ""remark"": """", ""tradeTime"": ""2025-10-31 08:32:10"", ""tradeStatus"": ""交易成功"", ""counterparty"": ""沪松公路五店"", ""tradeOrderNo"": ""2025103122001445901418371249\t"", ""paymentMethod"": ""宁波银行信用卡(4573)&红包"", ""tradeCategory"": ""日用百货"", ""incomeOrExpense"": ""支出"", ""merchantOrderNo"": ""SXA1O110405457025\t"", ""productDescription"": ""上海全家便利店"", ""counterpartyAccount"": ""180***@qq.com""}",2025103122001445901418371249	,2025-10-31 08:32:10,0.80,OUT,沪松公路五店,4573,上海全家便利店 - 日用百货,1802,2.0.0,0,2026-02-04 15:49:34,PARSED,3,2026-02-04 15:49:36,3,2026-02-04 15:49:36,0,便利店
348,2,3,ALIPAY,PLATFORM_ORDER,101d9674bf49f5b852be68f3cee1752b,"{""amount"": ""1.00"", ""remark"": """", ""tradeTime"": ""2025-10-30 23:44:12"", ""tradeStatus"": ""交易成功"", ""counterparty"": ""上海公共交通卡股份有限公司"", ""tradeOrderNo"": ""2025103022001445901413465416\t"", ""paymentMethod"": ""宁波银行信用卡(4573)"", ""tradeCategory"": ""交通出行"", ""incomeOrExpense"": ""支出"", ""merchantOrderNo"": ""25103023441210500044\t"", ""productDescription"": ""上海公交-803路-2025-10-30 21:44:09"", ""counterpartyAccount"": ""jtk***@sptcc.com""}",2025103022001445901413465416	,2025-10-30 23:44:12,1.00,OUT,上海公共交通卡股份有限公司,4573,上海公交-803路-2025-10-30 21:44:09 - 交通出行,203,2.0.0,0,2026-02-04 15:49:34,PARSED,3,2026-02-04 15:49:36,3,2026-02-04 15:49:36,0,交通补贴
349,2,3,ALIPAY,PLATFORM_ORDER,2f8e65299eaa8278b90ae96ab408788e,"{""amount"": ""3.00"", ""remark"": """", ""tradeTime"": ""2025-10-30 23:31:23"", ""tradeStatus"": ""交易成功"", ""counterparty"": ""上海公共交通卡股份有限公司"", ""tradeOrderNo"": ""2025103022001445901419270714\t"", ""paymentMethod"": ""宁波银行信用卡(4573)"", ""tradeCategory"": ""交通出行"", ""incomeOrExpense"": ""支出"", ""merchantOrderNo"": ""25103023312310500060\t"", ""productDescription"": ""上海地铁-漕河泾开发区-2025-10-30 21:19:58-七宝-2025-10-30 21:31:20"", ""counterpartyAccount"": ""zfb***@sptcc.com""}",2025103022001445901419270714	,2025-10-30 23:31:23,3.00,OUT,上海公共交通卡股份有限公司,4573,上海地铁-漕河泾开发区-2025-10-30 21:19:58-七宝-2025-10-30 21:31:20 - 交通出行,203,2.0.0,0,2026-02-04 15:49:34,PARSED,3,2026-02-04 15:49:36,3,2026-02-04 15:49:36,0,交通补贴
350,2,3,ALIPAY,PLATFORM_ORDER,82c5999b70def9b13f84d03b0802961d,"{""amount"": ""1.76"", ""remark"": """", ""tradeTime"": ""2025-10-30 10:55:16"", ""tradeStatus"": ""交易成功"", ""counterparty"": ""上海公共交通卡股份有限公司"", ""tradeOrderNo"": ""2025103022001445901413206200\t"", ""paymentMethod"": ""宁波银行信用卡(4573)&宁波银行立减金"", ""tradeCategory"": ""交通出行"", ""incomeOrExpense"": ""支出"", ""merchantOrderNo"": ""25103010551510500462\t"", ""productDescription"": ""上海地铁-七宝-2025-10-30 08:44:52-漕河泾开发区-2025-10-30 08:55:12"", ""counterpartyAccount"": ""zfb***@sptcc.com""}",2025103022001445901413206200	,2025-10-30 10:55:16,1.76,OUT,上海公共交通卡股份有限公司,4573,上海地铁-七宝-2025-10-30 08:44:52-漕河泾开发区-2025-10-30 08:55:12 - 交通出行,203,2.0.0,0,2026-02-04 15:49:34,PARSED,3,2026-02-04 15:49:36,3,2026-02-04 15:49:36,0,交通补贴
351,2,3,ALIPAY,PLATFORM_ORDER,e2d614653f8dc4093cd17c184d152390,"{""amount"": ""2.00"", ""remark"": """", ""tradeTime"": ""2025-10-30 10:02:34"", ""tradeStatus"": ""交易成功"", ""counterparty"": ""上海公共交通卡股份有限公司"", ""tradeOrderNo"": ""2025103022001445901413207940\t"", ""paymentMethod"": ""宁波银行信用卡(4573)"", ""tradeCategory"": ""交通出行"", ""incomeOrExpense"": ""支出"", ""merchantOrderNo"": ""25103010023410500252\t"", ""productDescription"": ""上海公交-803路-2025-10-30 08:02:31"", ""counterpartyAccount"": ""jtk***@sptcc.com""}",2025103022001445901413207940	,2025-10-30 10:02:34,2.00,OUT,上海公共交通卡股份有限公司,4573,上海公交-803路-2025-10-30 08:02:31 - 交通出行,203,2.0.0,0,2026-02-04 15:49:34,PARSED,3,2026-02-04 15:49:36,3,2026-02-04 15:49:36,0,交通补贴
352,2,3,ALIPAY,PLATFORM_ORDER,a150fdabe58afe93748e886f79236ef6,"{""amount"": ""2.60"", ""remark"": """", ""tradeTime"": ""2025-10-30 08:39:20"", ""tradeStatus"": ""交易成功"", ""counterparty"": ""沪松公路五店"", ""tradeOrderNo"": ""2025103022001445901407061704\t"", ""paymentMethod"": ""宁波银行信用卡(4573)&红包"", ""tradeCategory"": ""日用百货"", ""incomeOrExpense"": ""支出"", ""merchantOrderNo"": ""SXA1O110344077725\t"", ""productDescription"": ""上海全家便利店"", ""counterpartyAccount"": ""180***@qq.com""}",2025103022001445901407061704	,2025-10-30 08:39:20,2.60,OUT,沪松公路五店,4573,上海全家便利店 - 日用百货,1802,2.0.0,0,2026-02-04 15:49:34,PARSED,3,2026-02-04 15:49:36,3,2026-02-04 15:49:36,0,便利店
353,2,3,ALIPAY,PLATFORM_ORDER,3e404ace0d3a965cfb9b28926c2f45ae,"{""amount"": ""1.00"", ""remark"": """", ""tradeTime"": ""2025-10-29 23:19:03"", ""tradeStatus"": ""交易成功"", ""counterparty"": ""上海公共交通卡股份有限公司"", ""tradeOrderNo"": ""2025102922001445901406318649\t"", ""paymentMethod"": ""宁波银行信用卡(4573)"", ""tradeCategory"": ""交通出行"", ""incomeOrExpense"": ""支出"", ""merchantOrderNo"": ""25102923190310400072\t"", ""productDescription"": ""上海公交-803路-2025-10-29 21:19:00"", ""counterpartyAccount"": ""jtk***@sptcc.com""}",2025102922001445901406318649	,2025-10-29 23:19:03,1.00,OUT,上海公共交通卡股份有限公司,4573,上海公交-803路-2025-10-29 21:19:00 - 交通出行,203,2.0.0,0,2026-02-04 15:49:34,PARSED,3,2026-02-04 15:49:36,3,2026-02-04 15:49:36,0,交通补贴
354,2,3,ALIPAY,PLATFORM_ORDER,e69c876b1d173c6f5a14025af52b03ca,"{""amount"": ""3.00"", ""remark"": """", ""tradeTime"": ""2025-10-29 23:17:38"", ""tradeStatus"": ""交易成功"", ""counterparty"": ""上海公共交通卡股份有限公司"", ""tradeOrderNo"": ""2025102922001445901406017725\t"", ""paymentMethod"": ""宁波银行信用卡(4573)"", ""tradeCategory"": ""交通出行"", ""incomeOrExpense"": ""支出"", ""merchantOrderNo"": ""25102923173810400039\t"", ""productDescription"": ""上海地铁-漕河泾开发区-2025-10-29 21:06:55-七宝-2025-10-29 21:17:35"", ""counterpartyAccount"": ""zfb***@sptcc.com""}",2025102922001445901406017725	,2025-10-29 23:17:38,3.00,OUT,上海公共交通卡股份有限公司,4573,上海地铁-漕河泾开发区-2025-10-29 21:06:55-七宝-2025-10-29 21:17:35 - 交通出行,203,2.0.0,0,2026-02-04 15:49:34,PARSED,3,2026-02-04 15:49:36,3,2026-02-04 15:49:36,0,交通补贴
355,2,3,ALIPAY,PLATFORM_ORDER,06f34f5bfa63d61ad68f375f21d287f7,"{""amount"": ""1.76"", ""remark"": """", ""tradeTime"": ""2025-10-29 10:52:20"", ""tradeStatus"": ""交易成功"", ""counterparty"": ""上海公共交通卡股份有限公司"", ""tradeOrderNo"": ""2025102922001445901406127674\t"", ""paymentMethod"": ""宁波银行信用卡(4573)&宁波银行立减金"", ""tradeCategory"": ""交通出行"", ""incomeOrExpense"": ""支出"", ""merchantOrderNo"": ""25102910522010500062\t"", ""productDescription"": ""上海地铁-七宝-2025-10-29 08:40:56-漕河泾开发区-2025-10-29 08:52:17"", ""counterpartyAccount"": ""zfb***@sptcc.com""}",2025102922001445901406127674	,2025-10-29 10:52:20,1.76,OUT,上海公共交通卡股份有限公司,4573,上海地铁-七宝-2025-10-29 08:40:56-漕河泾开发区-2025-10-29 08:52:17 - 交通出行,203,2.0.0,0,2026-02-04 15:49:34,PARSED,3,2026-02-04 15:49:36,3,2026-02-04 15:49:36,0,交通补贴
356,2,3,ALIPAY,PLATFORM_ORDER,cc273abdeb6987d4b8070847c283f244,"{""amount"": ""2.00"", ""remark"": """", ""tradeTime"": ""2025-10-29 10:03:18"", ""tradeStatus"": ""交易成功"", ""counterparty"": ""上海公共交通卡股份有限公司"", ""tradeOrderNo"": ""2025102922001445901405918502\t"", ""paymentMethod"": ""宁波银行信用卡(4573)"", ""tradeCategory"": ""交通出行"", ""incomeOrExpense"": ""支出"", ""merchantOrderNo"": ""25102910031810400364\t"", ""productDescription"": ""上海公交-803路-2025-10-29 08:03:15"", ""counterpartyAccount"": ""jtk***@sptcc.com""}",2025102922001445901405918502	,2025-10-29 10:03:18,2.00,OUT,上海公共交通卡股份有限公司,4573,上海公交-803路-2025-10-29 08:03:15 - 交通出行,203,2.0.0,0,2026-02-04 15:49:34,PARSED,3,2026-02-04 15:49:36,3,2026-02-04 15:49:36,0,交通补贴
357,2,3,ALIPAY,PLATFORM_ORDER,7aaaa75ffaca0c476ff596a3a8c56e25,"{""amount"": ""2.20"", ""remark"": """", ""tradeTime"": ""2025-10-29 08:35:41"", ""tradeStatus"": ""交易成功"", ""counterparty"": ""沪松公路五店"", ""tradeOrderNo"": ""2025102922001445901453619439\t"", ""paymentMethod"": ""宁波银行信用卡(4573)&红包"", ""tradeCategory"": ""日用百货"", ""incomeOrExpense"": ""支出"", ""merchantOrderNo"": ""SXA1O110276946325\t"", ""productDescription"": ""上海全家便利店"", ""counterpartyAccount"": ""180***@qq.com""}",2025102922001445901453619439	,2025-10-29 08:35:41,2.20,OUT,沪松公路五店,4573,上海全家便利店 - 日用百货,1802,2.0.0,0,2026-02-04 15:49:34,PARSED,3,2026-02-04 15:49:36,3,2026-02-04 15:49:36,0,便利店
358,2,3,ALIPAY,PLATFORM_ORDER,0bac21fb83686e644d8d274a1e592022,"{""amount"": ""2.80"", ""remark"": """", ""tradeTime"": ""2025-10-28 08:41:43"", ""tradeStatus"": ""交易成功"", ""counterparty"": ""沪松公路五店"", ""tradeOrderNo"": ""2025102823001445901454134060\t"", ""paymentMethod"": ""宁波银行信用卡(4573)"", ""tradeCategory"": ""日用百货"", ""incomeOrExpense"": ""支出"", ""merchantOrderNo"": ""SXA1O110213495225\t"", ""productDescription"": ""上海全家便利店"", ""counterpartyAccount"": ""180***@qq.com""}",2025102823001445901454134060	,2025-10-28 08:41:43,2.80,OUT,沪松公路五店,4573,上海全家便利店 - 日用百货,1802,2.0.0,0,2026-02-04 15:49:34,PARSED,3,2026-02-04 15:49:36,3,2026-02-04 15:49:36,0,便利店
359,2,3,ALIPAY,PLATFORM_ORDER,31ea1031861d537f7510a148264be92b,"{""amount"": ""1.00"", ""remark"": """", ""tradeTime"": ""2025-10-26 22:02:31"", ""tradeStatus"": ""交易成功"", ""counterparty"": ""上海公共交通卡股份有限公司"", ""tradeOrderNo"": ""2025102622001445901445057482\t"", ""paymentMethod"": ""宁波银行信用卡(4573)"", ""tradeCategory"": ""交通出行"", ""incomeOrExpense"": ""支出"", ""merchantOrderNo"": ""25102622023110500080\t"", ""productDescription"": ""上海公交-803路-2025-10-26 20:02:28"", ""counterpartyAccount"": ""jtk***@sptcc.com""}",2025102622001445901445057482	,2025-10-26 22:02:31,1.00,OUT,上海公共交通卡股份有限公司,4573,上海公交-803路-2025-10-26 20:02:28 - 交通出行,203,2.0.0,0,2026-02-04 15:49:34,PARSED,3,2026-02-04 15:49:36,3,2026-02-04 15:49:36,0,交通补贴
360,2,3,ALIPAY,PLATFORM_ORDER,0db2cda7af76cd15987b287e221c60fa,"{""amount"": ""3.00"", ""remark"": """", ""tradeTime"": ""2025-10-26 21:53:44"", ""tradeStatus"": ""交易成功"", ""counterparty"": ""上海公共交通卡股份有限公司"", ""tradeOrderNo"": ""2025102622001445901446279225\t"", ""paymentMethod"": ""宁波银行信用卡(4573)"", ""tradeCategory"": ""交通出行"", ""incomeOrExpense"": ""支出"", ""merchantOrderNo"": ""25102621534410400036\t"", ""productDescription"": ""上海地铁-漕河泾开发区-2025-10-26 19:42:50-七宝-2025-10-26 19:53:41"", ""counterpartyAccount"": ""zfb***@sptcc.com""}",2025102622001445901446279225	,2025-10-26 21:53:44,3.00,OUT,上海公共交通卡股份有限公司,4573,上海地铁-漕河泾开发区-2025-10-26 19:42:50-七宝-2025-10-26 19:53:41 - 交通出行,203,2.0.0,0,2026-02-04 15:49:34,PARSED,3,2026-02-04 15:49:36,3,2026-02-04 15:49:36,0,交通补贴
361,2,3,ALIPAY,PLATFORM_ORDER,2a170f99e45f78453331a624027f0cc2,"{""amount"": ""4.46"", ""remark"": """", ""tradeTime"": ""2025-10-26 14:28:48"", ""tradeStatus"": ""交易成功"", ""counterparty"": ""云账户综合服务平台"", ""tradeOrderNo"": ""20251026020070011550900013821469\t"", ""paymentMethod"": """", ""tradeCategory"": ""转账红包"", ""incomeOrExpense"": ""收入"", ""merchantOrderNo"": ""1121909195680497740\t"", ""productDescription"": ""云账户"", ""counterpartyAccount"": ""/""}",20251026020070011550900013821469	,2025-10-26 14:28:48,4.46,IN,云账户综合服务平台,null,云账户 - 转账红包,3704,2.0.0,0,2026-02-04 15:49:34,PARSED,3,2026-02-04 15:49:36,3,2026-02-04 15:49:36,0,转账入账
362,2,3,ALIPAY,PLATFORM_ORDER,669afddc892a65aeb3ed4728e7edd0e7,"{""amount"": ""28.07"", ""remark"": """", ""tradeTime"": ""2025-10-26 14:28:44"", ""tradeStatus"": ""交易成功"", ""counterparty"": ""杭州柏鹿信息技术有限公司"", ""tradeOrderNo"": ""20251026020070011550900013881155\t"", ""paymentMethod"": """", ""tradeCategory"": ""转账红包"", ""incomeOrExpense"": ""收入"", ""merchantOrderNo"": ""XC203161851479986508\t"", ""productDescription"": ""小蚕提现"", ""counterpartyAccount"": ""/""}",20251026020070011550900013881155	,2025-10-26 14:28:44,28.07,IN,杭州柏鹿信息技术有限公司,null,小蚕提现 - 转账红包,3203,2.0.0,0,2026-02-04 15:49:34,PARSED,3,2026-02-04 15:49:36,3,2026-02-04 15:49:36,0,储蓄卡⇄支付平台
363,2,3,ALIPAY,PLATFORM_ORDER,6e109b6aa425f5bcb1daf45d32e23dd9,"{""amount"": ""2.64"", ""remark"": """", ""tradeTime"": ""2025-10-26 10:48:28"", ""tradeStatus"": ""交易成功"", ""counterparty"": ""上海公共交通卡股份有限公司"", ""tradeOrderNo"": ""2025102622001445901446043253\t"", ""paymentMethod"": ""宁波银行信用卡(4573)&宁波银行立减金"", ""tradeCategory"": ""交通出行"", ""incomeOrExpense"": ""支出"", ""merchantOrderNo"": ""25102610482810500112\t"", ""productDescription"": ""上海地铁-七宝-2025-10-26 08:32:43-漕河泾开发区-2025-10-26 08:48:25"", ""counterpartyAccount"": ""zfb***@sptcc.com""}",2025102622001445901446043253	,2025-10-26 10:48:28,2.64,OUT,上海公共交通卡股份有限公司,4573,上海地铁-七宝-2025-10-26 08:32:43-漕河泾开发区-2025-10-26 08:48:25 - 交通出行,203,2.0.0,0,2026-02-04 15:49:34,PARSED,3,2026-02-04 15:49:36,3,2026-02-04 15:49:36,0,交通补贴
364,2,3,ALIPAY,PLATFORM_ORDER,d2557a3f788e105428d9784b79a0e871,"{""amount"": ""21.49"", ""remark"": """", ""tradeTime"": ""2025-10-26 08:34:06"", ""tradeStatus"": ""交易成功"", ""counterparty"": ""滴滴出行"", ""tradeOrderNo"": ""2025102622001445901433720022\t"", ""paymentMethod"": ""宁波银行信用卡(4573)&宁波银行立减金"", ""tradeCategory"": ""交通出行"", ""incomeOrExpense"": ""支出"", ""merchantOrderNo"": ""212_202510268469864401302381\t"", ""productDescription"": ""特惠快车打车-王师傅-10月26日行程"", ""counterpartyAccount"": ""chu***@didichuxing.com""}",2025102622001445901433720022	,2025-10-26 08:34:06,21.49,OUT,滴滴出行,4573,特惠快车打车-王师傅-10月26日行程 - 交通出行,1703,2.0.0,0,2026-02-04 15:49:34,PARSED,3,2026-02-04 15:49:36,3,2026-02-04 15:49:36,0,网约车
365,2,3,ALIPAY,PLATFORM_ORDER,31888741cdd5089bde09e5ef0506ed9d,"{""amount"": ""9.13"", ""remark"": """", ""tradeTime"": ""2025-10-25 23:09:00"", ""tradeStatus"": ""交易成功"", ""counterparty"": ""淘宝闪购"", ""tradeOrderNo"": ""2025102522001145901435986495\t"", ""paymentMethod"": ""宁波银行信用卡(4573)"", ""tradeCategory"": ""日用百货"", ""incomeOrExpense"": ""支出"", ""merchantOrderNo"": ""13230600725102598124939796052\t"", ""productDescription"": ""世纪生活超市(华漕店)"", ""counterpartyAccount"": ""ele***@service.aliyun.com""}",2025102522001145901435986495	,2025-10-25 23:09:00,9.13,OUT,淘宝闪购,4573,世纪生活超市(华漕店) - 日用百货,1803,2.0.0,0,2026-02-04 15:49:34,PARSED,3,2026-02-04 15:49:36,3,2026-02-04 15:49:36,0,网购
366,2,3,ALIPAY,PLATFORM_ORDER,466db2dc2581dceb9ea53ed90f15cee0,"{""amount"": ""46.59"", ""remark"": """", ""tradeTime"": ""2025-10-25 19:02:54"", ""tradeStatus"": ""交易成功"", ""counterparty"": ""滴滴出行"", ""tradeOrderNo"": ""2025102522001445901433240723\t"", ""paymentMethod"": ""宁波银行信用卡(4573)&宁波银行立减金"", ""tradeCategory"": ""交通出行"", ""incomeOrExpense"": ""支出"", ""merchantOrderNo"": ""212_202510258469509101192092\t"", ""productDescription"": ""特惠快车打车-双师傅-10月25日行程"", ""counterpartyAccount"": ""chu***@didichuxing.com""}",2025102522001445901433240723	,2025-10-25 19:02:54,46.59,OUT,滴滴出行,4573,特惠快车打车-双师傅-10月25日行程 - 交通出行,1703,2.0.0,0,2026-02-04 15:49:34,PARSED,3,2026-02-04 15:49:36,3,2026-02-04 15:49:36,0,网约车
367,2,3,ALIPAY,PLATFORM_ORDER,b9357bc0f8773b90a257cf6bf904d7b0,"{""amount"": ""143.02"", ""remark"": """", ""tradeTime"": ""2025-10-25 11:00:04"", ""tradeStatus"": ""交易成功"", ""counterparty"": ""淘宝闪购"", ""tradeOrderNo"": ""2025102522001145901436824474\t"", ""paymentMethod"": ""宁波银行信用卡(4573)&宁波银行天天减"", ""tradeCategory"": ""其他"", ""incomeOrExpense"": ""支出"", ""merchantOrderNo"": ""13110600725102557626348796052\t"", ""productDescription"": ""乐高(上海宝山龙湖店)"", ""counterpartyAccount"": ""ele***@service.aliyun.com""}",2025102522001145901436824474	,2025-10-25 11:00:04,143.02,OUT,淘宝闪购,4573,乐高(上海宝山龙湖店) - 其他,1803,2.0.0,0,2026-02-04 15:49:34,PARSED,3,2026-02-04 15:49:36,3,2026-02-04 15:49:36,0,网购
368,2,3,ALIPAY,PLATFORM_ORDER,bec54ded89bbe46285cdac5a6adf1c6f,"{""amount"": ""20.00"", ""remark"": """", ""tradeTime"": ""2025-10-24 19:11:10"", ""tradeStatus"": ""交易成功"", ""counterparty"": ""上海公共交通卡股份有限公司"", ""tradeOrderNo"": ""2025102422001445901433537524\t"", ""paymentMethod"": ""招商银行储蓄卡(6527)"", ""tradeCategory"": ""交通出行"", ""incomeOrExpense"": ""支出"", ""merchantOrderNo"": ""25102419111010400142\t"", ""productDescription"": ""上海公共交通卡"", ""counterpartyAccount"": ""zfb***@sptcc.com""}",2025102422001445901433537524	,2025-10-24 19:11:10,20.00,OUT,上海公共交通卡股份有限公司,6527,上海公共交通卡 - 交通出行,203,2.0.0,0,2026-02-04 15:49:34,PARSED,3,2026-02-04 15:49:36,3,2026-02-04 15:49:36,0,交通补贴
369,2,3,ALIPAY,PLATFORM_ORDER,bd5d5884361c453013cd4619944fc8b8,"{""amount"": ""0.80"", ""remark"": """", ""tradeTime"": ""2025-10-24 08:36:19"", ""tradeStatus"": ""交易成功"", ""counterparty"": ""沪松公路五店"", ""tradeOrderNo"": ""2025102422001445901426525711\t"", ""paymentMethod"": ""宁波银行信用卡(4573)&碰友日立减"", ""tradeCategory"": ""日用百货"", ""incomeOrExpense"": ""支出"", ""merchantOrderNo"": ""SXA1O109971090125\t"", ""productDescription"": ""上海全家便利店"", ""counterpartyAccount"": ""180***@qq.com""}",2025102422001445901426525711	,2025-10-24 08:36:19,0.80,OUT,沪松公路五店,4573,上海全家便利店 - 日用百货,1802,2.0.0,0,2026-02-04 15:49:34,PARSED,3,2026-02-04 15:49:36,3,2026-02-04 15:49:36,0,便利店
370,2,3,ALIPAY,PLATFORM_ORDER,818cde747267f6518f63f9f668cda229,"{""amount"": ""2.00"", ""remark"": """", ""tradeTime"": ""2025-10-23 23:19:31"", ""tradeStatus"": ""交易成功"", ""counterparty"": ""上海随申行智慧交通科技有限公司"", ""tradeOrderNo"": ""2025102322001445901424818380\t"", ""paymentMethod"": ""宁波银行信用卡(4573)"", ""tradeCategory"": ""交通出行"", ""incomeOrExpense"": ""支出"", ""merchantOrderNo"": ""fbf8be089464423aa83ba7fa1d3f7f42\t"", ""productDescription"": ""上海公交-803路-2025-10-23 21:19:27"", ""counterpartyAccount"": ""ssx***@shmaas.cn""}",2025102322001445901424818380	,2025-10-23 23:19:31,2.00,OUT,上海随申行智慧交通科技有限公司,4573,上海公交-803路-2025-10-23 21:19:27 - 交通出行,203,2.0.0,0,2026-02-04 15:49:34,PARSED,3,2026-02-04 15:49:36,3,2026-02-04 15:49:36,0,交通补贴
371,2,3,ALIPAY,PLATFORM_ORDER,ee17a0c3e5bf1a55758815955cca74c8,"{""amount"": ""3.00"", ""remark"": """", ""tradeTime"": ""2025-10-23 23:17:24"", ""tradeStatus"": ""交易成功"", ""counterparty"": ""上海公共交通卡股份有限公司"", ""tradeOrderNo"": ""2025102322001445901422122222\t"", ""paymentMethod"": ""宁波银行信用卡(4573)"", ""tradeCategory"": ""交通出行"", ""incomeOrExpense"": ""支出"", ""merchantOrderNo"": ""25102323172410400171\t"", ""productDescription"": ""上海地铁-漕河泾开发区-2025-10-23 21:07:22-七宝-2025-10-23 21:17:21"", ""counterpartyAccount"": ""zfb***@sptcc.com""}",2025102322001445901422122222	,2025-10-23 23:17:24,3.00,OUT,上海公共交通卡股份有限公司,4573,上海地铁-漕河泾开发区-2025-10-23 21:07:22-七宝-2025-10-23 21:17:21 - 交通出行,203,2.0.0,0,2026-02-04 15:49:34,PARSED,3,2026-02-04 15:49:36,3,2026-02-04 15:49:36,0,交通补贴
372,2,3,ALIPAY,PLATFORM_ORDER,e622572dae4c5d0a1873d11a94fadc27,"{""amount"": ""16.10"", ""remark"": """", ""tradeTime"": ""2025-10-23 18:27:41"", ""tradeStatus"": ""交易成功"", ""counterparty"": ""兰州牛肉面上海虹梅路店"", ""tradeOrderNo"": ""2025102322001445901419799152\t"", ""paymentMethod"": ""宁波银行信用卡(4573)&红包"", ""tradeCategory"": ""餐饮美食"", ""incomeOrExpense"": ""支出"", ""merchantOrderNo"": ""2912660000481800007895005855921023\t"", ""productDescription"": ""兰州牛肉面上海虹梅路店"", ""counterpartyAccount"": ""/""}",2025102322001445901419799152	,2025-10-23 18:27:41,16.10,OUT,兰州牛肉面上海虹梅路店,4573,兰州牛肉面上海虹梅路店 - 餐饮美食,1601,2.0.0,0,2026-02-04 15:49:34,PARSED,3,2026-02-04 15:49:36,3,2026-02-04 15:49:36,0,三餐
373,2,3,ALIPAY,PLATFORM_ORDER,65a9fa2de198fc0408bb67c500084aa1,"{""amount"": ""2.64"", ""remark"": """", ""tradeTime"": ""2025-10-23 10:55:42"", ""tradeStatus"": ""交易成功"", ""counterparty"": ""上海公共交通卡股份有限公司"", ""tradeOrderNo"": ""2025102322001445901426031655\t"", ""paymentMethod"": ""宁波银行信用卡(4573)&宁波银行立减金"", ""tradeCategory"": ""交通出行"", ""incomeOrExpense"": ""支出"", ""merchantOrderNo"": ""25102310554210400693\t"", ""productDescription"": ""上海地铁-七宝-2025-10-23 08:45:25-漕河泾开发区-2025-10-23 08:55:39"", ""counterpartyAccount"": ""zfb***@sptcc.com""}",2025102322001445901426031655	,2025-10-23 10:55:42,2.64,OUT,上海公共交通卡股份有限公司,4573,上海地铁-七宝-2025-10-23 08:45:25-漕河泾开发区-2025-10-23 08:55:39 - 交通出行,203,2.0.0,0,2026-02-04 15:49:34,PARSED,3,2026-02-04 15:49:36,3,2026-02-04 15:49:36,0,交通补贴
374,2,3,ALIPAY,PLATFORM_ORDER,f1da951c718efe486c27ddbfdbd351c0,"{""amount"": ""2.00"", ""remark"": """", ""tradeTime"": ""2025-10-23 10:08:11"", ""tradeStatus"": ""交易成功"", ""counterparty"": ""上海随申行智慧交通科技有限公司"", ""tradeOrderNo"": ""2025102322001445901425210786\t"", ""paymentMethod"": ""宁波银行信用卡(4573)"", ""tradeCategory"": ""交通出行"", ""incomeOrExpense"": ""支出"", ""merchantOrderNo"": ""e867216c7a264c7f8ee3ded9e8b67f42\t"", ""productDescription"": ""上海公交-803路-2025-10-23 08:08:06"", ""counterpartyAccount"": ""ssx***@shmaas.cn""}",2025102322001445901425210786	,2025-10-23 10:08:11,2.00,OUT,上海随申行智慧交通科技有限公司,4573,上海公交-803路-2025-10-23 08:08:06 - 交通出行,203,2.0.0,0,2026-02-04 15:49:34,PARSED,3,2026-02-04 15:49:36,3,2026-02-04 15:49:36,0,交通补贴
375,2,3,ALIPAY,PLATFORM_ORDER,29e141fc133626ff318aac8c2c0bca0a,"{""amount"": ""1.71"", ""remark"": """", ""tradeTime"": ""2025-10-23 08:40:32"", ""tradeStatus"": ""交易成功"", ""counterparty"": ""沪松公路五店"", ""tradeOrderNo"": ""2025102323001445901420217883\t"", ""paymentMethod"": ""宁波银行信用卡(4573)&红包"", ""tradeCategory"": ""日用百货"", ""incomeOrExpense"": ""支出"", ""merchantOrderNo"": ""SXA1O109905252125\t"", ""productDescription"": ""上海全家便利店"", ""counterpartyAccount"": ""180***@qq.com""}",2025102323001445901420217883	,2025-10-23 08:40:32,1.71,OUT,沪松公路五店,4573,上海全家便利店 - 日用百货,1802,2.0.0,0,2026-02-04 15:49:34,PARSED,3,2026-02-04 15:49:36,3,2026-02-04 15:49:36,0,便利店
376,2,3,ALIPAY,PLATFORM_ORDER,36620227db21af48a609daf96dea6a93,"{""amount"": ""18.54"", ""remark"": """", ""tradeTime"": ""2025-10-22 18:25:13"", ""tradeStatus"": ""交易成功"", ""counterparty"": ""兰州牛肉面上海虹梅路店"", ""tradeOrderNo"": ""2025102222001445901413286959\t"", ""paymentMethod"": ""工商银行储蓄卡(1637)&工商银行立减金&碰一下餐饮立减优惠"", ""tradeCategory"": ""餐饮美食"", ""incomeOrExpense"": ""支出"", ""merchantOrderNo"": ""6212660000481800007895218816858165\t"", ""productDescription"": ""兰州牛肉面上海虹梅路店"", ""counterpartyAccount"": ""/""}",2025102222001445901413286959	,2025-10-22 18:25:13,18.54,OUT,兰州牛肉面上海虹梅路店,1637,兰州牛肉面上海虹梅路店 - 餐饮美食,1601,2.0.0,0,2026-02-04 15:49:34,PARSED,3,2026-02-04 15:49:36,3,2026-02-04 15:49:36,0,三餐
377,2,3,ALIPAY,PLATFORM_ORDER,b080800e66f5b9cd446c6ab63338661c,"{""amount"": ""1.72"", ""remark"": """", ""tradeTime"": ""2025-10-22 08:39:51"", ""tradeStatus"": ""交易成功"", ""counterparty"": ""沪松公路五店"", ""tradeOrderNo"": ""2025102222001445901418443054\t"", ""paymentMethod"": ""宁波银行信用卡(4573)&红包"", ""tradeCategory"": ""日用百货"", ""incomeOrExpense"": ""支出"", ""merchantOrderNo"": ""SXA1O109840378025\t"", ""productDescription"": ""上海全家便利店"", ""counterpartyAccount"": ""180***@qq.com""}",2025102222001445901418443054	,2025-10-22 08:39:51,1.72,OUT,沪松公路五店,4573,上海全家便利店 - 日用百货,1802,2.0.0,0,2026-02-04 15:49:34,PARSED,3,2026-02-04 15:49:36,3,2026-02-04 15:49:36,0,便利店
378,2,3,ALIPAY,PLATFORM_ORDER,57f55485ac7ef2f83aabd34a2e2a388f,"{""amount"": ""5.49"", ""remark"": """", ""tradeTime"": ""2025-10-21 18:13:48"", ""tradeStatus"": ""交易成功"", ""counterparty"": ""友宝"", ""tradeOrderNo"": ""2025102122001445901405246499\t"", ""paymentMethod"": ""宁波银行信用卡(4573)"", ""tradeCategory"": ""餐饮美食"", ""incomeOrExpense"": ""支出"", ""merchantOrderNo"": ""1711202510216557600121104141\t"", ""productDescription"": ""智能货柜消费_消费时间 :2025-10-21 18:13:16"", ""counterpartyAccount"": ""ton***@ubox.cn""}",2025102122001445901405246499	,2025-10-21 18:13:48,5.49,OUT,友宝,4573,智能货柜消费_消费时间 :2025-10-21 18:13:16 - 餐饮美食,16,2.0.0,0,2026-02-04 15:49:34,PARSED,3,2026-02-04 15:49:36,3,2026-02-04 15:49:36,0,餐饮美食
379,2,3,ALIPAY,PLATFORM_ORDER,cd7b0de1e521a959919ce60e7c3b9413,"{""amount"": ""2.80"", ""remark"": """", ""tradeTime"": ""2025-10-21 08:38:04"", ""tradeStatus"": ""交易成功"", ""counterparty"": ""沪松公路五店"", ""tradeOrderNo"": ""2025102122001445901400057306\t"", ""paymentMethod"": ""宁波银行信用卡(4573)"", ""tradeCategory"": ""日用百货"", ""incomeOrExpense"": ""支出"", ""merchantOrderNo"": ""SXA1O109777005225\t"", ""productDescription"": ""上海全家便利店"", ""counterpartyAccount"": ""180***@qq.com""}",2025102122001445901400057306	,2025-10-21 08:38:04,2.80,OUT,沪松公路五店,4573,上海全家便利店 - 日用百货,1802,2.0.0,0,2026-02-04 15:49:34,PARSED,3,2026-02-04 15:49:36,3,2026-02-04 15:49:36,0,便利店
380,2,3,ALIPAY,PLATFORM_ORDER,f67edd33ab86d42bec41f1fdb6085f06,"{""amount"": ""20.00"", ""remark"": """", ""tradeTime"": ""2025-10-21 08:00:03"", ""tradeStatus"": ""交易成功"", ""counterparty"": ""上海公共交通卡股份有限公司"", ""tradeOrderNo"": ""2025102122001445901405975047\t"", ""paymentMethod"": ""招商银行储蓄卡(6527)"", ""tradeCategory"": ""交通出行"", ""incomeOrExpense"": ""支出"", ""merchantOrderNo"": ""25102108000300200005\t"", ""productDescription"": ""上海公共交通卡"", ""counterpartyAccount"": ""zfb***@sptcc.com""}",2025102122001445901405975047	,2025-10-21 08:00:03,20.00,OUT,上海公共交通卡股份有限公司,6527,上海公共交通卡 - 交通出行,203,2.0.0,0,2026-02-04 15:49:34,PARSED,3,2026-02-04 15:49:36,3,2026-02-04 15:49:36,0,交通补贴
381,2,3,ALIPAY,PLATFORM_ORDER,738f3d1abbe5ae637fde2e2f76e1c740,"{""amount"": ""2.00"", ""remark"": """", ""tradeTime"": ""2025-10-20 23:43:08"", ""tradeStatus"": ""交易成功"", ""counterparty"": ""上海随申行智慧交通科技有限公司"", ""tradeOrderNo"": ""2025102022001445901405465749\t"", ""paymentMethod"": ""宁波银行信用卡(4573)"", ""tradeCategory"": ""交通出行"", ""incomeOrExpense"": ""支出"", ""merchantOrderNo"": ""756ce9906ab249c3b9ceec258a797f42\t"", ""productDescription"": ""上海公交-803路-2025-10-20 21:43:04"", ""counterpartyAccount"": ""ssx***@shmaas.cn""}",2025102022001445901405465749	,2025-10-20 23:43:08,2.00,OUT,上海随申行智慧交通科技有限公司,4573,上海公交-803路-2025-10-20 21:43:04 - 交通出行,203,2.0.0,0,2026-02-04 15:49:34,PARSED,3,2026-02-04 15:49:36,3,2026-02-04 15:49:36,0,交通补贴
382,2,3,ALIPAY,PLATFORM_ORDER,c61c7034777a1a4a60286d94cf2eddf4,"{""amount"": ""3.00"", ""remark"": """", ""tradeTime"": ""2025-10-20 23:38:30"", ""tradeStatus"": ""交易成功"", ""counterparty"": ""上海公共交通卡股份有限公司"", ""tradeOrderNo"": ""2025102022001445901405365079\t"", ""paymentMethod"": ""宁波银行信用卡(4573)"", ""tradeCategory"": ""交通出行"", ""incomeOrExpense"": ""支出"", ""merchantOrderNo"": ""25102023383000100042\t"", ""productDescription"": ""上海地铁-漕河泾开发区-2025-10-20 21:25:40-七宝-2025-10-20 21:38:27"", ""counterpartyAccount"": ""zfb***@sptcc.com""}",2025102022001445901405365079	,2025-10-20 23:38:30,3.00,OUT,上海公共交通卡股份有限公司,4573,上海地铁-漕河泾开发区-2025-10-20 21:25:40-七宝-2025-10-20 21:38:27 - 交通出行,203,2.0.0,0,2026-02-04 15:49:34,PARSED,3,2026-02-04 15:49:36,3,2026-02-04 15:49:36,0,交通补贴
383,2,3,ALIPAY,PLATFORM_ORDER,11255495376c87d8088c0be18622b46b,"{""amount"": ""14.56"", ""remark"": """", ""tradeTime"": ""2025-10-20 21:49:02"", ""tradeStatus"": ""交易成功"", ""counterparty"": ""云账户综合服务平台"", ""tradeOrderNo"": ""20251020020070011580900049885859\t"", ""paymentMethod"": """", ""tradeCategory"": ""转账红包"", ""incomeOrExpense"": ""收入"", ""merchantOrderNo"": ""1119845648469311700\t"", ""productDescription"": ""云账户"", ""counterpartyAccount"": ""/""}",20251020020070011580900049885859	,2025-10-20 21:49:02,14.56,IN,云账户综合服务平台,null,云账户 - 转账红包,3704,2.0.0,0,2026-02-04 15:49:34,PARSED,3,2026-02-04 15:49:36,3,2026-02-04 15:49:36,0,转账入账
384,2,3,ALIPAY,PLATFORM_ORDER,27b9dda78ffd674a12b6eb6b768b6d10,"{""amount"": ""16.93"", ""remark"": """", ""tradeTime"": ""2025-10-20 21:48:59"", ""tradeStatus"": ""交易成功"", ""counterparty"": ""杭州柏鹿信息技术有限公司"", ""tradeOrderNo"": ""20251020020070011580900049888275\t"", ""paymentMethod"": """", ""tradeCategory"": ""转账红包"", ""incomeOrExpense"": ""收入"", ""merchantOrderNo"": ""XC201012277479986508\t"", ""productDescription"": ""小蚕提现"", ""counterpartyAccount"": ""/""}",20251020020070011580900049888275	,2025-10-20 21:48:59,16.93,IN,杭州柏鹿信息技术有限公司,null,小蚕提现 - 转账红包,3203,2.0.0,0,2026-02-04 15:49:34,PARSED,3,2026-02-04 15:49:36,3,2026-02-04 15:49:36,0,储蓄卡⇄支付平台
385,2,3,ALIPAY,PLATFORM_ORDER,ff1b9114e862fd0cfd3ae2b8e8859784,"{""amount"": ""1.73"", ""remark"": """", ""tradeTime"": ""2025-10-20 08:35:36"", ""tradeStatus"": ""交易成功"", ""counterparty"": ""沪松公路五店"", ""tradeOrderNo"": ""2025102022001445901459514501\t"", ""paymentMethod"": ""宁波银行信用卡(4573)&红包"", ""tradeCategory"": ""日用百货"", ""incomeOrExpense"": ""支出"", ""merchantOrderNo"": ""SXA1O109713545125\t"", ""productDescription"": ""上海全家便利店"", ""counterpartyAccount"": ""180***@qq.com""}",2025102022001445901459514501	,2025-10-20 08:35:36,1.73,OUT,沪松公路五店,4573,上海全家便利店 - 日用百货,1802,2.0.0,0,2026-02-04 15:49:34,PARSED,3,2026-02-04 15:49:36,3,2026-02-04 15:49:36,0,便利店
386,2,3,ALIPAY,PLATFORM_ORDER,57dd489f6fd0f49c153edd6d02e1655c,"{""amount"": ""4.40"", ""remark"": """", ""tradeTime"": ""2025-10-19 20:36:56"", ""tradeStatus"": ""交易成功"", ""counterparty"": ""上海公共交通卡股份有限公司"", ""tradeOrderNo"": ""2025101922001445901458872540\t"", ""paymentMethod"": ""宁波银行信用卡(4573)&宁波银行立减金"", ""tradeCategory"": ""交通出行"", ""incomeOrExpense"": ""支出"", ""merchantOrderNo"": ""25101920365600100014\t"", ""productDescription"": ""上海地铁-龙漕路-2025-10-19 17:44:20-国家会展中心-2025-10-19 18:36:53"", ""counterpartyAccount"": ""zfb***@sptcc.com""}",2025101922001445901458872540	,2025-10-19 20:36:56,4.40,OUT,上海公共交通卡股份有限公司,4573,上海地铁-龙漕路-2025-10-19 17:44:20-国家会展中心-2025-10-19 18:36:53 - 交通出行,203,2.0.0,0,2026-02-04 15:49:34,PARSED,3,2026-02-04 15:49:36,3,2026-02-04 15:49:36,0,交通补贴
387,2,3,ALIPAY,PLATFORM_ORDER,cfa5001cf6ddca39040a33d056a399a0,"{""amount"": ""31.35"", ""remark"": """", ""tradeTime"": ""2025-10-18 16:32:00"", ""tradeStatus"": ""交易成功"", ""counterparty"": ""云账户综合服务平台"", ""tradeOrderNo"": ""20251018020070011560900027505167\t"", ""paymentMethod"": """", ""tradeCategory"": ""转账红包"", ""incomeOrExpense"": ""收入"", ""merchantOrderNo"": ""1119041005275308811\t"", ""productDescription"": ""云账户"", ""counterpartyAccount"": ""/""}",20251018020070011560900027505167	,2025-10-18 16:32:00,31.35,IN,云账户综合服务平台,null,云账户 - 转账红包,3704,2.0.0,0,2026-02-04 15:49:34,PARSED,3,2026-02-04 15:49:36,3,2026-02-04 15:49:36,0,转账入账
388,2,3,ALIPAY,PLATFORM_ORDER,f6c356d01c4f3435cead218956b265e6,"{""amount"": ""22.00"", ""remark"": """", ""tradeTime"": ""2025-10-18 16:31:56"", ""tradeStatus"": ""交易成功"", ""counterparty"": ""杭州柏鹿信息技术有限公司"", ""tradeOrderNo"": ""20251018020070011560900027479159\t"", ""paymentMethod"": """", ""tradeCategory"": ""转账红包"", ""incomeOrExpense"": ""收入"", ""merchantOrderNo"": ""XC200144826479986508\t"", ""productDescription"": ""小蚕提现"", ""counterpartyAccount"": ""/""}",20251018020070011560900027479159	,2025-10-18 16:31:56,22.00,IN,杭州柏鹿信息技术有限公司,null,小蚕提现 - 转账红包,3203,2.0.0,0,2026-02-04 15:49:34,PARSED,3,2026-02-04 15:49:36,3,2026-02-04 15:49:36,0,储蓄卡⇄支付平台
389,2,3,ALIPAY,PLATFORM_ORDER,bb719f95c430cd2b47b074c9a4c4901b,"{""amount"": ""2.80"", ""remark"": """", ""tradeTime"": ""2025-10-18 08:31:58"", ""tradeStatus"": ""交易成功"", ""counterparty"": ""沪松公路五店"", ""tradeOrderNo"": ""2025101822001445901445882346\t"", ""paymentMethod"": ""宁波银行信用卡(4573)"", ""tradeCategory"": ""日用百货"", ""incomeOrExpense"": ""支出"", ""merchantOrderNo"": ""SXA1O109601276825\t"", ""productDescription"": ""上海全家便利店"", ""counterpartyAccount"": ""180***@qq.com""}",2025101822001445901445882346	,2025-10-18 08:31:58,2.80,OUT,沪松公路五店,4573,上海全家便利店 - 日用百货,1802,2.0.0,0,2026-02-04 15:49:34,PARSED,3,2026-02-04 15:49:36,3,2026-02-04 15:49:36,0,便利店
390,2,3,ALIPAY,PLATFORM_ORDER,629dcf37a43796570b2f1975b6cc433f,"{""amount"": ""2.64"", ""remark"": """", ""tradeTime"": ""2025-10-17 10:56:43"", ""tradeStatus"": ""交易成功"", ""counterparty"": ""上海公共交通卡股份有限公司"", ""tradeOrderNo"": ""2025101722001445901445277913\t"", ""paymentMethod"": ""宁波银行信用卡(4573)&宁波银行立减金"", ""tradeCategory"": ""交通出行"", ""incomeOrExpense"": ""支出"", ""merchantOrderNo"": ""25101710564300100294\t"", ""productDescription"": ""上海地铁-七宝-2025-10-17 08:46:25-漕河泾开发区-2025-10-17 08:56:40"", ""counterpartyAccount"": ""zfb***@sptcc.com""}",2025101722001445901445277913	,2025-10-17 10:56:43,2.64,OUT,上海公共交通卡股份有限公司,4573,上海地铁-七宝-2025-10-17 08:46:25-漕河泾开发区-2025-10-17 08:56:40 - 交通出行,203,2.0.0,0,2026-02-04 15:49:34,PARSED,3,2026-02-04 15:49:36,3,2026-02-04 15:49:36,0,交通补贴
391,2,3,ALIPAY,PLATFORM_ORDER,97414cb6ae91381d32ff43cc21fa8259,"{""amount"": ""2.00"", ""remark"": """", ""tradeTime"": ""2025-10-17 10:05:48"", ""tradeStatus"": ""交易成功"", ""counterparty"": ""上海随申行智慧交通科技有限公司"", ""tradeOrderNo"": ""2025101722001445901443563381\t"", ""paymentMethod"": ""宁波银行信用卡(4573)"", ""tradeCategory"": ""交通出行"", ""incomeOrExpense"": ""支出"", ""merchantOrderNo"": ""b478f10bad894b2884c622c7e1457f42\t"", ""productDescription"": ""上海公交-803路-2025-10-17 08:05:43"", ""counterpartyAccount"": ""ssx***@shmaas.cn""}",2025101722001445901443563381	,2025-10-17 10:05:48,2.00,OUT,上海随申行智慧交通科技有限公司,4573,上海公交-803路-2025-10-17 08:05:43 - 交通出行,203,2.0.0,0,2026-02-04 15:49:34,PARSED,3,2026-02-04 15:49:36,3,2026-02-04 15:49:36,0,交通补贴
392,2,3,ALIPAY,PLATFORM_ORDER,3d07ea5f5e174170fd5236b2327a91bf,"{""amount"": ""1.80"", ""remark"": """", ""tradeTime"": ""2025-10-17 08:41:04"", ""tradeStatus"": ""交易成功"", ""counterparty"": ""沪松公路五店"", ""tradeOrderNo"": ""2025101722001445901438340648\t"", ""paymentMethod"": ""宁波银行信用卡(4573)&碰友日立减"", ""tradeCategory"": ""日用百货"", ""incomeOrExpense"": ""支出"", ""merchantOrderNo"": ""SXA1O109529382725\t"", ""productDescription"": ""上海全家便利店"", ""counterpartyAccount"": ""180***@qq.com""}",2025101722001445901438340648	,2025-10-17 08:41:04,1.80,OUT,沪松公路五店,4573,上海全家便利店 - 日用百货,1802,2.0.0,0,2026-02-04 15:49:34,PARSED,3,2026-02-04 15:49:36,3,2026-02-04 15:49:36,0,便利店
393,2,3,ALIPAY,PLATFORM_ORDER,fc9147c5c69f514f1e20471714955e3b,"{""amount"": ""60.17"", ""remark"": """", ""tradeTime"": ""2025-10-17 00:20:16"", ""tradeStatus"": ""交易成功"", ""counterparty"": ""滴滴出行"", ""tradeOrderNo"": ""2025101722001445901434720258\t"", ""paymentMethod"": ""宁波银行信用卡(4573)&宁波银行立减金"", ""tradeCategory"": ""交通出行"", ""incomeOrExpense"": ""支出"", ""merchantOrderNo"": ""210_202510178462221501257463\t"", ""productDescription"": ""滴滴快车打车-牛师傅-10月17日行程"", ""counterpartyAccount"": ""chu***@didichuxing.com""}",2025101722001445901434720258	,2025-10-17 00:20:16,60.17,OUT,滴滴出行,4573,滴滴快车打车-牛师傅-10月17日行程 - 交通出行,1703,2.0.0,0,2026-02-04 15:49:34,PARSED,3,2026-02-04 15:49:36,3,2026-02-04 15:49:36,0,网约车
394,2,3,ALIPAY,PLATFORM_ORDER,2c506a6a0535d8284df1e966b8037321,"{""amount"": ""11.68"", ""remark"": """", ""tradeTime"": ""2025-10-16 19:28:14"", ""tradeStatus"": ""交易成功"", ""counterparty"": ""友宝"", ""tradeOrderNo"": ""2025101622001445901439141152\t"", ""paymentMethod"": ""宁波银行信用卡(4573)"", ""tradeCategory"": ""餐饮美食"", ""incomeOrExpense"": ""支出"", ""merchantOrderNo"": ""1711202510167002402121104141\t"", ""productDescription"": ""智能货柜消费_消费时间 :2025-10-16 19:27:28"", ""counterpartyAccount"": ""ton***@ubox.cn""}",2025101622001445901439141152	,2025-10-16 19:28:14,11.68,OUT,友宝,4573,智能货柜消费_消费时间 :2025-10-16 19:27:28 - 餐饮美食,16,2.0.0,0,2026-02-04 15:49:34,PARSED,3,2026-02-04 15:49:36,3,2026-02-04 15:49:36,0,餐饮美食
395,2,3,ALIPAY,PLATFORM_ORDER,f3249249d5e08e643bafad8d6f0c569e,"{""amount"": ""20.00"", ""remark"": """", ""tradeTime"": ""2025-10-16 08:02:45"", ""tradeStatus"": ""交易成功"", ""counterparty"": ""上海公共交通卡股份有限公司"", ""tradeOrderNo"": ""2025101622001445901423952255\t"", ""paymentMethod"": ""招商银行储蓄卡(6527)"", ""tradeCategory"": ""交通出行"", ""incomeOrExpense"": ""支出"", ""merchantOrderNo"": ""25101608024500200210\t"", ""productDescription"": ""上海公共交通卡"", ""counterpartyAccount"": ""zfb***@sptcc.com""}",2025101622001445901423952255	,2025-10-16 08:02:45,20.00,OUT,上海公共交通卡股份有限公司,6527,上海公共交通卡 - 交通出行,203,2.0.0,0,2026-02-04 15:49:34,PARSED,3,2026-02-04 15:49:36,3,2026-02-04 15:49:36,0,交通补贴
396,2,3,ALIPAY,PLATFORM_ORDER,40dbdf757bcae03a0fa2d649c87bb14f,"{""amount"": ""61.75"", ""remark"": """", ""tradeTime"": ""2025-10-15 22:46:52"", ""tradeStatus"": ""交易成功"", ""counterparty"": ""滴滴出行"", ""tradeOrderNo"": ""2025101522001445901427573394\t"", ""paymentMethod"": ""宁波银行信用卡(4573)&宁波银行立减金"", ""tradeCategory"": ""交通出行"", ""incomeOrExpense"": ""支出"", ""merchantOrderNo"": ""210_202510158461470401164402\t"", ""productDescription"": ""滴滴快车打车-张师傅-10月15日行程"", ""counterpartyAccount"": ""chu***@didichuxing.com""}",2025101522001445901427573394	,2025-10-15 22:46:52,61.75,OUT,滴滴出行,4573,滴滴快车打车-张师傅-10月15日行程 - 交通出行,1703,2.0.0,0,2026-02-04 15:49:34,PARSED,3,2026-02-04 15:49:36,3,2026-02-04 15:49:36,0,网约车
397,2,3,ALIPAY,PLATFORM_ORDER,d8df3b09ae1f2de2a4535d36a7d1f4d7,"{""amount"": ""31.26"", ""remark"": """", ""tradeTime"": ""2025-10-15 18:26:44"", ""tradeStatus"": ""交易成功"", ""counterparty"": ""酷味乐虹梅路店"", ""tradeOrderNo"": ""2025101522001445901423952041\t"", ""paymentMethod"": ""宁波银行信用卡(4573)"", ""tradeCategory"": ""餐饮美食"", ""incomeOrExpense"": ""支出"", ""merchantOrderNo"": ""771266000048250000705622970157251015\t"", ""productDescription"": ""酷味乐智选餐厅(虹梅路店)订单"", ""counterpartyAccount"": ""/""}",2025101522001445901423952041	,2025-10-15 18:26:44,31.26,OUT,酷味乐虹梅路店,4573,酷味乐智选餐厅(虹梅路店)订单 - 餐饮美食,1601,2.0.0,0,2026-02-04 15:49:34,PARSED,3,2026-02-04 15:49:36,3,2026-02-04 15:49:36,0,三餐
398,2,3,ALIPAY,PLATFORM_ORDER,f1b1e559fa0469ffbafce4576bcf1f7e,"{""amount"": ""2.00"", ""remark"": """", ""tradeTime"": ""2025-10-15 10:04:43"", ""tradeStatus"": ""交易成功"", ""counterparty"": ""上海随申行智慧交通科技有限公司"", ""tradeOrderNo"": ""2025101522001445901429595376\t"", ""paymentMethod"": ""宁波银行信用卡(4573)"", ""tradeCategory"": ""交通出行"", ""incomeOrExpense"": ""支出"", ""merchantOrderNo"": ""0ffad27e6b16429e95b27749f63b7f42\t"", ""productDescription"": ""上海公交-803路-2025-10-15 08:04:38"", ""counterpartyAccount"": ""ssx***@shmaas.cn""}",2025101522001445901429595376	,2025-10-15 10:04:43,2.00,OUT,上海随申行智慧交通科技有限公司,4573,上海公交-803路-2025-10-15 08:04:38 - 交通出行,203,2.0.0,0,2026-02-04 15:49:34,PARSED,3,2026-02-04 15:49:36,3,2026-02-04 15:49:36,0,交通补贴
399,2,3,ALIPAY,PLATFORM_ORDER,1c0d5c0ee47f4854d58118c8b5d1bc04,"{""amount"": ""3.00"", ""remark"": """", ""tradeTime"": ""2025-10-15 08:56:16"", ""tradeStatus"": ""交易成功"", ""counterparty"": ""上海都畅数字技术有限公司"", ""tradeOrderNo"": ""2025101522001445901422826812\t"", ""paymentMethod"": ""宁波银行信用卡(4573)"", ""tradeCategory"": ""交通出行"", ""incomeOrExpense"": ""支出"", ""merchantOrderNo"": ""20251015085615161072033423428627\t"", ""productDescription"": ""七宝-漕河泾开发区"", ""counterpartyAccount"": ""dom***@metrofastpass.com""}",2025101522001445901422826812	,2025-10-15 08:56:16,3.00,OUT,上海都畅数字技术有限公司,4573,七宝-漕河泾开发区 - 交通出行,203,2.0.0,0,2026-02-04 15:49:34,PARSED,3,2026-02-04 15:49:36,3,2026-02-04 15:49:36,0,交通补贴
400,2,3,ALIPAY,PLATFORM_ORDER,729b0d7f8e3943ab581bab1b8764a926,"{""amount"": ""2.80"", ""remark"": """", ""tradeTime"": ""2025-10-15 08:34:27"", ""tradeStatus"": ""交易成功"", ""counterparty"": ""沪松公路五店"", ""tradeOrderNo"": ""2025101522001445901424449487\t"", ""paymentMethod"": ""宁波银行信用卡(4573)"", ""tradeCategory"": ""日用百货"", ""incomeOrExpense"": ""支出"", ""merchantOrderNo"": ""SXA1O109387015725\t"", ""productDescription"": ""上海全家便利店"", ""counterpartyAccount"": ""180***@qq.com""}",2025101522001445901424449487	,2025-10-15 08:34:27,2.80,OUT,沪松公路五店,4573,上海全家便利店 - 日用百货,1802,2.0.0,0,2026-02-04 15:49:34,PARSED,3,2026-02-04 15:49:36,3,2026-02-04 15:49:36,0,便利店
401,2,3,ALIPAY,PLATFORM_ORDER,583cacaaeba7b76f685aefaf3d62ee0a,"{""amount"": ""5.50"", ""remark"": """", ""tradeTime"": ""2025-10-14 12:33:27"", ""tradeStatus"": ""交易成功"", ""counterparty"": ""云账户综合服务平台"", ""tradeOrderNo"": ""20251014020070011540900088235235\t"", ""paymentMethod"": """", ""tradeCategory"": ""转账红包"", ""incomeOrExpense"": ""收入"", ""merchantOrderNo"": ""1117531497680069396\t"", ""productDescription"": ""云账户"", ""counterpartyAccount"": ""/""}",20251014020070011540900088235235	,2025-10-14 12:33:27,5.50,IN,云账户综合服务平台,null,云账户 - 转账红包,3704,2.0.0,0,2026-02-04 15:49:34,PARSED,3,2026-02-04 15:49:36,3,2026-02-04 15:49:36,0,转账入账
402,2,3,ALIPAY,PLATFORM_ORDER,926e316d542964a86a002a06e9edb2d4,"{""amount"": ""20.00"", ""remark"": """", ""tradeTime"": ""2025-10-12 21:00:11"", ""tradeStatus"": ""交易成功"", ""counterparty"": ""福鼎肉片"", ""tradeOrderNo"": ""2025101222001445901409160963\t"", ""paymentMethod"": ""花呗"", ""tradeCategory"": ""文化休闲"", ""incomeOrExpense"": ""支出"", ""merchantOrderNo"": ""17602740117712598445904\t"", ""productDescription"": ""收钱码收款"", ""counterpartyAccount"": ""595***@qq.com""}",2025101222001445901409160963	,2025-10-12 21:00:11,20.00,OUT,福鼎肉片,花呗,收钱码收款 - 文化休闲,3704,2.0.0,0,2026-02-04 15:49:34,PARSED,3,2026-02-04 15:49:36,3,2026-02-04 15:49:36,0,转账入账
403,2,3,ALIPAY,PLATFORM_ORDER,bb851bb293b212abdb7d459ee0ae3926,"{""amount"": ""2.00"", ""remark"": """", ""tradeTime"": ""2025-10-11 20:27:06"", ""tradeStatus"": ""交易成功"", ""counterparty"": ""上海公共交通卡股份有限公司"", ""tradeOrderNo"": ""2025101122001445901404426619\t"", ""paymentMethod"": ""宁波银行信用卡(4573)"", ""tradeCategory"": ""交通出行"", ""incomeOrExpense"": ""支出"", ""merchantOrderNo"": ""25101120270600100531\t"", ""productDescription"": ""上海公交-189路-2025-10-11 18:27:03"", ""counterpartyAccount"": ""jtk***@sptcc.com""}",2025101122001445901404426619	,2025-10-11 20:27:06,2.00,OUT,上海公共交通卡股份有限公司,4573,上海公交-189路-2025-10-11 18:27:03 - 交通出行,203,2.0.0,0,2026-02-04 15:49:34,PARSED,3,2026-02-04 15:49:36,3,2026-02-04 15:49:36,0,交通补贴
404,2,3,ALIPAY,PLATFORM_ORDER,e6c8af9ceb46f56a7f9b4bfd1a91da4d,"{""amount"": ""3.00"", ""remark"": """", ""tradeTime"": ""2025-10-11 18:29:08"", ""tradeStatus"": ""交易成功"", ""counterparty"": ""上海都畅数字技术有限公司"", ""tradeOrderNo"": ""2025101122001445901404628518\t"", ""paymentMethod"": ""宁波银行信用卡(4573)"", ""tradeCategory"": ""交通出行"", ""incomeOrExpense"": ""支出"", ""merchantOrderNo"": ""20251011182906948023083263519978\t"", ""productDescription"": ""漕河泾开发区-七宝"", ""counterpartyAccount"": ""dom***@metrofastpass.com""}",2025101122001445901404628518	,2025-10-11 18:29:08,3.00,OUT,上海都畅数字技术有限公司,4573,漕河泾开发区-七宝 - 交通出行,203,2.0.0,0,2026-02-04 15:49:34,PARSED,3,2026-02-04 15:49:36,3,2026-02-04 15:49:36,0,交通补贴
405,2,3,ALIPAY,PLATFORM_ORDER,ad037a3391d3b814c83357fea78cdf30,"{""amount"": ""2.00"", ""remark"": """", ""tradeTime"": ""2025-10-11 10:00:13"", ""tradeStatus"": ""交易成功"", ""counterparty"": ""上海公共交通卡股份有限公司"", ""tradeOrderNo"": ""2025101122001445901458026639\t"", ""paymentMethod"": ""宁波银行信用卡(4573)"", ""tradeCategory"": ""交通出行"", ""incomeOrExpense"": ""支出"", ""merchantOrderNo"": ""25101110001300100124\t"", ""productDescription"": ""上海公交-803路-2025-10-11 08:00:10"", ""counterpartyAccount"": ""jtk***@sptcc.com""}",2025101122001445901458026639	,2025-10-11 10:00:13,2.00,OUT,上海公共交通卡股份有限公司,4573,上海公交-803路-2025-10-11 08:00:10 - 交通出行,203,2.0.0,0,2026-02-04 15:49:34,PARSED,3,2026-02-04 15:49:36,3,2026-02-04 15:49:36,0,交通补贴
406,2,3,ALIPAY,PLATFORM_ORDER,3271d668f02b2fce277ed69f06d4d4df,"{""amount"": ""3.00"", ""remark"": """", ""tradeTime"": ""2025-10-11 08:55:17"", ""tradeStatus"": ""交易成功"", ""counterparty"": ""上海都畅数字技术有限公司"", ""tradeOrderNo"": ""2025101122001445901457459245\t"", ""paymentMethod"": ""宁波银行信用卡(4573)"", ""tradeCategory"": ""交通出行"", ""incomeOrExpense"": ""支出"", ""merchantOrderNo"": ""20251011085516131072033318901793\t"", ""productDescription"": ""七宝-漕河泾开发区"", ""counterpartyAccount"": ""dom***@metrofastpass.com""}",2025101122001445901457459245	,2025-10-11 08:55:17,3.00,OUT,上海都畅数字技术有限公司,4573,七宝-漕河泾开发区 - 交通出行,203,2.0.0,0,2026-02-04 15:49:34,PARSED,3,2026-02-04 15:49:36,3,2026-02-04 15:49:36,0,交通补贴
407,2,3,ALIPAY,PLATFORM_ORDER,51e52f01de859aa93f6109283aeedead,"{""amount"": ""2.00"", ""remark"": """", ""tradeTime"": ""2025-10-10 23:43:17"", ""tradeStatus"": ""交易成功"", ""counterparty"": ""上海公共交通卡股份有限公司"", ""tradeOrderNo"": ""2025101022001445901457697993\t"", ""paymentMethod"": ""宁波银行信用卡(4573)"", ""tradeCategory"": ""交通出行"", ""incomeOrExpense"": ""支出"", ""merchantOrderNo"": ""25101023431700200003\t"", ""productDescription"": ""上海公交-803路-2025-10-10 21:43:14"", ""counterpartyAccount"": ""jtk***@sptcc.com""}",2025101022001445901457697993	,2025-10-10 23:43:17,2.00,OUT,上海公共交通卡股份有限公司,4573,上海公交-803路-2025-10-10 21:43:14 - 交通出行,203,2.0.0,0,2026-02-04 15:49:34,PARSED,3,2026-02-04 15:49:36,3,2026-02-04 15:49:36,0,交通补贴
408,2,3,ALIPAY,PLATFORM_ORDER,73f291f20b7b1879af2bada32f66289c,"{""amount"": ""3.00"", ""remark"": """", ""tradeTime"": ""2025-10-10 21:41:40"", ""tradeStatus"": ""交易成功"", ""counterparty"": ""上海都畅数字技术有限公司"", ""tradeOrderNo"": ""2025101022001445901457530548\t"", ""paymentMethod"": ""宁波银行信用卡(4573)"", ""tradeCategory"": ""交通出行"", ""incomeOrExpense"": ""支出"", ""merchantOrderNo"": ""20251010214139171072033372401869\t"", ""productDescription"": ""漕河泾开发区-七宝"", ""counterpartyAccount"": ""dom***@metrofastpass.com""}",2025101022001445901457530548	,2025-10-10 21:41:40,3.00,OUT,上海都畅数字技术有限公司,4573,漕河泾开发区-七宝 - 交通出行,203,2.0.0,0,2026-02-04 15:49:34,PARSED,3,2026-02-04 15:49:36,3,2026-02-04 15:49:36,0,交通补贴
409,2,3,ALIPAY,PLATFORM_ORDER,366a04bafe41f36e6d59d1f72de41f74,"{""amount"": ""66.00"", ""remark"": """", ""tradeTime"": ""2025-10-10 16:55:40"", ""tradeStatus"": ""交易成功"", ""counterparty"": ""张胜男"", ""tradeOrderNo"": ""20251010200040011100840092076064\t"", ""paymentMethod"": ""账户余额"", ""tradeCategory"": ""转账红包"", ""incomeOrExpense"": ""收入"", ""merchantOrderNo"": ""\t"", ""productDescription"": ""转账"", ""counterpartyAccount"": ""147***@qq.com""}",20251010200040011100840092076064	,2025-10-10 16:55:40,66.00,IN,张胜男,账户余额,转账 - 转账红包,3704,2.0.0,0,2026-02-04 15:49:34,PARSED,3,2026-02-04 15:49:36,3,2026-02-04 15:49:36,0,转账入账
410,2,3,ALIPAY,PLATFORM_ORDER,c602cffe8d1654f219d2dbf687f6f36f,"{""amount"": ""16.07"", ""remark"": """", ""tradeTime"": ""2025-10-10 12:16:02"", ""tradeStatus"": ""交易成功"", ""counterparty"": ""友宝"", ""tradeOrderNo"": ""2025101022001445901445796538\t"", ""paymentMethod"": ""宁波银行信用卡(4573)"", ""tradeCategory"": ""餐饮美食"", ""incomeOrExpense"": ""支出"", ""merchantOrderNo"": ""1711202510104393007321104141\t"", ""productDescription"": ""智能货柜消费_消费时间 :2025-10-10 12:12:47"", ""counterpartyAccount"": ""ton***@ubox.cn""}",2025101022001445901445796538	,2025-10-10 12:16:02,16.07,OUT,友宝,4573,智能货柜消费_消费时间 :2025-10-10 12:12:47 - 餐饮美食,16,2.0.0,0,2026-02-04 15:49:34,PARSED,3,2026-02-04 15:49:36,3,2026-02-04 15:49:36,0,餐饮美食
411,2,3,ALIPAY,PLATFORM_ORDER,0601a8d6ff02afa9b6fa1750950b778e,"{""amount"": ""18.11"", ""remark"": """", ""tradeTime"": ""2025-10-10 11:59:40"", ""tradeStatus"": ""交易成功"", ""counterparty"": ""云账户综合服务平台"", ""tradeOrderNo"": ""20251010020070011530900050249592\t"", ""paymentMethod"": """", ""tradeCategory"": ""转账红包"", ""incomeOrExpense"": ""收入"", ""merchantOrderNo"": ""1116073445353308803\t"", ""productDescription"": ""云账户"", ""counterpartyAccount"": ""/""}",20251010020070011530900050249592	,2025-10-10 11:59:40,18.11,IN,云账户综合服务平台,null,云账户 - 转账红包,3704,2.0.0,0,2026-02-04 15:49:34,PARSED,3,2026-02-04 15:49:36,3,2026-02-04 15:49:36,0,转账入账
412,2,3,ALIPAY,PLATFORM_ORDER,2440780d2c6c67164bdd021657883c9c,"{""amount"": ""2.00"", ""remark"": """", ""tradeTime"": ""2025-10-10 10:07:05"", ""tradeStatus"": ""交易成功"", ""counterparty"": ""上海公共交通卡股份有限公司"", ""tradeOrderNo"": ""2025101022001445901450668539\t"", ""paymentMethod"": ""宁波银行信用卡(4573)"", ""tradeCategory"": ""交通出行"", ""incomeOrExpense"": ""支出"", ""merchantOrderNo"": ""25101010070500200180\t"", ""productDescription"": ""上海公交-803路-2025-10-10 08:07:02"", ""counterpartyAccount"": ""jtk***@sptcc.com""}",2025101022001445901450668539	,2025-10-10 10:07:05,2.00,OUT,上海公共交通卡股份有限公司,4573,上海公交-803路-2025-10-10 08:07:02 - 交通出行,203,2.0.0,0,2026-02-04 15:49:34,PARSED,3,2026-02-04 15:49:36,3,2026-02-04 15:49:36,0,交通补贴
413,2,3,ALIPAY,PLATFORM_ORDER,de5d858bef146cb753ae8cd1ce99e2f4,"{""amount"": ""3.00"", ""remark"": """", ""tradeTime"": ""2025-10-10 08:59:49"", ""tradeStatus"": ""交易成功"", ""counterparty"": ""上海都畅数字技术有限公司"", ""tradeOrderNo"": ""2025101022001445901451190640\t"", ""paymentMethod"": ""宁波银行信用卡(4573)"", ""tradeCategory"": ""交通出行"", ""incomeOrExpense"": ""支出"", ""merchantOrderNo"": ""20251010085948439072033071111634\t"", ""productDescription"": ""七宝-漕河泾开发区"", ""counterpartyAccount"": ""dom***@metrofastpass.com""}",2025101022001445901451190640	,2025-10-10 08:59:49,3.00,OUT,上海都畅数字技术有限公司,4573,七宝-漕河泾开发区 - 交通出行,203,2.0.0,0,2026-02-04 15:49:34,PARSED,3,2026-02-04 15:49:36,3,2026-02-04 15:49:36,0,交通补贴
414,2,3,ALIPAY,PLATFORM_ORDER,f36dea5f1aa65984ad5702349d3342c0,"{""amount"": ""2.00"", ""remark"": """", ""tradeTime"": ""2025-10-09 23:43:51"", ""tradeStatus"": ""交易成功"", ""counterparty"": ""上海公共交通卡股份有限公司"", ""tradeOrderNo"": ""2025100922001445901450296473\t"", ""paymentMethod"": ""宁波银行信用卡(4573)"", ""tradeCategory"": ""交通出行"", ""incomeOrExpense"": ""支出"", ""merchantOrderNo"": ""25100923435100100006\t"", ""productDescription"": ""上海公交-803路-2025-10-09 21:43:48"", ""counterpartyAccount"": ""jtk***@sptcc.com""}",2025100922001445901450296473	,2025-10-09 23:43:51,2.00,OUT,上海公共交通卡股份有限公司,4573,上海公交-803路-2025-10-09 21:43:48 - 交通出行,203,2.0.0,0,2026-02-04 15:49:34,PARSED,3,2026-02-04 15:49:36,3,2026-02-04 15:49:36,0,交通补贴
415,2,3,ALIPAY,PLATFORM_ORDER,2961c1092956c8685a77fb7ea494f47e,"{""amount"": ""3.00"", ""remark"": """", ""tradeTime"": ""2025-10-09 21:35:18"", ""tradeStatus"": ""交易成功"", ""counterparty"": ""上海都畅数字技术有限公司"", ""tradeOrderNo"": ""2025100922001445901449188526\t"", ""paymentMethod"": ""宁波银行信用卡(4573)"", ""tradeCategory"": ""交通出行"", ""incomeOrExpense"": ""支出"", ""merchantOrderNo"": ""20251009213516843072033455504124\t"", ""productDescription"": ""漕河泾开发区-七宝"", ""counterpartyAccount"": ""dom***@metrofastpass.com""}",2025100922001445901449188526	,2025-10-09 21:35:18,3.00,OUT,上海都畅数字技术有限公司,4573,漕河泾开发区-七宝 - 交通出行,203,2.0.0,0,2026-02-04 15:49:34,PARSED,3,2026-02-04 15:49:36,3,2026-02-04 15:49:36,0,交通补贴
416,2,3,ALIPAY,PLATFORM_ORDER,bc11867fd429c6b7350af8aa8d7ba051,"{""amount"": ""5.95"", ""remark"": """", ""tradeTime"": ""2025-10-09 21:28:33"", ""tradeStatus"": ""交易成功"", ""counterparty"": ""罗森(七莘路3062店)"", ""tradeOrderNo"": ""2025100922001445901451775323\t"", ""paymentMethod"": ""宁波银行信用卡(4573)&宁波银行立减金"", ""tradeCategory"": ""日用百货"", ""incomeOrExpense"": ""支出"", ""merchantOrderNo"": ""691041232188\t"", ""productDescription"": ""支付宝支付七莘路3062号店消费"", ""counterpartyAccount"": ""law***@lawson.com.cn""}",2025100922001445901451775323	,2025-10-09 21:28:33,5.95,OUT,罗森(七莘路3062店),4573,支付宝支付七莘路3062号店消费 - 日用百货,1202,2.0.0,0,2026-02-04 15:49:34,PARSED,3,2026-02-04 15:49:36,3,2026-02-04 15:49:36,0,支付宝红包
417,2,3,ALIPAY,PLATFORM_ORDER,f6601fdb1056a3e12f962ccb70b4a0b1,"{""amount"": ""10.28"", ""remark"": """", ""tradeTime"": ""2025-10-09 12:16:22"", ""tradeStatus"": ""交易成功"", ""counterparty"": ""友宝"", ""tradeOrderNo"": ""2025100923001445901445053416\t"", ""paymentMethod"": ""宁波银行信用卡(4573)"", ""tradeCategory"": ""餐饮美食"", ""incomeOrExpense"": ""支出"", ""merchantOrderNo"": ""1711202510094404600121104141\t"", ""productDescription"": ""智能货柜消费_消费时间 :2025-10-09 12:14:32"", ""counterpartyAccount"": ""ton***@ubox.cn""}",2025100923001445901445053416	,2025-10-09 12:16:22,10.28,OUT,友宝,4573,智能货柜消费_消费时间 :2025-10-09 12:14:32 - 餐饮美食,16,2.0.0,0,2026-02-04 15:49:34,PARSED,3,2026-02-04 15:49:36,3,2026-02-04 15:49:36,0,餐饮美食
418,2,3,ALIPAY,PLATFORM_ORDER,bd30ba7866ba0e4d58696a2ed618627b,"{""amount"": ""2.00"", ""remark"": """", ""tradeTime"": ""2025-10-09 10:05:29"", ""tradeStatus"": ""交易成功"", ""counterparty"": ""上海公共交通卡股份有限公司"", ""tradeOrderNo"": ""2025100922001445901444206874\t"", ""paymentMethod"": ""宁波银行信用卡(4573)"", ""tradeCategory"": ""交通出行"", ""incomeOrExpense"": ""支出"", ""merchantOrderNo"": ""25100910052800100480\t"", ""productDescription"": ""上海公交-803路-2025-10-09 08:05:25"", ""counterpartyAccount"": ""jtk***@sptcc.com""}",2025100922001445901444206874	,2025-10-09 10:05:29,2.00,OUT,上海公共交通卡股份有限公司,4573,上海公交-803路-2025-10-09 08:05:25 - 交通出行,203,2.0.0,0,2026-02-04 15:49:34,PARSED,3,2026-02-04 15:49:36,3,2026-02-04 15:49:36,0,交通补贴
419,2,3,ALIPAY,PLATFORM_ORDER,f74e1dacd6b1f0c88c69ee607d41e0c5,"{""amount"": ""3.00"", ""remark"": """", ""tradeTime"": ""2025-10-09 08:59:59"", ""tradeStatus"": ""交易成功"", ""counterparty"": ""上海都畅数字技术有限公司"", ""tradeOrderNo"": ""2025100922001445901443662190\t"", ""paymentMethod"": ""宁波银行信用卡(4573)"", ""tradeCategory"": ""交通出行"", ""incomeOrExpense"": ""支出"", ""merchantOrderNo"": ""20251009085958014023083099324887\t"", ""productDescription"": ""七宝-漕河泾开发区"", ""counterpartyAccount"": ""dom***@metrofastpass.com""}",2025100922001445901443662190	,2025-10-09 08:59:59,3.00,OUT,上海都畅数字技术有限公司,4573,七宝-漕河泾开发区 - 交通出行,203,2.0.0,0,2026-02-04 15:49:34,PARSED,3,2026-02-04 15:49:36,3,2026-02-04 15:49:36,0,交通补贴
420,2,3,ALIPAY,PLATFORM_ORDER,e1dbd8c2ace0cecbb6f2308267eddf7f,"{""amount"": ""200000.00"", ""remark"": """", ""tradeTime"": ""2025-10-08 15:59:31"", ""tradeStatus"": ""交易成功"", ""counterparty"": ""快乐(**琴)"", ""tradeOrderNo"": ""20251008200040011100900080130362\t"", ""paymentMethod"": ""账户余额"", ""tradeCategory"": ""转账红包"", ""incomeOrExpense"": ""支出"", ""merchantOrderNo"": ""\t"", ""productDescription"": ""转账"", ""counterpartyAccount"": ""253***@qq.com""}",20251008200040011100900080130362	,2025-10-08 15:59:31,200000.00,OUT,快乐(**琴),账户余额,转账 - 转账红包,3704,2.0.0,0,2026-02-04 15:49:34,PARSED,3,2026-02-04 15:49:36,3,2026-02-04 15:49:36,0,转账入账
421,2,3,ALIPAY,PLATFORM_ORDER,5e5bf215cf55af0058eb7e258cb5a0d7,"{""amount"": ""200000.00"", ""remark"": """", ""tradeTime"": ""2025-10-08 15:51:11"", ""tradeStatus"": ""交易成功"", ""counterparty"": ""快乐"", ""tradeOrderNo"": ""20251008200040011100570096925079\t"", ""paymentMethod"": ""账户余额"", ""tradeCategory"": ""转账红包"", ""incomeOrExpense"": ""收入"", ""merchantOrderNo"": ""\t"", ""productDescription"": ""转账"", ""counterpartyAccount"": ""253***@qq.com""}",20251008200040011100570096925079	,2025-10-08 15:51:11,200000.00,IN,快乐,账户余额,转账 - 转账红包,3704,2.0.0,0,2026-02-04 15:49:34,PARSED,3,2026-02-04 15:49:36,3,2026-02-04 15:49:36,0,转账入账
422,2,3,ALIPAY,PLATFORM_ORDER,e8b6638832782cd6ee6e11c5cde5ba53,"{""amount"": ""88.03"", ""remark"": """", ""tradeTime"": ""2025-10-08 11:27:21"", ""tradeStatus"": ""交易成功"", ""counterparty"": ""哈啰出行"", ""tradeOrderNo"": ""2025100822001445901435734751\t"", ""paymentMethod"": ""宁波银行信用卡(4573)&宁波银行立减金"", ""tradeCategory"": ""交通出行"", ""incomeOrExpense"": ""支出"", ""merchantOrderNo"": ""CPR251008112720007224519172R\t"", ""productDescription"": ""哈啰出行先乘后付"", ""counterpartyAccount"": ""zij***@hellobike.com""}",2025100822001445901435734751	,2025-10-08 11:27:21,88.03,OUT,哈啰出行,4573,哈啰出行先乘后付 - 交通出行,1707,2.0.0,0,2026-02-04 15:49:34,PARSED,3,2026-02-04 15:49:36,3,2026-02-04 15:49:36,0,共享单车
423,2,3,ALIPAY,PLATFORM_ORDER,872855b8787304fe52845898ac46e580,"{""amount"": ""55.13"", ""remark"": """", ""tradeTime"": ""2025-10-08 08:39:33"", ""tradeStatus"": ""交易成功"", ""counterparty"": ""淘宝闪购"", ""tradeOrderNo"": ""2025100822001145901435296550\t"", ""paymentMethod"": ""宁波银行信用卡(4573)&宁波银行立减金"", ""tradeCategory"": ""日用百货"", ""incomeOrExpense"": ""支出"", ""merchantOrderNo"": ""13080600725100882647526796052\t"", ""productDescription"": ""大润发(华漕店)"", ""counterpartyAccount"": ""ele***@service.aliyun.com""}",2025100822001145901435296550	,2025-10-08 08:39:33,55.13,OUT,淘宝闪购,4573,大润发(华漕店) - 日用百货,1605,2.0.0,0,2026-02-04 15:49:34,PARSED,3,2026-02-04 15:49:36,3,2026-02-04 15:49:36,0,买菜原料
424,2,3,ALIPAY,PLATFORM_ORDER,cac25246246b503eea3af7ccb38cf144,"{""amount"": ""440.00"", ""remark"": """", ""tradeTime"": ""2025-10-07 23:23:59"", ""tradeStatus"": ""交易成功"", ""counterparty"": ""c***a"", ""tradeOrderNo"": ""2025100722001145901435433008\t"", ""paymentMethod"": ""花呗"", ""tradeCategory"": ""日用百货"", ""incomeOrExpense"": ""支出"", ""merchantOrderNo"": ""T200P4793317525499343545\t"", ""productDescription"": ""【实价秒发】东方一串&middot;龙虾烧烤&middot;特色烤鱼 200/300元代"", ""counterpartyAccount"": ""584***@qq.com""}",2025100722001145901435433008	,2025-10-07 23:23:59,440.00,OUT,c***a,花呗,【实价秒发】东方一串&middot;龙虾烧烤&middot;特色烤鱼 200/300元代 - 日用百货,1601,2.0.0,0,2026-02-04 15:49:34,PARSED,3,2026-02-04 15:49:36,3,2026-02-04 15:49:36,0,三餐
425,2,3,ALIPAY,PLATFORM_ORDER,6a036eed2b8ca3921640528995a97423,"{""amount"": ""13.85"", ""remark"": """", ""tradeTime"": ""2025-10-07 20:21:55"", ""tradeStatus"": ""交易成功"", ""counterparty"": ""滴滴出行"", ""tradeOrderNo"": ""2025100723001445901434294983\t"", ""paymentMethod"": ""宁波银行信用卡(4573)&宁波银行立减金"", ""tradeCategory"": ""交通出行"", ""incomeOrExpense"": ""支出"", ""merchantOrderNo"": ""210_202510078455320301734821\t"", ""productDescription"": ""滴滴快车打车-郭师傅-10月07日行程"", ""counterpartyAccount"": ""chu***@didichuxing.com""}",2025100723001445901434294983	,2025-10-07 20:21:55,13.85,OUT,滴滴出行,4573,滴滴快车打车-郭师傅-10月07日行程 - 交通出行,1703,2.0.0,0,2026-02-04 15:49:34,PARSED,3,2026-02-04 15:49:36,3,2026-02-04 15:49:36,0,网约车
426,2,3,ALIPAY,PLATFORM_ORDER,fa2cdf294aecc9d0327a11087ddb2037,"{""amount"": ""43.35"", ""remark"": """", ""tradeTime"": ""2025-10-06 16:35:17"", ""tradeStatus"": ""交易成功"", ""counterparty"": ""哈啰出行"", ""tradeOrderNo"": ""2025100622001445901429124052\t"", ""paymentMethod"": ""宁波银行信用卡(4573)&宁波银行立减金"", ""tradeCategory"": ""交通出行"", ""incomeOrExpense"": ""支出"", ""merchantOrderNo"": ""CPR251006163516165224519172W\t"", ""productDescription"": ""哈啰出行先乘后付"", ""counterpartyAccount"": ""zij***@hellobike.com""}",2025100622001445901429124052	,2025-10-06 16:35:17,43.35,OUT,哈啰出行,4573,哈啰出行先乘后付 - 交通出行,1707,2.0.0,0,2026-02-04 15:49:34,PARSED,3,2026-02-04 15:49:36,3,2026-02-04 15:49:36,0,共享单车
427,2,3,ALIPAY,PLATFORM_ORDER,bd64dfc2350acecc16f9b5d6e4937eb3,"{""amount"": ""39.00"", ""remark"": """", ""tradeTime"": ""2025-10-06 15:37:00"", ""tradeStatus"": ""交易关闭"", ""counterparty"": ""滴滴顺风车"", ""tradeOrderNo"": ""2025100622001445901424734174\t"", ""paymentMethod"": ""宁波银行信用卡(4573)&支付宝顺风车券"", ""tradeCategory"": ""交通出行"", ""incomeOrExpense"": ""支出"", ""merchantOrderNo"": ""2212660000485958402025100615370000000008481335246\t"", ""productDescription"": ""费用"", ""counterpartyAccount"": ""/""}",2025100622001445901424734174	,2025-10-06 15:37:00,39.00,OUT,滴滴顺风车,4573,费用 - 交通出行,1703,2.0.0,0,2026-02-04 15:49:34,PARSED,3,2026-02-04 15:49:36,3,2026-02-04 15:49:36,0,网约车
428,2,3,ALIPAY,PLATFORM_ORDER,6c96a09715a0698ff1e9aebaad47e52a,"{""amount"": ""42.89"", ""remark"": """", ""tradeTime"": ""2025-10-06 10:27:21"", ""tradeStatus"": ""交易成功"", ""counterparty"": ""哈啰出行"", ""tradeOrderNo"": ""2025100622001445901422528177\t"", ""paymentMethod"": ""宁波银行信用卡(4573)&宁波银行立减金"", ""tradeCategory"": ""交通出行"", ""incomeOrExpense"": ""支出"", ""merchantOrderNo"": ""CPR251006102719571224519172Q\t"", ""productDescription"": ""哈啰出行先乘后付"", ""counterpartyAccount"": ""zij***@hellobike.com""}",2025100622001445901422528177	,2025-10-06 10:27:21,42.89,OUT,哈啰出行,4573,哈啰出行先乘后付 - 交通出行,1707,2.0.0,0,2026-02-04 15:49:34,PARSED,3,2026-02-04 15:49:36,3,2026-02-04 15:49:36,0,共享单车
429,2,3,ALIPAY,PLATFORM_ORDER,7ac30ea23ec6af4c7d49b79616bcdd0b,"{""amount"": ""43.00"", ""remark"": """", ""tradeTime"": ""2025-10-06 07:32:24"", ""tradeStatus"": ""交易关闭"", ""counterparty"": ""滴滴顺风车"", ""tradeOrderNo"": ""2025100622001445901424951533\t"", ""paymentMethod"": ""宁波银行信用卡(4573)"", ""tradeCategory"": ""交通出行"", ""incomeOrExpense"": ""支出"", ""merchantOrderNo"": ""2412660000485958402025100607322400000008478661057\t"", ""productDescription"": ""费用"", ""counterpartyAccount"": ""/""}",2025100622001445901424951533	,2025-10-06 07:32:24,43.00,OUT,滴滴顺风车,4573,费用 - 交通出行,1703,2.0.0,0,2026-02-04 15:49:34,PARSED,3,2026-02-04 15:49:36,3,2026-02-04 15:49:36,0,网约车
430,2,3,ALIPAY,PLATFORM_ORDER,9aa0d03c2114ddb05fcff1ef2b7be2b4,"{""amount"": ""299.00"", ""remark"": """", ""tradeTime"": ""2025-10-04 19:27:28"", ""tradeStatus"": ""交易成功"", ""counterparty"": ""财洋"", ""tradeOrderNo"": ""20251004200040011100900078512907\t"", ""paymentMethod"": ""余额宝"", ""tradeCategory"": ""转账红包"", ""incomeOrExpense"": ""支出"", ""merchantOrderNo"": ""\t"", ""productDescription"": ""收款"", ""counterpartyAccount"": ""139******26""}",20251004200040011100900078512907	,2025-10-04 19:27:28,299.00,OUT,财洋,余额宝,收款 - 转账红包,3704,2.0.0,0,2026-02-04 15:49:34,PARSED,3,2026-02-04 15:49:36,3,2026-02-04 15:49:36,0,转账入账
431,2,3,ALIPAY,PLATFORM_ORDER,7490036489adffeeab78e078a1fc66fd,"{""amount"": ""26.00"", ""remark"": """", ""tradeTime"": ""2025-10-04 12:57:47"", ""tradeStatus"": ""交易成功"", ""counterparty"": ""福鼎肉片"", ""tradeOrderNo"": ""2025100422001445901411494537\t"", ""paymentMethod"": ""花呗"", ""tradeCategory"": ""文化休闲"", ""incomeOrExpense"": ""支出"", ""merchantOrderNo"": ""47595538668712598445904\t"", ""productDescription"": ""收钱码收款"", ""counterpartyAccount"": ""595***@qq.com""}",2025100422001445901411494537	,2025-10-04 12:57:47,26.00,OUT,福鼎肉片,花呗,收钱码收款 - 文化休闲,3704,2.0.0,0,2026-02-04 15:49:34,PARSED,3,2026-02-04 15:49:36,3,2026-02-04 15:49:36,0,转账入账
432,2,3,ALIPAY,PLATFORM_ORDER,3f2330a5343b875d33025c50aee8d957,"{""amount"": ""15.00"", ""remark"": """", ""tradeTime"": ""2025-10-02 17:53:19"", ""tradeStatus"": ""交易成功"", ""counterparty"": ""光山先食餐饮饭店"", ""tradeOrderNo"": ""2025100222001445901451600852\t"", ""paymentMethod"": ""宁波银行信用卡(4573)"", ""tradeCategory"": ""餐饮美食"", ""incomeOrExpense"": ""支出"", ""merchantOrderNo"": ""4912660000482200007895151428048459\t"", ""productDescription"": ""光山南饼"", ""counterpartyAccount"": ""/""}",2025100222001445901451600852	,2025-10-02 17:53:19,15.00,OUT,光山先食餐饮饭店,4573,光山南饼 - 餐饮美食,1601,2.0.0,0,2026-02-04 15:49:34,PARSED,3,2026-02-04 15:49:36,3,2026-02-04 15:49:36,0,三餐
433,2,3,ALIPAY,PLATFORM_ORDER,72b1e9de6e211239faf246e7776d5870,"{""amount"": ""25.98"", ""remark"": """", ""tradeTime"": ""2025-10-02 16:05:43"", ""tradeStatus"": ""交易成功"", ""counterparty"": ""美好超市名烟名酒专卖"", ""tradeOrderNo"": ""2025100222001445901451739699\t"", ""paymentMethod"": ""宁波银行信用卡(4573)&红包"", ""tradeCategory"": ""服饰装扮"", ""incomeOrExpense"": ""支出"", ""merchantOrderNo"": ""35126600004826000020251002Nf0000000006016650034470\t"", ""productDescription"": ""条码支付-总部"", ""counterpartyAccount"": ""/""}",2025100222001445901451739699	,2025-10-02 16:05:43,25.98,OUT,美好超市名烟名酒专卖,4573,条码支付-总部 - 服饰装扮,1801,2.0.0,0,2026-02-04 15:49:34,PARSED,3,2026-02-04 15:49:36,3,2026-02-04 15:49:36,0,超市
434,2,3,ALIPAY,PLATFORM_ORDER,5c1bfa600b9debed85955b3d69a64f41,"{""amount"": ""2.87"", ""remark"": """", ""tradeTime"": ""2025-09-29 21:46:06"", ""tradeStatus"": ""交易成功"", ""counterparty"": ""时代联华超市"", ""tradeOrderNo"": ""2025092922001445901432791441\t"", ""paymentMethod"": ""宁波银行信用卡(4573)&红包"", ""tradeCategory"": ""日用百货"", ""incomeOrExpense"": ""支出"", ""merchantOrderNo"": ""178219596612125092921460632531\t"", ""productDescription"": ""华漕时代年华超市"", ""counterpartyAccount"": ""183******87""}",2025092922001445901432791441	,2025-09-29 21:46:06,2.87,OUT,时代联华超市,4573,华漕时代年华超市 - 日用百货,1605,2.0.0,0,2026-02-04 15:49:34,PARSED,3,2026-02-04 15:49:36,3,2026-02-04 15:49:36,0,买菜原料
435,2,3,ALIPAY,PLATFORM_ORDER,535ad9bb90598792412b030b02a48834,"{""amount"": ""1.77"", ""remark"": """", ""tradeTime"": ""2025-09-29 08:36:21"", ""tradeStatus"": ""交易成功"", ""counterparty"": ""沪松公路五店"", ""tradeOrderNo"": ""2025092922001445901424519617\t"", ""paymentMethod"": ""宁波银行信用卡(4573)&红包"", ""tradeCategory"": ""日用百货"", ""incomeOrExpense"": ""支出"", ""merchantOrderNo"": ""SXA1O108432539625\t"", ""productDescription"": ""上海全家便利店"", ""counterpartyAccount"": ""180***@qq.com""}",2025092922001445901424519617	,2025-09-29 08:36:21,1.77,OUT,沪松公路五店,4573,上海全家便利店 - 日用百货,1802,2.0.0,0,2026-02-04 15:49:34,PARSED,3,2026-02-04 15:49:36,3,2026-02-04 15:49:36,0,便利店
436,2,3,ALIPAY,PLATFORM_ORDER,3b51022ccfb35080678b6337e29ce479,"{""amount"": ""1.97"", ""remark"": """", ""tradeTime"": ""2025-09-28 22:14:19"", ""tradeStatus"": ""交易成功"", ""counterparty"": ""福鼎肉片"", ""tradeOrderNo"": ""2025092822001445901424494251\t"", ""paymentMethod"": ""花呗&红包"", ""tradeCategory"": ""文化休闲"", ""incomeOrExpense"": ""支出"", ""merchantOrderNo"": ""47590688591712598445904\t"", ""productDescription"": ""收钱码收款"", ""counterpartyAccount"": ""595***@qq.com""}",2025092822001445901424494251	,2025-09-28 22:14:19,1.97,OUT,福鼎肉片,花呗&红包,收钱码收款 - 文化休闲,3704,2.0.0,0,2026-02-04 15:49:34,PARSED,3,2026-02-04 15:49:36,3,2026-02-04 15:49:36,0,转账入账
437,2,3,ALIPAY,PLATFORM_ORDER,4d40d6e1daf7676367016d348b41ddd8,"{""amount"": ""18.97"", ""remark"": """", ""tradeTime"": ""2025-09-28 22:13:16"", ""tradeStatus"": ""交易成功"", ""counterparty"": ""福鼎肉片"", ""tradeOrderNo"": ""2025092823001445901430604587\t"", ""paymentMethod"": ""花呗&红包"", ""tradeCategory"": ""文化休闲"", ""incomeOrExpense"": ""支出"", ""merchantOrderNo"": ""47590687965712598445904\t"", ""productDescription"": ""收钱码收款"", ""counterpartyAccount"": ""595***@qq.com""}",2025092823001445901430604587	,2025-09-28 22:13:16,18.97,OUT,福鼎肉片,花呗&红包,收钱码收款 - 文化休闲,3704,2.0.0,0,2026-02-04 15:49:34,PARSED,3,2026-02-04 15:49:36,3,2026-02-04 15:49:36,0,转账入账
438,2,3,ALIPAY,PLATFORM_ORDER,49bce03c699d8be2bc38e505ca53f7cd,"{""amount"": ""18.43"", ""remark"": """", ""tradeTime"": ""2025-09-28 18:17:46"", ""tradeStatus"": ""交易成功"", ""counterparty"": ""云账户综合服务平台"", ""tradeOrderNo"": ""20250928020070011560900035461823\t"", ""paymentMethod"": """", ""tradeCategory"": ""转账红包"", ""incomeOrExpense"": ""收入"", ""merchantOrderNo"": ""1111819976505287065\t"", ""productDescription"": ""云账户"", ""counterpartyAccount"": ""/""}",20250928020070011560900035461823	,2025-09-28 18:17:46,18.43,IN,云账户综合服务平台,null,云账户 - 转账红包,3704,2.0.0,0,2026-02-04 15:49:34,PARSED,3,2026-02-04 15:49:36,3,2026-02-04 15:49:36,0,转账入账
439,2,3,ALIPAY,PLATFORM_ORDER,3456635a1a7e3844179a2f23e0eb6f3f,"{""amount"": ""34.00"", ""remark"": """", ""tradeTime"": ""2025-09-28 18:17:42"", ""tradeStatus"": ""交易成功"", ""counterparty"": ""杭州柏鹿信息技术有限公司"", ""tradeOrderNo"": ""20250928020070011560900035202580\t"", ""paymentMethod"": """", ""tradeCategory"": ""转账红包"", ""incomeOrExpense"": ""收入"", ""merchantOrderNo"": ""XC193797446479986508\t"", ""productDescription"": ""小蚕提现"", ""counterpartyAccount"": ""/""}",20250928020070011560900035202580	,2025-09-28 18:17:42,34.00,IN,杭州柏鹿信息技术有限公司,null,小蚕提现 - 转账红包,3203,2.0.0,0,2026-02-04 15:49:34,PARSED,3,2026-02-04 15:49:36,3,2026-02-04 15:49:36,0,储蓄卡⇄支付平台
440,2,3,ALIPAY,PLATFORM_ORDER,e7af31671660255506c6c3f8f2ed02d5,"{""amount"": ""2.80"", ""remark"": """", ""tradeTime"": ""2025-09-28 08:38:48"", ""tradeStatus"": ""交易成功"", ""counterparty"": ""沪松公路五店"", ""tradeOrderNo"": ""2025092822001445901424818410\t"", ""paymentMethod"": ""宁波银行信用卡(4573)"", ""tradeCategory"": ""日用百货"", ""incomeOrExpense"": ""支出"", ""merchantOrderNo"": ""SXA1O108364865725\t"", ""productDescription"": ""上海全家便利店"", ""counterpartyAccount"": ""180***@qq.com""}",2025092822001445901424818410	,2025-09-28 08:38:48,2.80,OUT,沪松公路五店,4573,上海全家便利店 - 日用百货,1802,2.0.0,0,2026-02-04 15:49:34,PARSED,3,2026-02-04 15:49:36,3,2026-02-04 15:49:36,0,便利店
441,2,3,ALIPAY,PLATFORM_ORDER,dfa8b5d189a56d14f2cb592d05e1b98b,"{""amount"": ""22.89"", ""remark"": """", ""tradeTime"": ""2025-09-26 11:12:50"", ""tradeStatus"": ""交易成功"", ""counterparty"": ""淘宝闪购"", ""tradeOrderNo"": ""2025092622001145901406377946\t"", ""paymentMethod"": ""宁波银行信用卡(4573)&宁波银行立减金"", ""tradeCategory"": ""餐饮美食"", ""incomeOrExpense"": ""支出"", ""merchantOrderNo"": ""13110600725092647206007796052\t"", ""productDescription"": ""黄焖鸡米饭(虹梅路店)外卖订单"", ""counterpartyAccount"": ""e50***@alibaba-inc.com""}",2025092622001145901406377946	,2025-09-26 11:12:50,22.89,OUT,淘宝闪购,4573,黄焖鸡米饭(虹梅路店)外卖订单 - 餐饮美食,1803,2.0.0,0,2026-02-04 15:49:34,PARSED,3,2026-02-04 15:49:36,3,2026-02-04 15:49:36,0,网购
442,2,3,ALIPAY,PLATFORM_ORDER,66c827621a8e5c08d30d20c69016020e,"{""amount"": ""0.00"", ""remark"": """", ""tradeTime"": ""2025-09-26 08:37:40"", ""tradeStatus"": ""交易成功"", ""counterparty"": ""沪松公路五店"", ""tradeOrderNo"": ""2025092622001445901401154234\t"", ""paymentMethod"": ""红包"", ""tradeCategory"": ""日用百货"", ""incomeOrExpense"": ""支出"", ""merchantOrderNo"": ""SXA1O108224984925\t"", ""productDescription"": ""上海全家便利店"", ""counterpartyAccount"": ""180***@qq.com""}",2025092622001445901401154234	,2025-09-26 08:37:40,0.00,OUT,沪松公路五店,红包,上海全家便利店 - 日用百货,1802,2.0.0,0,2026-02-04 15:49:34,PARSED,3,2026-02-04 15:49:36,3,2026-02-04 15:49:36,0,便利店
443,2,3,ALIPAY,PLATFORM_ORDER,f9278734877ad4a6abe654aac66a9a65,"{""amount"": ""0.00"", ""remark"": """", ""tradeTime"": ""2025-09-25 08:46:27"", ""tradeStatus"": ""交易成功"", ""counterparty"": ""沪松公路五店"", ""tradeOrderNo"": ""2025092522001445901400762588\t"", ""paymentMethod"": ""碰一下立减"", ""tradeCategory"": ""日用百货"", ""incomeOrExpense"": ""支出"", ""merchantOrderNo"": ""SXA1O108152581825\t"", ""productDescription"": ""上海全家便利店"", ""counterpartyAccount"": ""180***@qq.com""}",2025092522001445901400762588	,2025-09-25 08:46:27,0.00,OUT,沪松公路五店,碰一下立减,上海全家便利店 - 日用百货,1802,2.0.0,0,2026-02-04 15:49:34,PARSED,3,2026-02-04 15:49:36,3,2026-02-04 15:49:36,0,便利店
444,2,3,ALIPAY,PLATFORM_ORDER,fe4f6dfee5ec9b1bf78bbf49a9e394cb,"{""amount"": ""16.01"", ""remark"": """", ""tradeTime"": ""2025-09-25 08:40:32"", ""tradeStatus"": ""交易成功"", ""counterparty"": ""杭州柏鹿信息技术有限公司"", ""tradeOrderNo"": ""20250925020070011520900000071324\t"", ""paymentMethod"": """", ""tradeCategory"": ""转账红包"", ""incomeOrExpense"": ""收入"", ""merchantOrderNo"": ""XC192479695479986508\t"", ""productDescription"": ""小蚕提现"", ""counterpartyAccount"": ""/""}",20250925020070011520900000071324	,2025-09-25 08:40:32,16.01,IN,杭州柏鹿信息技术有限公司,null,小蚕提现 - 转账红包,3203,2.0.0,0,2026-02-04 15:49:34,PARSED,3,2026-02-04 15:49:36,3,2026-02-04 15:49:36,0,储蓄卡⇄支付平台
445,2,3,ALIPAY,PLATFORM_ORDER,6a5c1d7984c004c5babc66e5b03640ee,"{""amount"": ""17.56"", ""remark"": """", ""tradeTime"": ""2025-09-24 18:18:19"", ""tradeStatus"": ""交易成功"", ""counterparty"": ""兰州牛肉面上海虹梅路店"", ""tradeOrderNo"": ""2025092422001445901458383488\t"", ""paymentMethod"": ""宁波银行信用卡(4573)&到店扫码支付红包"", ""tradeCategory"": ""餐饮美食"", ""incomeOrExpense"": ""支出"", ""merchantOrderNo"": ""4712660000481800007895218279601381\t"", ""productDescription"": ""兰州牛肉面上海虹梅路店"", ""counterpartyAccount"": ""/""}",2025092422001445901458383488	,2025-09-24 18:18:19,17.56,OUT,兰州牛肉面上海虹梅路店,4573,兰州牛肉面上海虹梅路店 - 餐饮美食,1601,2.0.0,0,2026-02-04 15:49:34,PARSED,3,2026-02-04 15:49:36,3,2026-02-04 15:49:36,0,三餐
446,2,3,ALIPAY,PLATFORM_ORDER,4570b3b0657d95c5347e97f7da18691b,"{""amount"": ""0.00"", ""remark"": """", ""tradeTime"": ""2025-09-24 08:41:55"", ""tradeStatus"": ""交易成功"", ""counterparty"": ""沪松公路五店"", ""tradeOrderNo"": ""2025092422001445901450777050\t"", ""paymentMethod"": ""碰一下立减"", ""tradeCategory"": ""日用百货"", ""incomeOrExpense"": ""支出"", ""merchantOrderNo"": ""SXA1O108084726625\t"", ""productDescription"": ""上海全家便利店"", ""counterpartyAccount"": ""180***@qq.com""}",2025092422001445901450777050	,2025-09-24 08:41:55,0.00,OUT,沪松公路五店,碰一下立减,上海全家便利店 - 日用百货,1802,2.0.0,0,2026-02-04 15:49:34,PARSED,3,2026-02-04 15:49:36,3,2026-02-04 15:49:36,0,便利店
447,2,3,ALIPAY,PLATFORM_ORDER,df59552366bc75c32bbcfb209fe3a7c5,"{""amount"": ""13.02"", ""remark"": """", ""tradeTime"": ""2025-09-23 21:19:43"", ""tradeStatus"": ""交易成功"", ""counterparty"": ""杭州柏鹿信息技术有限公司"", ""tradeOrderNo"": ""20250923020070011580900086594538\t"", ""paymentMethod"": """", ""tradeCategory"": ""转账红包"", ""incomeOrExpense"": ""收入"", ""merchantOrderNo"": ""XC192056074479986508\t"", ""productDescription"": ""小蚕提现"", ""counterpartyAccount"": ""/""}",20250923020070011580900086594538	,2025-09-23 21:19:43,13.02,IN,杭州柏鹿信息技术有限公司,null,小蚕提现 - 转账红包,3203,2.0.0,0,2026-02-04 15:49:34,PARSED,3,2026-02-04 15:49:36,3,2026-02-04 15:49:36,0,储蓄卡⇄支付平台
448,2,3,ALIPAY,PLATFORM_ORDER,474860636d228909fbe66e9578fe05c2,"{""amount"": ""25.27"", ""remark"": """", ""tradeTime"": ""2025-09-23 10:43:26"", ""tradeStatus"": ""交易成功"", ""counterparty"": ""淘宝闪购"", ""tradeOrderNo"": ""2025092322001145901443510887\t"", ""paymentMethod"": ""宁波银行信用卡(4573)&宁波银行立减金"", ""tradeCategory"": ""餐饮美食"", ""incomeOrExpense"": ""支出"", ""merchantOrderNo"": ""13100600725092306677562796052\t"", ""productDescription"": ""椒花子·一品鲜鸡煲(古美店)外卖订单"", ""counterpartyAccount"": ""e50***@alibaba-inc.com""}",2025092322001145901443510887	,2025-09-23 10:43:26,25.27,OUT,淘宝闪购,4573,椒花子·一品鲜鸡煲(古美店)外卖订单 - 餐饮美食,1803,2.0.0,0,2026-02-04 15:49:34,PARSED,3,2026-02-04 15:49:36,3,2026-02-04 15:49:36,0,网购
449,2,3,ALIPAY,PLATFORM_ORDER,0b76f5fd299e8415d33cddb671dd77e0,"{""amount"": ""0.00"", ""remark"": """", ""tradeTime"": ""2025-09-23 08:46:40"", ""tradeStatus"": ""交易成功"", ""counterparty"": ""沪松公路五店"", ""tradeOrderNo"": ""2025092322001445901444560296\t"", ""paymentMethod"": ""碰一下立减"", ""tradeCategory"": ""日用百货"", ""incomeOrExpense"": ""支出"", ""merchantOrderNo"": ""SXA1O108014894925\t"", ""productDescription"": ""上海全家便利店"", ""counterpartyAccount"": ""180***@qq.com""}",2025092322001445901444560296	,2025-09-23 08:46:40,0.00,OUT,沪松公路五店,碰一下立减,上海全家便利店 - 日用百货,1802,2.0.0,0,2026-02-04 15:49:34,PARSED,3,2026-02-04 15:49:36,3,2026-02-04 15:49:36,0,便利店
450,2,3,ALIPAY,PLATFORM_ORDER,65a8b32711653ba5aaf442901186e080,"{""amount"": ""23.28"", ""remark"": """", ""tradeTime"": ""2025-09-22 11:06:40"", ""tradeStatus"": ""交易成功"", ""counterparty"": ""淘宝闪购"", ""tradeOrderNo"": ""2025092222001145901441125547\t"", ""paymentMethod"": ""宁波银行信用卡(4573)&宁波银行立减金"", ""tradeCategory"": ""餐饮美食"", ""incomeOrExpense"": ""支出"", ""merchantOrderNo"": ""13110600725092290452059796052\t"", ""productDescription"": ""许厨子烧鸭面(虹梅路店)外卖订单"", ""counterpartyAccount"": ""e50***@alibaba-inc.com""}",2025092222001145901441125547	,2025-09-22 11:06:40,23.28,OUT,淘宝闪购,4573,许厨子烧鸭面(虹梅路店)外卖订单 - 餐饮美食,1803,2.0.0,0,2026-02-04 15:49:34,PARSED,3,2026-02-04 15:49:36,3,2026-02-04 15:49:36,0,网购
451,2,3,ALIPAY,PLATFORM_ORDER,dad87e5a82d8e3ef8ff713ec2d17759a,"{""amount"": ""0.00"", ""remark"": """", ""tradeTime"": ""2025-09-22 08:41:16"", ""tradeStatus"": ""交易成功"", ""counterparty"": ""沪松公路五店"", ""tradeOrderNo"": ""2025092222001445901430480396\t"", ""paymentMethod"": ""碰一下立减"", ""tradeCategory"": ""日用百货"", ""incomeOrExpense"": ""支出"", ""merchantOrderNo"": ""SXA1O107941158725\t"", ""productDescription"": ""上海全家便利店"", ""counterpartyAccount"": ""180***@qq.com""}",2025092222001445901430480396	,2025-09-22 08:41:16,0.00,OUT,沪松公路五店,碰一下立减,上海全家便利店 - 日用百货,1802,2.0.0,0,2026-02-04 15:49:34,PARSED,3,2026-02-04 15:49:36,3,2026-02-04 15:49:36,0,便利店
452,2,3,ALIPAY,PLATFORM_ORDER,36a06555ef22af36864b91a2aee179c8,"{""amount"": ""16.39"", ""remark"": """", ""tradeTime"": ""2025-09-21 19:18:57"", ""tradeStatus"": ""交易成功"", ""counterparty"": ""云账户综合服务平台"", ""tradeOrderNo"": ""20250921020070011570900065593518\t"", ""paymentMethod"": """", ""tradeCategory"": ""转账红包"", ""incomeOrExpense"": ""收入"", ""merchantOrderNo"": ""1109298552536294164\t"", ""productDescription"": ""云账户"", ""counterpartyAccount"": ""/""}",20250921020070011570900065593518	,2025-09-21 19:18:57,16.39,IN,云账户综合服务平台,null,云账户 - 转账红包,3704,2.0.0,0,2026-02-04 15:49:34,PARSED,3,2026-02-04 15:49:36,3,2026-02-04 15:49:36,0,转账入账
453,2,3,ALIPAY,PLATFORM_ORDER,474e9bce35c9794146f39c645215ba89,"{""amount"": ""6.46"", ""remark"": """", ""tradeTime"": ""2025-09-21 18:42:14"", ""tradeStatus"": ""交易成功"", ""counterparty"": ""KKV"", ""tradeOrderNo"": ""2025092122001445901437309895\t"", ""paymentMethod"": ""宁波银行信用卡(4573)&到店扫码支付红包"", ""tradeCategory"": ""日用百货"", ""incomeOrExpense"": ""支出"", ""merchantOrderNo"": ""20P2088721085226061W03_RVKKA828338692382830592\t"", ""productDescription"": ""KK-Store"", ""counterpartyAccount"": ""/""}",2025092122001445901437309895	,2025-09-21 18:42:14,6.46,OUT,KKV,4573,KK-Store - 日用百货,31,2.0.0,0,2026-02-04 15:49:34,PARSED,3,2026-02-04 15:49:36,3,2026-02-04 15:49:36,0,其他支出
454,2,3,ALIPAY,PLATFORM_ORDER,c92253227eaf15736dc752c7a3520ba9,"{""amount"": ""4.86"", ""remark"": """", ""tradeTime"": ""2025-09-20 11:44:53"", ""tradeStatus"": ""交易成功"", ""counterparty"": ""云账户综合服务平台"", ""tradeOrderNo"": ""20250920020070011530900050596975\t"", ""paymentMethod"": """", ""tradeCategory"": ""转账红包"", ""incomeOrExpense"": ""收入"", ""merchantOrderNo"": ""1108821993413132539\t"", ""productDescription"": ""云账户"", ""counterpartyAccount"": ""/""}",20250920020070011530900050596975	,2025-09-20 11:44:53,4.86,IN,云账户综合服务平台,null,云账户 - 转账红包,3704,2.0.0,0,2026-02-04 15:49:34,PARSED,3,2026-02-04 15:49:36,3,2026-02-04 15:49:36,0,转账入账
455,2,3,ALIPAY,PLATFORM_ORDER,2c61fac909e45c944d51f7a5a9832dca,"{""amount"": ""40.60"", ""remark"": """", ""tradeTime"": ""2025-09-19 10:39:19"", ""tradeStatus"": ""交易成功"", ""counterparty"": ""云账户综合服务平台"", ""tradeOrderNo"": ""20250919020070011530900040307048\t"", ""paymentMethod"": """", ""tradeCategory"": ""转账红包"", ""incomeOrExpense"": ""收入"", ""merchantOrderNo"": ""1108443027653255777\t"", ""productDescription"": ""云账户"", ""counterpartyAccount"": ""/""}",20250919020070011530900040307048	,2025-09-19 10:39:19,40.60,IN,云账户综合服务平台,null,云账户 - 转账红包,3704,2.0.0,0,2026-02-04 15:49:34,PARSED,3,2026-02-04 15:49:36,3,2026-02-04 15:49:36,0,转账入账
456,2,3,ALIPAY,PLATFORM_ORDER,ce90946918adad2a96fca4428142cdb9,"{""amount"": ""23.00"", ""remark"": """", ""tradeTime"": ""2025-09-19 10:39:16"", ""tradeStatus"": ""交易成功"", ""counterparty"": ""杭州柏鹿信息技术有限公司"", ""tradeOrderNo"": ""20250919020070011530900040571204\t"", ""paymentMethod"": """", ""tradeCategory"": ""转账红包"", ""incomeOrExpense"": ""收入"", ""merchantOrderNo"": ""XC190346536479986508\t"", ""productDescription"": ""小蚕提现"", ""counterpartyAccount"": ""/""}",20250919020070011530900040571204	,2025-09-19 10:39:16,23.00,IN,杭州柏鹿信息技术有限公司,null,小蚕提现 - 转账红包,3203,2.0.0,0,2026-02-04 15:49:34,PARSED,3,2026-02-04 15:49:36,3,2026-02-04 15:49:36,0,储蓄卡⇄支付平台
457,2,3,ALIPAY,PLATFORM_ORDER,cf3da320499d1237ff5b8be4ac338c6a,"{""amount"": ""0.00"", ""remark"": """", ""tradeTime"": ""2025-09-19 08:38:18"", ""tradeStatus"": ""交易成功"", ""counterparty"": ""沪松公路五店"", ""tradeOrderNo"": ""2025091922001445901417063985\t"", ""paymentMethod"": ""碰一下立减"", ""tradeCategory"": ""日用百货"", ""incomeOrExpense"": ""支出"", ""merchantOrderNo"": ""SXA1O107746775025\t"", ""productDescription"": ""上海全家便利店"", ""counterpartyAccount"": ""180***@qq.com""}",2025091922001445901417063985	,2025-09-19 08:38:18,0.00,OUT,沪松公路五店,碰一下立减,上海全家便利店 - 日用百货,1802,2.0.0,0,2026-02-04 15:49:34,PARSED,3,2026-02-04 15:49:36,3,2026-02-04 15:49:36,0,便利店
458,2,3,ALIPAY,PLATFORM_ORDER,5198f6d5c3a0d11bbb41b55e09113648,"{""amount"": ""2.45"", ""remark"": """", ""tradeTime"": ""2025-09-18 08:37:54"", ""tradeStatus"": ""交易成功"", ""counterparty"": ""沪松公路五店"", ""tradeOrderNo"": ""2025091823001445901405338732\t"", ""paymentMethod"": ""宁波银行信用卡(4573)&红包"", ""tradeCategory"": ""日用百货"", ""incomeOrExpense"": ""支出"", ""merchantOrderNo"": ""SXA1O107673430225\t"", ""productDescription"": ""上海全家便利店"", ""counterpartyAccount"": ""180***@qq.com""}",2025091823001445901405338732	,2025-09-18 08:37:54,2.45,OUT,沪松公路五店,4573,上海全家便利店 - 日用百货,1802,2.0.0,0,2026-02-04 15:49:34,PARSED,3,2026-02-04 15:49:36,3,2026-02-04 15:49:36,0,便利店
459,2,3,ALIPAY,PLATFORM_ORDER,53f2ec9f382a90239788566b908c9924,"{""amount"": ""10.69"", ""remark"": """", ""tradeTime"": ""2025-09-17 22:46:39"", ""tradeStatus"": ""交易成功"", ""counterparty"": ""淘宝闪购"", ""tradeOrderNo"": ""2025091722001145901409054090\t"", ""paymentMethod"": ""宁波银行信用卡(4573)&宁波银行立减金"", ""tradeCategory"": ""日用百货"", ""incomeOrExpense"": ""支出"", ""merchantOrderNo"": ""13220600725091707183839796052\t"", ""productDescription"": ""世纪精品超市(爱博店)"", ""counterpartyAccount"": ""ele***@service.aliyun.com""}",2025091722001145901409054090	,2025-09-17 22:46:39,10.69,OUT,淘宝闪购,4573,世纪精品超市(爱博店) - 日用百货,1803,2.0.0,0,2026-02-04 15:49:34,PARSED,3,2026-02-04 15:49:36,3,2026-02-04 15:49:36,0,网购
460,2,3,ALIPAY,PLATFORM_ORDER,15fd3e44ad59634647dbe37b02b5b472,"{""amount"": ""2.00"", ""remark"": """", ""tradeTime"": ""2025-09-17 22:21:17"", ""tradeStatus"": ""交易成功"", ""counterparty"": ""上海公共交通卡股份有限公司"", ""tradeOrderNo"": ""2025091722001445901408253475\t"", ""paymentMethod"": ""宁波银行信用卡(4573)"", ""tradeCategory"": ""交通出行"", ""incomeOrExpense"": ""支出"", ""merchantOrderNo"": ""25091722211700200054\t"", ""productDescription"": ""上海公交-803路-2025-09-17 20:21:14"", ""counterpartyAccount"": ""jtk***@sptcc.com""}",2025091722001445901408253475	,2025-09-17 22:21:17,2.00,OUT,上海公共交通卡股份有限公司,4573,上海公交-803路-2025-09-17 20:21:14 - 交通出行,203,2.0.0,0,2026-02-04 15:49:34,PARSED,3,2026-02-04 15:49:36,3,2026-02-04 15:49:36,0,交通补贴
461,2,3,ALIPAY,PLATFORM_ORDER,80fff3b5e84c073b47d1e40f37f51dbe,"{""amount"": ""3.00"", ""remark"": """", ""tradeTime"": ""2025-09-17 20:21:54"", ""tradeStatus"": ""交易成功"", ""counterparty"": ""上海都畅数字技术有限公司"", ""tradeOrderNo"": ""2025091722001445901409585401\t"", ""paymentMethod"": ""宁波银行信用卡(4573)"", ""tradeCategory"": ""交通出行"", ""incomeOrExpense"": ""支出"", ""merchantOrderNo"": ""20250917202153734023083010321043\t"", ""productDescription"": ""漕河泾开发区-七宝"", ""counterpartyAccount"": ""dom***@metrofastpass.com""}",2025091722001445901409585401	,2025-09-17 20:21:54,3.00,OUT,上海都畅数字技术有限公司,4573,漕河泾开发区-七宝 - 交通出行,203,2.0.0,0,2026-02-04 15:49:34,PARSED,3,2026-02-04 15:49:36,3,2026-02-04 15:49:36,0,交通补贴
462,2,3,ALIPAY,PLATFORM_ORDER,1049fb5294c25af8ef9fd552c1d5fd31,"{""amount"": ""2.00"", ""remark"": """", ""tradeTime"": ""2025-09-17 10:07:12"", ""tradeStatus"": ""交易成功"", ""counterparty"": ""上海公共交通卡股份有限公司"", ""tradeOrderNo"": ""2025091722001445901402020682\t"", ""paymentMethod"": ""宁波银行信用卡(4573)"", ""tradeCategory"": ""交通出行"", ""incomeOrExpense"": ""支出"", ""merchantOrderNo"": ""25091710071200200044\t"", ""productDescription"": ""上海公交-803路-2025-09-17 08:07:09"", ""counterpartyAccount"": ""jtk***@sptcc.com""}",2025091722001445901402020682	,2025-09-17 10:07:12,2.00,OUT,上海公共交通卡股份有限公司,4573,上海公交-803路-2025-09-17 08:07:09 - 交通出行,203,2.0.0,0,2026-02-04 15:49:34,PARSED,3,2026-02-04 15:49:36,3,2026-02-04 15:49:36,0,交通补贴
463,2,3,ALIPAY,PLATFORM_ORDER,ec32edffe12d359b5fb93ddc871db22e,"{""amount"": ""3.00"", ""remark"": """", ""tradeTime"": ""2025-09-17 09:05:14"", ""tradeStatus"": ""交易成功"", ""counterparty"": ""上海都畅数字技术有限公司"", ""tradeOrderNo"": ""2025091722001445901402019359\t"", ""paymentMethod"": ""宁波银行信用卡(4573)"", ""tradeCategory"": ""交通出行"", ""incomeOrExpense"": ""支出"", ""merchantOrderNo"": ""20250917090513455023083174702545\t"", ""productDescription"": ""七宝-漕河泾开发区"", ""counterpartyAccount"": ""dom***@metrofastpass.com""}",2025091722001445901402019359	,2025-09-17 09:05:14,3.00,OUT,上海都畅数字技术有限公司,4573,七宝-漕河泾开发区 - 交通出行,203,2.0.0,0,2026-02-04 15:49:34,PARSED,3,2026-02-04 15:49:36,3,2026-02-04 15:49:36,0,交通补贴
464,2,3,ALIPAY,PLATFORM_ORDER,a00564e2d29c034b6a8eb72182c8d68d,"{""amount"": ""0.80"", ""remark"": """", ""tradeTime"": ""2025-09-17 08:44:25"", ""tradeStatus"": ""交易成功"", ""counterparty"": ""沪松公路五店"", ""tradeOrderNo"": ""2025091722001445901403837007\t"", ""paymentMethod"": ""宁波银行信用卡(4573)&碰一下立减"", ""tradeCategory"": ""日用百货"", ""incomeOrExpense"": ""支出"", ""merchantOrderNo"": ""SXA1O107602535425\t"", ""productDescription"": ""上海全家便利店"", ""counterpartyAccount"": ""180***@qq.com""}",2025091722001445901403837007	,2025-09-17 08:44:25,0.80,OUT,沪松公路五店,4573,上海全家便利店 - 日用百货,1802,2.0.0,0,2026-02-04 15:49:34,PARSED,3,2026-02-04 15:49:36,3,2026-02-04 15:49:36,0,便利店
465,2,3,ALIPAY,PLATFORM_ORDER,313f625c29e3df36cfde54f1dd31db01,"{""amount"": ""154.72"", ""remark"": """", ""tradeTime"": ""2025-09-16 19:42:45"", ""tradeStatus"": ""交易成功"", ""counterparty"": ""国网上海市电力公司(缴费)"", ""tradeOrderNo"": ""2025091600003001900058829403\t"", ""paymentMethod"": ""宁波银行信用卡(4573)&宁波银行立减金&积分抵"", ""tradeCategory"": ""充值缴费"", ""incomeOrExpense"": ""支出"", ""merchantOrderNo"": ""3100000335058\t"", ""productDescription"": ""8月-电费-***"", ""counterpartyAccount"": ""/""}",2025091600003001900058829403	,2025-09-16 19:42:45,154.72,OUT,国网上海市电力公司(缴费),4573,8月-电费-*** - 充值缴费,2204,2.0.0,0,2026-02-04 15:49:34,PARSED,3,2026-02-04 15:49:36,3,2026-02-04 15:49:36,0,电费
466,2,3,ALIPAY,PLATFORM_ORDER,19cef6f14131ee4411d362eb4203501f,"{""amount"": ""23.65"", ""remark"": """", ""tradeTime"": ""2025-09-16 11:24:22"", ""tradeStatus"": ""交易成功"", ""counterparty"": ""淘宝闪购"", ""tradeOrderNo"": ""2025091622001145901451148775\t"", ""paymentMethod"": ""宁波银行信用卡(4573)&宁波银行立减金"", ""tradeCategory"": ""餐饮美食"", ""incomeOrExpense"": ""支出"", ""merchantOrderNo"": ""13110600725091621948879796052\t"", ""productDescription"": ""绝味鸭脖(吴中路店)外卖订单"", ""counterpartyAccount"": ""e50***@alibaba-inc.com""}",2025091622001145901451148775	,2025-09-16 11:24:22,23.65,OUT,淘宝闪购,4573,绝味鸭脖(吴中路店)外卖订单 - 餐饮美食,1803,2.0.0,0,2026-02-04 15:49:34,PARSED,3,2026-02-04 15:49:36,3,2026-02-04 15:49:36,0,网购
467,2,3,ALIPAY,PLATFORM_ORDER,3b96142e90a3aa4aed77c25113570856,"{""amount"": ""0.80"", ""remark"": """", ""tradeTime"": ""2025-09-16 08:37:46"", ""tradeStatus"": ""交易成功"", ""counterparty"": ""沪松公路五店"", ""tradeOrderNo"": ""2025091622001445901453758392\t"", ""paymentMethod"": ""宁波银行信用卡(4573)&碰一下立减"", ""tradeCategory"": ""日用百货"", ""incomeOrExpense"": ""支出"", ""merchantOrderNo"": ""SXA1O107525796625\t"", ""productDescription"": ""上海全家便利店"", ""counterpartyAccount"": ""180***@qq.com""}",2025091622001445901453758392	,2025-09-16 08:37:46,0.80,OUT,沪松公路五店,4573,上海全家便利店 - 日用百货,1802,2.0.0,0,2026-02-04 15:49:34,PARSED,3,2026-02-04 15:49:36,3,2026-02-04 15:49:36,0,便利店
468,2,3,ALIPAY,PLATFORM_ORDER,7feb8897c1adfa96b50f4c379cb89e0f,"{""amount"": ""66.85"", ""remark"": """", ""tradeTime"": ""2025-09-15 22:31:42"", ""tradeStatus"": ""交易成功"", ""counterparty"": ""滴滴出行"", ""tradeOrderNo"": ""2025091522001445901452716792\t"", ""paymentMethod"": ""宁波银行信用卡(4573)&宁波银行立减金"", ""tradeCategory"": ""交通出行"", ""incomeOrExpense"": ""支出"", ""merchantOrderNo"": ""210_202509158438021001947041\t"", ""productDescription"": ""滴滴快车打车-沈师傅-09月15日行程"", ""counterpartyAccount"": ""chu***@didichuxing.com""}",2025091522001445901452716792	,2025-09-15 22:31:42,66.85,OUT,滴滴出行,4573,滴滴快车打车-沈师傅-09月15日行程 - 交通出行,1703,2.0.0,0,2026-02-04 15:49:34,PARSED,3,2026-02-04 15:49:36,3,2026-02-04 15:49:36,0,网约车
469,2,3,ALIPAY,PLATFORM_ORDER,ac154f239750f3ddb0538936369827d6,"{""amount"": ""0.80"", ""remark"": """", ""tradeTime"": ""2025-09-15 08:44:16"", ""tradeStatus"": ""交易成功"", ""counterparty"": ""沪松公路五店"", ""tradeOrderNo"": ""2025091522001445901444782476\t"", ""paymentMethod"": ""宁波银行信用卡(4573)&碰一下立减"", ""tradeCategory"": ""日用百货"", ""incomeOrExpense"": ""支出"", ""merchantOrderNo"": ""SXA1O107452844025\t"", ""productDescription"": ""上海全家便利店"", ""counterpartyAccount"": ""180***@qq.com""}",2025091522001445901444782476	,2025-09-15 08:44:16,0.80,OUT,沪松公路五店,4573,上海全家便利店 - 日用百货,1802,2.0.0,0,2026-02-04 15:49:34,PARSED,3,2026-02-04 15:49:36,3,2026-02-04 15:49:36,0,便利店
470,2,3,ALIPAY,PLATFORM_ORDER,0e22aa69de074916804bebcb647a5536,"{""amount"": ""43.79"", ""remark"": """", ""tradeTime"": ""2025-09-13 12:30:08"", ""tradeStatus"": ""交易成功"", ""counterparty"": ""淘宝闪购"", ""tradeOrderNo"": ""2025091322001145901438075787\t"", ""paymentMethod"": ""宁波银行信用卡(4573)&宁波银行立减金"", ""tradeCategory"": ""日用百货"", ""incomeOrExpense"": ""支出"", ""merchantOrderNo"": ""13120600725091309482017796052\t"", ""productDescription"": ""大润发(华漕店)"", ""counterpartyAccount"": ""ele***@service.aliyun.com""}",2025091322001145901438075787	,2025-09-13 12:30:08,43.79,OUT,淘宝闪购,4573,大润发(华漕店) - 日用百货,1605,2.0.0,0,2026-02-04 15:49:34,PARSED,3,2026-02-04 15:49:36,3,2026-02-04 15:49:36,0,买菜原料
471,2,3,ALIPAY,PLATFORM_ORDER,925fbbc10034e1f894495020fef0010e,"{""amount"": ""12.75"", ""remark"": """", ""tradeTime"": ""2025-09-12 12:14:04"", ""tradeStatus"": ""交易成功"", ""counterparty"": ""云账户综合服务平台"", ""tradeOrderNo"": ""20250912020070011540900072698527\t"", ""paymentMethod"": """", ""tradeCategory"": ""转账红包"", ""incomeOrExpense"": ""收入"", ""merchantOrderNo"": ""1105930251399582054\t"", ""productDescription"": ""云账户"", ""counterpartyAccount"": ""/""}",20250912020070011540900072698527	,2025-09-12 12:14:04,12.75,IN,云账户综合服务平台,null,云账户 - 转账红包,3704,2.0.0,0,2026-02-04 15:49:34,PARSED,3,2026-02-04 15:49:36,3,2026-02-04 15:49:36,0,转账入账
472,2,3,ALIPAY,PLATFORM_ORDER,35cebc5b633e6defb566def95135772c,"{""amount"": ""10.00"", ""remark"": """", ""tradeTime"": ""2025-09-12 12:14:00"", ""tradeStatus"": ""交易成功"", ""counterparty"": ""杭州柏鹿信息技术有限公司"", ""tradeOrderNo"": ""20250912020070011540900072852160\t"", ""paymentMethod"": """", ""tradeCategory"": ""转账红包"", ""incomeOrExpense"": ""收入"", ""merchantOrderNo"": ""XC187898998479986508\t"", ""productDescription"": ""小蚕提现"", ""counterpartyAccount"": ""/""}",20250912020070011540900072852160	,2025-09-12 12:14:00,10.00,IN,杭州柏鹿信息技术有限公司,null,小蚕提现 - 转账红包,3203,2.0.0,0,2026-02-04 15:49:34,PARSED,3,2026-02-04 15:49:36,3,2026-02-04 15:49:36,0,储蓄卡⇄支付平台
473,2,3,ALIPAY,PLATFORM_ORDER,04c374c46054bd1ed24952c163a3286a,"{""amount"": ""100.00"", ""remark"": """", ""tradeTime"": ""2025-09-12 12:06:06"", ""tradeStatus"": ""交易成功"", ""counterparty"": ""冰***0"", ""tradeOrderNo"": ""2025091222001145901429036773\t"", ""paymentMethod"": ""花呗"", ""tradeCategory"": ""日用百货"", ""incomeOrExpense"": ""支出"", ""merchantOrderNo"": ""T200P4737504747807343545\t"", ""productDescription"": ""型型型毛肚自助火锅电子优惠券1张，100元，下单跟我联系发送"", ""counterpartyAccount"": ""183******78""}",2025091222001145901429036773	,2025-09-12 12:06:06,100.00,OUT,冰***0,花呗,型型型毛肚自助火锅电子优惠券1张，100元，下单跟我联系发送 - 日用百货,1601,2.0.0,0,2026-02-04 15:49:34,PARSED,3,2026-02-04 15:49:36,3,2026-02-04 15:49:36,0,三餐
474,2,3,ALIPAY,PLATFORM_ORDER,f2bc520ce74dacd8be52f3057b127ce0,"{""amount"": ""112.00"", ""remark"": """", ""tradeTime"": ""2025-09-12 12:03:14"", ""tradeStatus"": ""交易关闭"", ""counterparty"": ""宇***影"", ""tradeOrderNo"": ""2025091222001145901429631219\t"", ""paymentMethod"": ""花呗"", ""tradeCategory"": ""日用百货"", ""incomeOrExpense"": ""支出"", ""merchantOrderNo"": ""T200P4737493875961343545\t"", ""productDescription"": ""型型型火锅自助上海店"", ""counterpartyAccount"": ""182******54""}",2025091222001145901429631219	,2025-09-12 12:03:14,112.00,OUT,宇***影,花呗,型型型火锅自助上海店 - 日用百货,1601,2.0.0,0,2026-02-04 15:49:34,PARSED,3,2026-02-04 15:49:36,3,2026-02-04 15:49:36,0,三餐
475,2,3,ALIPAY,PLATFORM_ORDER,bc7c0bd2296a7496b8a6f7049ee277ba,"{""amount"": ""109.92"", ""remark"": """", ""tradeTime"": ""2025-09-12 11:58:16"", ""tradeStatus"": ""交易成功"", ""counterparty"": ""x***9"", ""tradeOrderNo"": ""2025091222001145901425402073\t"", ""paymentMethod"": ""花呗&花呗立减"", ""tradeCategory"": ""日用百货"", ""incomeOrExpense"": ""支出"", ""merchantOrderNo"": ""T200P4737468025966343545\t"", ""productDescription"": ""上海，型型型毛肚自助火锅，单人餐"", ""counterpartyAccount"": ""187******06""}",2025091222001145901425402073	,2025-09-12 11:58:16,109.92,OUT,x***9,花呗&花呗立减,上海，型型型毛肚自助火锅，单人餐 - 日用百货,1601,2.0.0,0,2026-02-04 15:49:34,PARSED,3,2026-02-04 15:49:36,3,2026-02-04 15:49:36,0,三餐
476,2,3,ALIPAY,PLATFORM_ORDER,be0850ceb23ba5558d6e0d80f0ac4066,"{""amount"": ""0.00"", ""remark"": """", ""tradeTime"": ""2025-09-12 08:43:09"", ""tradeStatus"": ""交易成功"", ""counterparty"": ""沪松公路五店"", ""tradeOrderNo"": ""2025091222001445901425838909\t"", ""paymentMethod"": ""碰一下立减"", ""tradeCategory"": ""日用百货"", ""incomeOrExpense"": ""支出"", ""merchantOrderNo"": ""SXA1O107247010625\t"", ""productDescription"": ""上海全家便利店"", ""counterpartyAccount"": ""180***@qq.com""}",2025091222001445901425838909	,2025-09-12 08:43:09,0.00,OUT,沪松公路五店,碰一下立减,上海全家便利店 - 日用百货,1802,2.0.0,0,2026-02-04 15:49:34,PARSED,3,2026-02-04 15:49:36,3,2026-02-04 15:49:36,0,便利店
477,2,3,ALIPAY,PLATFORM_ORDER,67dbd49d4434601e0dad819446691064,"{""amount"": ""6.30"", ""remark"": """", ""tradeTime"": ""2025-09-12 08:42:20"", ""tradeStatus"": ""交易成功"", ""counterparty"": ""沪松公路五店"", ""tradeOrderNo"": ""2025091222001445901421307768\t"", ""paymentMethod"": ""宁波银行信用卡(4573)&大牌日优惠券"", ""tradeCategory"": ""日用百货"", ""incomeOrExpense"": ""支出"", ""merchantOrderNo"": ""SXA1O107246893225\t"", ""productDescription"": ""上海全家便利店"", ""counterpartyAccount"": ""180***@qq.com""}",2025091222001445901421307768	,2025-09-12 08:42:20,6.30,OUT,沪松公路五店,4573,上海全家便利店 - 日用百货,1802,2.0.0,0,2026-02-04 15:49:34,PARSED,3,2026-02-04 15:49:36,3,2026-02-04 15:49:36,0,便利店
478,2,3,ALIPAY,PLATFORM_ORDER,ce4b3af6ffd7bbab236445f8482d235d,"{""amount"": ""2.00"", ""remark"": """", ""tradeTime"": ""2025-09-11 09:48:45"", ""tradeStatus"": ""交易成功"", ""counterparty"": ""上海公共交通卡股份有限公司"", ""tradeOrderNo"": ""2025091122001445901422584468\t"", ""paymentMethod"": ""宁波银行信用卡(4573)"", ""tradeCategory"": ""交通出行"", ""incomeOrExpense"": ""支出"", ""merchantOrderNo"": ""25091109484500200318\t"", ""productDescription"": ""上海公交-803路-2025-09-11 07:48:42"", ""counterpartyAccount"": ""jtk***@sptcc.com""}",2025091122001445901422584468	,2025-09-11 09:48:45,2.00,OUT,上海公共交通卡股份有限公司,4573,上海公交-803路-2025-09-11 07:48:42 - 交通出行,203,2.0.0,0,2026-02-04 15:49:34,PARSED,3,2026-02-04 15:49:36,3,2026-02-04 15:49:36,0,交通补贴
479,2,3,ALIPAY,PLATFORM_ORDER,315c5fcfb305f3102582e5c7f70f8244,"{""amount"": ""3.00"", ""remark"": """", ""tradeTime"": ""2025-09-11 08:44:09"", ""tradeStatus"": ""交易成功"", ""counterparty"": ""上海都畅数字技术有限公司"", ""tradeOrderNo"": ""2025091122001445901418089878\t"", ""paymentMethod"": ""宁波银行信用卡(4573)"", ""tradeCategory"": ""交通出行"", ""incomeOrExpense"": ""支出"", ""merchantOrderNo"": ""20250911084408202023083039522529\t"", ""productDescription"": ""七宝-漕河泾开发区"", ""counterpartyAccount"": ""dom***@metrofastpass.com""}",2025091122001445901418089878	,2025-09-11 08:44:09,3.00,OUT,上海都畅数字技术有限公司,4573,七宝-漕河泾开发区 - 交通出行,203,2.0.0,0,2026-02-04 15:49:34,PARSED,3,2026-02-04 15:49:36,3,2026-02-04 15:49:36,0,交通补贴
480,2,3,ALIPAY,PLATFORM_ORDER,7180fd0b5de47f2f718908ac7836b983,"{""amount"": ""0.80"", ""remark"": """", ""tradeTime"": ""2025-09-11 08:23:04"", ""tradeStatus"": ""交易成功"", ""counterparty"": ""沪松公路五店"", ""tradeOrderNo"": ""2025091122001445901417077171\t"", ""paymentMethod"": ""宁波银行信用卡(4573)&碰一下立减"", ""tradeCategory"": ""日用百货"", ""incomeOrExpense"": ""支出"", ""merchantOrderNo"": ""SXA1O107171135325\t"", ""productDescription"": ""上海全家便利店"", ""counterpartyAccount"": ""180***@qq.com""}",2025091122001445901417077171	,2025-09-11 08:23:04,0.80,OUT,沪松公路五店,4573,上海全家便利店 - 日用百货,1802,2.0.0,0,2026-02-04 15:49:34,PARSED,3,2026-02-04 15:49:36,3,2026-02-04 15:49:36,0,便利店
481,2,3,ALIPAY,PLATFORM_ORDER,cc563564f43cbd7c20cbdeb54559c4d5,"{""amount"": ""0.80"", ""remark"": """", ""tradeTime"": ""2025-09-10 08:38:10"", ""tradeStatus"": ""交易成功"", ""counterparty"": ""沪松公路五店"", ""tradeOrderNo"": ""2025091022001445901413192949\t"", ""paymentMethod"": ""宁波银行信用卡(4573)&碰一下立减"", ""tradeCategory"": ""日用百货"", ""incomeOrExpense"": ""支出"", ""merchantOrderNo"": ""SXA1O107102186925\t"", ""productDescription"": ""上海全家便利店"", ""counterpartyAccount"": ""180***@qq.com""}",2025091022001445901413192949	,2025-09-10 08:38:10,0.80,OUT,沪松公路五店,4573,上海全家便利店 - 日用百货,1802,2.0.0,0,2026-02-04 15:49:34,PARSED,3,2026-02-04 15:49:36,3,2026-02-04 15:49:36,0,便利店
482,2,3,ALIPAY,PLATFORM_ORDER,882b535f1f4a00f88247c2db0b70871b,"{""amount"": ""40.98"", ""remark"": """", ""tradeTime"": ""2025-09-09 10:21:27"", ""tradeStatus"": ""交易成功"", ""counterparty"": ""云账户综合服务平台"", ""tradeOrderNo"": ""20250909020070011530900042605721\t"", ""paymentMethod"": """", ""tradeCategory"": ""转账红包"", ""incomeOrExpense"": ""收入"", ""merchantOrderNo"": ""1104814784857493547\t"", ""productDescription"": ""云账户"", ""counterpartyAccount"": ""/""}",20250909020070011530900042605721	,2025-09-09 10:21:27,40.98,IN,云账户综合服务平台,null,云账户 - 转账红包,3704,2.0.0,0,2026-02-04 15:49:34,PARSED,3,2026-02-04 15:49:36,3,2026-02-04 15:49:36,0,转账入账
483,2,3,ALIPAY,PLATFORM_ORDER,855e4e05284f366610de8e3158288405,"{""amount"": ""0.80"", ""remark"": """", ""tradeTime"": ""2025-09-09 08:26:49"", ""tradeStatus"": ""交易成功"", ""counterparty"": ""沪松公路五店"", ""tradeOrderNo"": ""2025090922001445901407004694\t"", ""paymentMethod"": ""宁波银行信用卡(4573)&碰一下立减"", ""tradeCategory"": ""日用百货"", ""incomeOrExpense"": ""支出"", ""merchantOrderNo"": ""SXA1O107032289925\t"", ""productDescription"": ""上海全家便利店"", ""counterpartyAccount"": ""180***@qq.com""}",2025090922001445901407004694	,2025-09-09 08:26:49,0.80,OUT,沪松公路五店,4573,上海全家便利店 - 日用百货,1802,2.0.0,0,2026-02-04 15:49:34,PARSED,3,2026-02-04 15:49:36,3,2026-02-04 15:49:36,0,便利店
484,2,3,ALIPAY,PLATFORM_ORDER,247cf08d6899da89f52ebcb44580ad27,"{""amount"": ""0.00"", ""remark"": """", ""tradeTime"": ""2025-09-08 08:49:42"", ""tradeStatus"": ""交易成功"", ""counterparty"": ""沪松公路五店"", ""tradeOrderNo"": ""2025090822001445901457741060\t"", ""paymentMethod"": ""碰一下立减"", ""tradeCategory"": ""日用百货"", ""incomeOrExpense"": ""支出"", ""merchantOrderNo"": ""SXA1O106967253025\t"", ""productDescription"": ""上海全家便利店"", ""counterpartyAccount"": ""180***@qq.com""}",2025090822001445901457741060	,2025-09-08 08:49:42,0.00,OUT,沪松公路五店,碰一下立减,上海全家便利店 - 日用百货,1802,2.0.0,0,2026-02-04 15:49:34,PARSED,3,2026-02-04 15:49:36,3,2026-02-04 15:49:36,0,便利店
485,2,3,ALIPAY,PLATFORM_ORDER,0d1bce0b9f8fc27829ed9e5b927d1bf2,"{""amount"": ""40.37"", ""remark"": """", ""tradeTime"": ""2025-09-06 19:21:07"", ""tradeStatus"": ""交易成功"", ""counterparty"": ""淘宝闪购"", ""tradeOrderNo"": ""2025090622001145901448282438\t"", ""paymentMethod"": ""宁波银行信用卡(4573)&宁波银行立减金"", ""tradeCategory"": ""日用百货"", ""incomeOrExpense"": ""支出"", ""merchantOrderNo"": ""13190600725090650162054796052\t"", ""productDescription"": ""大润发(华漕店)"", ""counterpartyAccount"": ""ele***@service.aliyun.com""}",2025090622001145901448282438	,2025-09-06 19:21:07,40.37,OUT,淘宝闪购,4573,大润发(华漕店) - 日用百货,1605,2.0.0,0,2026-02-04 15:49:34,PARSED,3,2026-02-04 15:49:36,3,2026-02-04 15:49:36,0,买菜原料
486,2,3,ALIPAY,PLATFORM_ORDER,af849d666af722159acda0664390fe2c,"{""amount"": ""156.84"", ""remark"": """", ""tradeTime"": ""2025-09-06 10:38:57"", ""tradeStatus"": ""交易成功"", ""counterparty"": ""淘宝闪购"", ""tradeOrderNo"": ""2025090622001145901444657934\t"", ""paymentMethod"": ""宁波银行信用卡(4573)&宁波银行立减金"", ""tradeCategory"": ""其他"", ""incomeOrExpense"": ""支出"", ""merchantOrderNo"": ""13100600725090619220256796052\t"", ""productDescription"": ""乐高(上海宝山龙湖店)"", ""counterpartyAccount"": ""ele***@service.aliyun.com""}",2025090622001145901444657934	,2025-09-06 10:38:57,156.84,OUT,淘宝闪购,4573,乐高(上海宝山龙湖店) - 其他,1803,2.0.0,0,2026-02-04 15:49:34,PARSED,3,2026-02-04 15:49:36,3,2026-02-04 15:49:36,0,网购
487,2,3,ALIPAY,PLATFORM_ORDER,2d847098fcce9bde3c115fbd0f29ac7a,"{""amount"": ""0.00"", ""remark"": """", ""tradeTime"": ""2025-09-05 08:40:36"", ""tradeStatus"": ""交易成功"", ""counterparty"": ""沪松公路五店"", ""tradeOrderNo"": ""2025090522001445901441576769\t"", ""paymentMethod"": ""碰一下立减"", ""tradeCategory"": ""日用百货"", ""incomeOrExpense"": ""支出"", ""merchantOrderNo"": ""SXA1O106771897525\t"", ""productDescription"": ""上海全家便利店"", ""counterpartyAccount"": ""180***@qq.com""}",2025090522001445901441576769	,2025-09-05 08:40:36,0.00,OUT,沪松公路五店,碰一下立减,上海全家便利店 - 日用百货,1802,2.0.0,0,2026-02-04 15:49:34,PARSED,3,2026-02-04 15:49:36,3,2026-02-04 15:49:36,0,便利店
488,2,3,ALIPAY,PLATFORM_ORDER,bbadf74bc713a734cd49b297b2c2e1a1,"{""amount"": ""5.59"", ""remark"": """", ""tradeTime"": ""2025-09-04 18:19:38"", ""tradeStatus"": ""交易成功"", ""counterparty"": ""友宝智能货柜"", ""tradeOrderNo"": ""2025090422001445901432457832\t"", ""paymentMethod"": ""宁波银行信用卡(4573)"", ""tradeCategory"": ""生活服务"", ""incomeOrExpense"": ""支出"", ""merchantOrderNo"": ""1721202509046592004221104141\t"", ""productDescription"": ""售货柜_消费时间：2025-09-04 18:18:38"", ""counterpartyAccount"": ""lit***@ubox.cn""}",2025090422001445901432457832	,2025-09-04 18:19:38,5.59,OUT,友宝智能货柜,4573,售货柜_消费时间：2025-09-04 18:18:38 - 生活服务,31,2.0.0,0,2026-02-04 15:49:34,PARSED,3,2026-02-04 15:49:36,3,2026-02-04 15:49:36,0,其他支出
489,2,3,ALIPAY,PLATFORM_ORDER,a3e0b8b0375e8da254f4b5a9ca6a1a51,"{""amount"": ""0.80"", ""remark"": """", ""tradeTime"": ""2025-09-04 08:35:17"", ""tradeStatus"": ""交易成功"", ""counterparty"": ""沪松公路五店"", ""tradeOrderNo"": ""2025090422001445901436927427\t"", ""paymentMethod"": ""宁波银行信用卡(4573)&碰一下立减"", ""tradeCategory"": ""日用百货"", ""incomeOrExpense"": ""支出"", ""merchantOrderNo"": ""SXA1O106699393325\t"", ""productDescription"": ""上海全家便利店"", ""counterpartyAccount"": ""180***@qq.com""}",2025090422001445901436927427	,2025-09-04 08:35:17,0.80,OUT,沪松公路五店,4573,上海全家便利店 - 日用百货,1802,2.0.0,0,2026-02-04 15:49:34,PARSED,3,2026-02-04 15:49:36,3,2026-02-04 15:49:36,0,便利店
490,2,3,ALIPAY,PLATFORM_ORDER,ab5c5e2c896aeee62637e9b7e6a679ed,"{""amount"": ""16.89"", ""remark"": """", ""tradeTime"": ""2025-09-03 20:32:11"", ""tradeStatus"": ""交易成功"", ""counterparty"": ""云账户综合服务平台"", ""tradeOrderNo"": ""20250903020070011570900090028060\t"", ""paymentMethod"": """", ""tradeCategory"": ""转账红包"", ""incomeOrExpense"": ""收入"", ""merchantOrderNo"": ""1102793986802176611\t"", ""productDescription"": ""云账户"", ""counterpartyAccount"": ""/""}",20250903020070011570900090028060	,2025-09-03 20:32:11,16.89,IN,云账户综合服务平台,null,云账户 - 转账红包,3704,2.0.0,0,2026-02-04 15:49:34,PARSED,3,2026-02-04 15:49:36,3,2026-02-04 15:49:36,0,转账入账
491,2,3,ALIPAY,PLATFORM_ORDER,5d15c29fd0b2342436816eb5b978486f,"{""amount"": ""0.80"", ""remark"": """", ""tradeTime"": ""2025-09-03 08:24:12"", ""tradeStatus"": ""交易成功"", ""counterparty"": ""沪松公路五店"", ""tradeOrderNo"": ""2025090322001445901428087220\t"", ""paymentMethod"": ""宁波银行信用卡(4573)&碰一下立减"", ""tradeCategory"": ""日用百货"", ""incomeOrExpense"": ""支出"", ""merchantOrderNo"": ""SXA1O106628399925\t"", ""productDescription"": ""上海全家便利店"", ""counterpartyAccount"": ""180***@qq.com""}",2025090322001445901428087220	,2025-09-03 08:24:12,0.80,OUT,沪松公路五店,4573,上海全家便利店 - 日用百货,1802,2.0.0,0,2026-02-04 15:49:34,PARSED,3,2026-02-04 15:49:36,3,2026-02-04 15:49:36,0,便利店
492,2,3,ALIPAY,PLATFORM_ORDER,2c5b2e772481baf693898963e73fa1e6,"{""amount"": ""8.80"", ""remark"": """", ""tradeTime"": ""2025-09-02 11:36:57"", ""tradeStatus"": ""交易成功"", ""counterparty"": ""云账户综合服务平台"", ""tradeOrderNo"": ""20250902020070011530900075676023\t"", ""paymentMethod"": """", ""tradeCategory"": ""转账红包"", ""incomeOrExpense"": ""收入"", ""merchantOrderNo"": ""1102296928873857948\t"", ""productDescription"": ""云账户"", ""counterpartyAccount"": ""/""}",20250902020070011530900075676023	,2025-09-02 11:36:57,8.80,IN,云账户综合服务平台,null,云账户 - 转账红包,3704,2.0.0,0,2026-02-04 15:49:34,PARSED,3,2026-02-04 15:49:36,3,2026-02-04 15:49:36,0,转账入账
493,2,3,ALIPAY,PLATFORM_ORDER,6c8e1f1b09d34b8ad436142245a41111,"{""amount"": ""0.80"", ""remark"": """", ""tradeTime"": ""2025-09-02 08:23:01"", ""tradeStatus"": ""交易成功"", ""counterparty"": ""沪松公路五店"", ""tradeOrderNo"": ""2025090222001445901419674049\t"", ""paymentMethod"": ""宁波银行信用卡(4573)&碰一下立减"", ""tradeCategory"": ""日用百货"", ""incomeOrExpense"": ""支出"", ""merchantOrderNo"": ""SXA1O106561376725\t"", ""productDescription"": ""上海全家便利店"", ""counterpartyAccount"": ""180***@qq.com""}",2025090222001445901419674049	,2025-09-02 08:23:01,0.80,OUT,沪松公路五店,4573,上海全家便利店 - 日用百货,1802,2.0.0,0,2026-02-04 15:49:34,PARSED,3,2026-02-04 15:49:36,3,2026-02-04 15:49:36,0,便利店
494,2,3,ALIPAY,PLATFORM_ORDER,440e11adcfdfe3460023e234d87c72b2,"{""amount"": ""0.80"", ""remark"": """", ""tradeTime"": ""2025-09-01 08:32:21"", ""tradeStatus"": ""交易成功"", ""counterparty"": ""沪松公路五店"", ""tradeOrderNo"": ""2025090122001445901422448284\t"", ""paymentMethod"": ""宁波银行信用卡(4573)&碰一下立减"", ""tradeCategory"": ""日用百货"", ""incomeOrExpense"": ""支出"", ""merchantOrderNo"": ""SXA1O106495303625\t"", ""productDescription"": ""上海全家便利店"", ""counterpartyAccount"": ""180***@qq.com""}",2025090122001445901422448284	,2025-09-01 08:32:21,0.80,OUT,沪松公路五店,4573,上海全家便利店 - 日用百货,1802,2.0.0,0,2026-02-04 15:49:34,PARSED,3,2026-02-04 15:49:36,3,2026-02-04 15:49:36,0,便利店
495,2,3,ALIPAY,PLATFORM_ORDER,8fbd01c3b04aff549df93c5d1d889f36,"{""amount"": ""14.10"", ""remark"": """", ""tradeTime"": ""2025-08-31 21:51:18"", ""tradeStatus"": ""交易成功"", ""counterparty"": ""云账户综合服务平台"", ""tradeOrderNo"": ""20250831020070011580900062030358\t"", ""paymentMethod"": """", ""tradeCategory"": ""转账红包"", ""incomeOrExpense"": ""收入"", ""merchantOrderNo"": ""1101726795004629077\t"", ""productDescription"": ""云账户"", ""counterpartyAccount"": ""/""}",20250831020070011580900062030358	,2025-08-31 21:51:18,14.10,IN,云账户综合服务平台,null,云账户 - 转账红包,3704,2.0.0,0,2026-02-04 15:49:34,PARSED,3,2026-02-04 15:49:36,3,2026-02-04 15:49:36,0,转账入账
496,2,3,ALIPAY,PLATFORM_ORDER,70774935734d0bf996f30a005753a208,"{""amount"": ""88.14"", ""remark"": """", ""tradeTime"": ""2025-08-31 18:14:40"", ""tradeStatus"": ""交易成功"", ""counterparty"": ""守兔**店"", ""tradeOrderNo"": ""2025083122001145901418006665\t"", ""paymentMethod"": ""花呗"", ""tradeCategory"": ""文化休闲"", ""incomeOrExpense"": ""支出"", ""merchantOrderNo"": ""T100P4713004873229343545\t"", ""productDescription"": ""捕风追影华夏丰尚国际影城"", ""counterpartyAccount"": ""hab***@163.com""}",2025083122001145901418006665	,2025-08-31 18:14:40,88.14,OUT,守兔**店,花呗,捕风追影华夏丰尚国际影城 - 文化休闲,36,2.0.0,0,2026-02-04 15:49:34,PARSED,3,2026-02-04 15:49:36,3,2026-02-04 15:49:36,0,国际转账
497,2,3,ALIPAY,PLATFORM_ORDER,c1b533dac65bf4ee3cbe19c2cf366501,"{""amount"": ""12.20"", ""remark"": """", ""tradeTime"": ""2025-08-30 19:29:28"", ""tradeStatus"": ""交易成功"", ""counterparty"": ""虹桥新港五店"", ""tradeOrderNo"": ""2025083022001445901409786132\t"", ""paymentMethod"": ""宁波银行信用卡(4573)"", ""tradeCategory"": ""日用百货"", ""incomeOrExpense"": ""支出"", ""merchantOrderNo"": ""SXA1O106417452925\t"", ""productDescription"": ""上海全家便利店"", ""counterpartyAccount"": ""180***@qq.com""}",2025083022001445901409786132	,2025-08-30 19:29:28,12.20,OUT,虹桥新港五店,4573,上海全家便利店 - 日用百货,1802,2.0.0,0,2026-02-04 15:49:34,PARSED,3,2026-02-04 15:49:36,3,2026-02-04 15:49:36,0,便利店
498,2,3,ALIPAY,PLATFORM_ORDER,5d56d38d76dc7246e930b8c8b8659731,"{""amount"": ""15.90"", ""remark"": """", ""tradeTime"": ""2025-08-30 13:23:07"", ""tradeStatus"": ""交易成功"", ""counterparty"": ""淘宝闪购"", ""tradeOrderNo"": ""2025083022001145901413225099\t"", ""paymentMethod"": ""宁波银行信用卡(4573)"", ""tradeCategory"": ""日用百货"", ""incomeOrExpense"": ""支出"", ""merchantOrderNo"": ""13130600725083078159572796052\t"", ""productDescription"": ""大润发(华漕店)"", ""counterpartyAccount"": ""ele***@service.aliyun.com""}",2025083022001145901413225099	,2025-08-30 13:23:07,15.90,OUT,淘宝闪购,4573,大润发(华漕店) - 日用百货,1605,2.0.0,0,2026-02-04 15:49:34,PARSED,3,2026-02-04 15:49:36,3,2026-02-04 15:49:36,0,买菜原料
499,2,3,ALIPAY,PLATFORM_ORDER,80f83a7c625a5b11cee273bce78dbdb6,"{""amount"": ""76.26"", ""remark"": """", ""tradeTime"": ""2025-08-30 13:17:58"", ""tradeStatus"": ""交易成功"", ""counterparty"": ""淘宝闪购"", ""tradeOrderNo"": ""2025083023001145901410888025\t"", ""paymentMethod"": ""宁波银行信用卡(4573)&宁波银行立减金"", ""tradeCategory"": ""日用百货"", ""incomeOrExpense"": ""支出"", ""merchantOrderNo"": ""13130600725083068654172796052\t"", ""productDescription"": ""大润发(华漕店)"", ""counterpartyAccount"": ""ele***@service.aliyun.com""}",2025083023001145901410888025	,2025-08-30 13:17:58,76.26,OUT,淘宝闪购,4573,大润发(华漕店) - 日用百货,1605,2.0.0,0,2026-02-04 15:49:34,PARSED,3,2026-02-04 15:49:36,3,2026-02-04 15:49:36,0,买菜原料
500,2,3,ALIPAY,PLATFORM_ORDER,02f8490533c456a89c5cba782194f4b0,"{""amount"": ""42.72"", ""remark"": """", ""tradeTime"": ""2025-08-29 20:48:37"", ""tradeStatus"": ""交易成功"", ""counterparty"": ""t***7"", ""tradeOrderNo"": ""2025082922001145901406285540\t"", ""paymentMethod"": ""花呗&花呗立减"", ""tradeCategory"": ""日用百货"", ""incomeOrExpense"": ""支出"", ""merchantOrderNo"": ""T200P4709815452010343545\t"", ""productDescription"": ""吴老幺火锅100/200/300/400/500代金券"", ""counterpartyAccount"": ""176******22""}",2025082922001145901406285540	,2025-08-29 20:48:37,42.72,OUT,t***7,花呗&花呗立减,吴老幺火锅100/200/300/400/500代金券 - 日用百货,1601,2.0.0,0,2026-02-04 15:49:34,PARSED,3,2026-02-04 15:49:36,3,2026-02-04 15:49:36,0,三餐
501,2,3,ALIPAY,PLATFORM_ORDER,38c744cf7a2f5ad4dfe17c03cebd52be,"{""amount"": ""22.85"", ""remark"": """", ""tradeTime"": ""2025-08-29 10:45:55"", ""tradeStatus"": ""交易成功"", ""counterparty"": ""淘宝闪购"", ""tradeOrderNo"": ""2025082922001145901406382010\t"", ""paymentMethod"": ""宁波银行信用卡(4573)&宁波银行立减金"", ""tradeCategory"": ""餐饮美食"", ""incomeOrExpense"": ""支出"", ""merchantOrderNo"": ""13100600725082952265674796052\t"", ""productDescription"": ""辛盛福·老成都饭格子(古美路店)外卖订单"", ""counterpartyAccount"": ""e50***@alibaba-inc.com""}",2025082922001145901406382010	,2025-08-29 10:45:55,22.85,OUT,淘宝闪购,4573,辛盛福·老成都饭格子(古美路店)外卖订单 - 餐饮美食,1803,2.0.0,0,2026-02-04 15:49:34,PARSED,3,2026-02-04 15:49:36,3,2026-02-04 15:49:36,0,网购
502,2,3,ALIPAY,PLATFORM_ORDER,02ded39029ca89ec1d81060ca2d6aa27,"{""amount"": ""0.00"", ""remark"": """", ""tradeTime"": ""2025-08-29 08:43:19"", ""tradeStatus"": ""交易成功"", ""counterparty"": ""沪松公路五店"", ""tradeOrderNo"": ""2025082922001445901158602237\t"", ""paymentMethod"": ""碰一下立减"", ""tradeCategory"": ""日用百货"", ""incomeOrExpense"": ""支出"", ""merchantOrderNo"": ""SXA1O106305184925\t"", ""productDescription"": ""上海全家便利店"", ""counterpartyAccount"": ""180***@qq.com""}",2025082922001445901158602237	,2025-08-29 08:43:19,0.00,OUT,沪松公路五店,碰一下立减,上海全家便利店 - 日用百货,1802,2.0.0,0,2026-02-04 15:49:34,PARSED,3,2026-02-04 15:49:36,3,2026-02-04 15:49:36,0,便利店
503,2,3,ALIPAY,PLATFORM_ORDER,f7caaf136a2910af4d25326d49a3ad44,"{""amount"": ""7.56"", ""remark"": """", ""tradeTime"": ""2025-08-29 08:18:27"", ""tradeStatus"": ""交易成功"", ""counterparty"": ""云账户综合服务平台"", ""tradeOrderNo"": ""20250829020070011520900033957436\t"", ""paymentMethod"": """", ""tradeCategory"": ""转账红包"", ""incomeOrExpense"": ""收入"", ""merchantOrderNo"": ""1100797403768279103\t"", ""productDescription"": ""云账户"", ""counterpartyAccount"": ""/""}",20250829020070011520900033957436	,2025-08-29 08:18:27,7.56,IN,云账户综合服务平台,null,云账户 - 转账红包,3704,2.0.0,0,2026-02-04 15:49:34,PARSED,3,2026-02-04 15:49:36,3,2026-02-04 15:49:36,0,转账入账
504,2,3,ALIPAY,PLATFORM_ORDER,e68cf44e9d229a5f6177672357167bc7,"{""amount"": ""310.00"", ""remark"": """", ""tradeTime"": ""2025-08-29 00:09:50"", ""tradeStatus"": ""交易成功"", ""counterparty"": ""赵英(赵英)"", ""tradeOrderNo"": ""20250829200040011100900062966378\t"", ""paymentMethod"": ""余额宝"", ""tradeCategory"": ""转账红包"", ""incomeOrExpense"": ""支出"", ""merchantOrderNo"": ""\t"", ""productDescription"": ""送英英键盘爱你么么哒"", ""counterpartyAccount"": ""152******38""}",20250829200040011100900062966378	,2025-08-29 00:09:50,310.00,OUT,赵英(赵英),余额宝,送英英键盘爱你么么哒 - 转账红包,3704,2.0.0,0,2026-02-04 15:49:34,PARSED,3,2026-02-04 15:49:36,3,2026-02-04 15:49:36,0,转账入账
505,2,3,ALIPAY,PLATFORM_ORDER,e29064c118eed9ca4b11deeaba0f1732,"{""amount"": ""12.27"", ""remark"": """", ""tradeTime"": ""2025-08-28 21:44:01"", ""tradeStatus"": ""交易成功"", ""counterparty"": ""罗森(七莘路3062店)"", ""tradeOrderNo"": ""2025082822001445901405036674\t"", ""paymentMethod"": ""宁波银行信用卡(4573)&红包&宁波银行立减金"", ""tradeCategory"": ""日用百货"", ""incomeOrExpense"": ""支出"", ""merchantOrderNo"": ""678447577088\t"", ""productDescription"": ""支付宝支付七莘路3062号店消费"", ""counterpartyAccount"": ""law***@lawson.com.cn""}",2025082822001445901405036674	,2025-08-28 21:44:01,12.27,OUT,罗森(七莘路3062店),4573,支付宝支付七莘路3062号店消费 - 日用百货,1202,2.0.0,0,2026-02-04 15:49:34,PARSED,3,2026-02-04 15:49:36,3,2026-02-04 15:49:36,0,支付宝红包
506,2,3,ALIPAY,PLATFORM_ORDER,47e773879861655cdefcfce7cf7a56d0,"{""amount"": ""0.80"", ""remark"": """", ""tradeTime"": ""2025-08-28 08:22:17"", ""tradeStatus"": ""交易成功"", ""counterparty"": ""沪松公路五店"", ""tradeOrderNo"": ""2025082822001445901400441526\t"", ""paymentMethod"": ""宁波银行信用卡(4573)&碰一下立减"", ""tradeCategory"": ""日用百货"", ""incomeOrExpense"": ""支出"", ""merchantOrderNo"": ""SXA1O106229268425\t"", ""productDescription"": ""上海全家便利店"", ""counterpartyAccount"": ""180***@qq.com""}",2025082822001445901400441526	,2025-08-28 08:22:17,0.80,OUT,沪松公路五店,4573,上海全家便利店 - 日用百货,1802,2.0.0,0,2026-02-04 15:49:34,PARSED,3,2026-02-04 15:49:36,3,2026-02-04 15:49:36,0,便利店
332,2,3,ALIPAY,PLATFORM_ORDER,83513ce2d921549002db781ef481b822,"{""amount"": ""2.33"", ""remark"": """", ""tradeTime"": ""2025-11-04 08:37:56"", ""tradeStatus"": ""交易成功"", ""counterparty"": ""沪松公路五店"", ""tradeOrderNo"": ""2025110422001445901436733797\t"", ""paymentMethod"": ""宁波银行信用卡(4573)&碰一下立减"", ""tradeCategory"": ""日用百货"", ""incomeOrExpense"": ""支出"", ""merchantOrderNo"": ""SXA1O110652586625\t"", ""productDescription"": ""上海全家便利店"", ""counterpartyAccount"": ""180***@qq.com""}",2025110422001445901436733797	,2025-11-04 08:37:56,2.33,OUT,沪松公路五店,4573,上海全家便利店 - 日用百货,1802,2.0.0,0,2026-02-04 15:49:34,PARSED,3,2026-02-04 15:49:36,3,2026-02-04 15:49:36,0,便利店
508,2,3,ALIPAY,PLATFORM_ORDER,3089e915af33ad4c1ee4ac36e8b71683,"{""amount"": ""74.18"", ""remark"": """", ""tradeTime"": ""2025-08-27 22:47:20"", ""tradeStatus"": ""交易成功"", ""counterparty"": ""滴滴出行"", ""tradeOrderNo"": ""2025082722001445901400462928\t"", ""paymentMethod"": ""宁波银行信用卡(4573)"", ""tradeCategory"": ""交通出行"", ""incomeOrExpense"": ""支出"", ""merchantOrderNo"": ""210_202508278422278101358034\t"", ""productDescription"": ""滴滴快车打车-姜师傅-08月27日行程"", ""counterpartyAccount"": ""chu***@didichuxing.com""}",2025082722001445901400462928	,2025-08-27 22:47:20,74.18,OUT,滴滴出行,4573,滴滴快车打车-姜师傅-08月27日行程 - 交通出行,1703,2.0.0,0,2026-02-04 15:49:34,PARSED,3,2026-02-04 15:49:36,3,2026-02-04 15:49:36,0,网约车
509,2,3,ALIPAY,PLATFORM_ORDER,9c53d8d0a59a0b34b3114bb4e781c1bf,"{""amount"": ""8.01"", ""remark"": """", ""tradeTime"": ""2025-08-27 12:18:44"", ""tradeStatus"": ""交易成功"", ""counterparty"": ""云账户综合服务平台"", ""tradeOrderNo"": ""20250827020070011540900018157418\t"", ""paymentMethod"": """", ""tradeCategory"": ""转账红包"", ""incomeOrExpense"": ""收入"", ""merchantOrderNo"": ""1100133170521031453\t"", ""productDescription"": ""云账户"", ""counterpartyAccount"": ""/""}",20250827020070011540900018157418	,2025-08-27 12:18:44,8.01,IN,云账户综合服务平台,null,云账户 - 转账红包,3704,2.0.0,0,2026-02-04 15:49:34,PARSED,3,2026-02-04 15:49:36,3,2026-02-04 15:49:36,0,转账入账
510,2,3,ALIPAY,PLATFORM_ORDER,b2becba9788ec1bf1d1deddcf0601da5,"{""amount"": ""14.00"", ""remark"": """", ""tradeTime"": ""2025-08-27 12:18:41"", ""tradeStatus"": ""交易成功"", ""counterparty"": ""杭州柏鹿信息技术有限公司"", ""tradeOrderNo"": ""20250827020070011540900018147736\t"", ""paymentMethod"": """", ""tradeCategory"": ""转账红包"", ""incomeOrExpense"": ""收入"", ""merchantOrderNo"": ""XC182535558479986508\t"", ""productDescription"": ""小蚕提现"", ""counterpartyAccount"": ""/""}",20250827020070011540900018147736	,2025-08-27 12:18:41,14.00,IN,杭州柏鹿信息技术有限公司,null,小蚕提现 - 转账红包,3203,2.0.0,0,2026-02-04 15:49:34,PARSED,3,2026-02-04 15:49:36,3,2026-02-04 15:49:36,0,储蓄卡⇄支付平台
511,2,3,ALIPAY,PLATFORM_ORDER,0c24f827b6ac605c5fb5b8497bbe9eba,"{""amount"": ""18.85"", ""remark"": """", ""tradeTime"": ""2025-08-27 11:16:47"", ""tradeStatus"": ""交易成功"", ""counterparty"": ""淘宝闪购"", ""tradeOrderNo"": ""2025082722001145901456587087\t"", ""paymentMethod"": ""宁波银行信用卡(4573)&宁波银行立减金"", ""tradeCategory"": ""餐饮美食"", ""incomeOrExpense"": ""支出"", ""merchantOrderNo"": ""13110600725082738437235796052\t"", ""productDescription"": ""湘溪里·老长沙盖码饭(虹梅路店)外卖订单"", ""counterpartyAccount"": ""e50***@alibaba-inc.com""}",2025082722001145901456587087	,2025-08-27 11:16:47,18.85,OUT,淘宝闪购,4573,湘溪里·老长沙盖码饭(虹梅路店)外卖订单 - 餐饮美食,1803,2.0.0,0,2026-02-04 15:49:34,PARSED,3,2026-02-04 15:49:36,3,2026-02-04 15:49:36,0,网购
512,2,3,ALIPAY,PLATFORM_ORDER,d0f9ef23af48d9cbfc16dfd189421e0c,"{""amount"": ""0.00"", ""remark"": """", ""tradeTime"": ""2025-08-27 08:42:49"", ""tradeStatus"": ""交易成功"", ""counterparty"": ""沪松公路五店"", ""tradeOrderNo"": ""2025082722001445901456052466\t"", ""paymentMethod"": ""碰一下立减"", ""tradeCategory"": ""日用百货"", ""incomeOrExpense"": ""支出"", ""merchantOrderNo"": ""SXA1O106158784125\t"", ""productDescription"": ""上海全家便利店"", ""counterpartyAccount"": ""180***@qq.com""}",2025082722001445901456052466	,2025-08-27 08:42:49,0.00,OUT,沪松公路五店,碰一下立减,上海全家便利店 - 日用百货,1802,2.0.0,0,2026-02-04 15:49:34,PARSED,3,2026-02-04 15:49:36,3,2026-02-04 15:49:36,0,便利店
513,2,3,ALIPAY,PLATFORM_ORDER,39e351ef25393848fb918ef4112db97c,"{""amount"": ""23.84"", ""remark"": """", ""tradeTime"": ""2025-08-26 19:29:13"", ""tradeStatus"": ""交易成功"", ""counterparty"": ""淘宝闪购"", ""tradeOrderNo"": ""2025082622001145901454220559\t"", ""paymentMethod"": ""宁波银行信用卡(4573)&宁波银行立减金"", ""tradeCategory"": ""餐饮美食"", ""incomeOrExpense"": ""支出"", ""merchantOrderNo"": ""13190600725082638017268796052\t"", ""productDescription"": ""老山东招牌炒鸡(新虹街道店)外卖订单"", ""counterpartyAccount"": ""e50***@alibaba-inc.com""}",2025082622001145901454220559	,2025-08-26 19:29:13,23.84,OUT,淘宝闪购,4573,老山东招牌炒鸡(新虹街道店)外卖订单 - 餐饮美食,1803,2.0.0,0,2026-02-04 15:49:34,PARSED,3,2026-02-04 15:49:36,3,2026-02-04 15:49:36,0,网购
514,2,3,ALIPAY,PLATFORM_ORDER,a5ed11b0feeaaf8072fed0df8775fddb,"{""amount"": ""8.09"", ""remark"": """", ""tradeTime"": ""2025-08-26 17:25:10"", ""tradeStatus"": ""交易成功"", ""counterparty"": ""云账户综合服务平台"", ""tradeOrderNo"": ""20250826020070011560900011746098\t"", ""paymentMethod"": """", ""tradeCategory"": ""转账红包"", ""incomeOrExpense"": ""收入"", ""merchantOrderNo"": ""1099847940283285641\t"", ""productDescription"": ""云账户"", ""counterpartyAccount"": ""/""}",20250826020070011560900011746098	,2025-08-26 17:25:10,8.09,IN,云账户综合服务平台,null,云账户 - 转账红包,3704,2.0.0,0,2026-02-04 15:49:34,PARSED,3,2026-02-04 15:49:36,3,2026-02-04 15:49:36,0,转账入账
515,2,3,ALIPAY,PLATFORM_ORDER,0bdce0335bee1a6626e625449af8f351,"{""amount"": ""21.00"", ""remark"": """", ""tradeTime"": ""2025-08-26 17:25:06"", ""tradeStatus"": ""交易成功"", ""counterparty"": ""杭州柏鹿信息技术有限公司"", ""tradeOrderNo"": ""20250826020070011560900011762689\t"", ""paymentMethod"": """", ""tradeCategory"": ""转账红包"", ""incomeOrExpense"": ""收入"", ""merchantOrderNo"": ""XC182301996479986508\t"", ""productDescription"": ""小蚕提现"", ""counterpartyAccount"": ""/""}",20250826020070011560900011762689	,2025-08-26 17:25:06,21.00,IN,杭州柏鹿信息技术有限公司,null,小蚕提现 - 转账红包,3203,2.0.0,0,2026-02-04 15:49:34,PARSED,3,2026-02-04 15:49:36,3,2026-02-04 15:49:36,0,储蓄卡⇄支付平台
516,2,3,ALIPAY,PLATFORM_ORDER,6a17ea82b5b054637a9ffc801c18696d,"{""amount"": ""0.80"", ""remark"": """", ""tradeTime"": ""2025-08-26 08:38:05"", ""tradeStatus"": ""交易成功"", ""counterparty"": ""沪松公路五店"", ""tradeOrderNo"": ""2025082622001445901451349606\t"", ""paymentMethod"": ""宁波银行信用卡(4573)&碰一下立减"", ""tradeCategory"": ""日用百货"", ""incomeOrExpense"": ""支出"", ""merchantOrderNo"": ""SXA1O106084612925\t"", ""productDescription"": ""上海全家便利店"", ""counterpartyAccount"": ""180***@qq.com""}",2025082622001445901451349606	,2025-08-26 08:38:05,0.80,OUT,沪松公路五店,4573,上海全家便利店 - 日用百货,1802,2.0.0,0,2026-02-04 15:49:34,PARSED,3,2026-02-04 15:49:36,3,2026-02-04 15:49:36,0,便利店
517,2,3,ALIPAY,PLATFORM_ORDER,84f88eaeb3a0f48e6b8edb7a3370e4de,"{""amount"": ""17.75"", ""remark"": """", ""tradeTime"": ""2025-08-25 11:00:00"", ""tradeStatus"": ""交易成功"", ""counterparty"": ""淘宝闪购"", ""tradeOrderNo"": ""2025082522001145901445573660\t"", ""paymentMethod"": ""宁波银行信用卡(4573)&宁波银行立减金"", ""tradeCategory"": ""餐饮美食"", ""incomeOrExpense"": ""支出"", ""merchantOrderNo"": ""13110600725082572049696796052\t"", ""productDescription"": ""一碗泡泡·来自黄山的小馄饨外卖订单"", ""counterpartyAccount"": ""e50***@alibaba-inc.com""}",2025082522001145901445573660	,2025-08-25 11:00:00,17.75,OUT,淘宝闪购,4573,一碗泡泡·来自黄山的小馄饨外卖订单 - 餐饮美食,1803,2.0.0,0,2026-02-04 15:49:34,PARSED,3,2026-02-04 15:49:36,3,2026-02-04 15:49:36,0,网购
518,2,3,ALIPAY,PLATFORM_ORDER,e3a30631957e6bb3da3e9c63f5dca55a,"{""amount"": ""0.00"", ""remark"": """", ""tradeTime"": ""2025-08-25 08:41:28"", ""tradeStatus"": ""交易成功"", ""counterparty"": ""沪松公路五店"", ""tradeOrderNo"": ""2025082522001445901446828431\t"", ""paymentMethod"": ""碰一下立减"", ""tradeCategory"": ""日用百货"", ""incomeOrExpense"": ""支出"", ""merchantOrderNo"": ""SXA1O106014543625\t"", ""productDescription"": ""上海全家便利店"", ""counterpartyAccount"": ""180***@qq.com""}",2025082522001445901446828431	,2025-08-25 08:41:28,0.00,OUT,沪松公路五店,碰一下立减,上海全家便利店 - 日用百货,1802,2.0.0,0,2026-02-04 15:49:34,PARSED,3,2026-02-04 15:49:36,3,2026-02-04 15:49:36,0,便利店
519,2,3,ALIPAY,PLATFORM_ORDER,40f56f06eb7cb96a2f447a80f8e033b1,"{""amount"": ""7.00"", ""remark"": """", ""tradeTime"": ""2025-08-24 18:26:16"", ""tradeStatus"": ""交易成功"", ""counterparty"": ""杭州柏鹿信息技术有限公司"", ""tradeOrderNo"": ""20250824020070011560900092597394\t"", ""paymentMethod"": """", ""tradeCategory"": ""转账红包"", ""incomeOrExpense"": ""收入"", ""merchantOrderNo"": ""XC181671616479986508\t"", ""productDescription"": ""小蚕提现"", ""counterpartyAccount"": ""/""}",20250824020070011560900092597394	,2025-08-24 18:26:16,7.00,IN,杭州柏鹿信息技术有限公司,null,小蚕提现 - 转账红包,3203,2.0.0,0,2026-02-04 15:49:34,PARSED,3,2026-02-04 15:49:36,3,2026-02-04 15:49:36,0,储蓄卡⇄支付平台
520,2,3,ALIPAY,PLATFORM_ORDER,8f236b437b5585a67c536aefee83eb67,"{""amount"": ""18.70"", ""remark"": """", ""tradeTime"": ""2025-08-24 15:53:28"", ""tradeStatus"": ""交易成功"", ""counterparty"": ""淘宝闪购"", ""tradeOrderNo"": ""2025082422001145901443132832\t"", ""paymentMethod"": ""宁波银行信用卡(4573)"", ""tradeCategory"": ""餐饮美食"", ""incomeOrExpense"": ""支出"", ""merchantOrderNo"": ""13150600725082491055922796052\t"", ""productDescription"": ""霸王茶姬(上海虹丰生活广场店)外卖订单"", ""counterpartyAccount"": ""e50***@alibaba-inc.com""}",2025082422001145901443132832	,2025-08-24 15:53:28,18.70,OUT,淘宝闪购,4573,霸王茶姬(上海虹丰生活广场店)外卖订单 - 餐饮美食,1603,2.0.0,0,2026-02-04 15:49:34,PARSED,3,2026-02-04 15:49:36,3,2026-02-04 15:49:36,0,饮品咖啡
521,2,3,ALIPAY,PLATFORM_ORDER,6ff7e828de9643b7e163a847d38609ce,"{""amount"": ""15.73"", ""remark"": """", ""tradeTime"": ""2025-08-24 13:25:59"", ""tradeStatus"": ""交易成功"", ""counterparty"": ""滴滴出行"", ""tradeOrderNo"": ""2025082422001445901438841196\t"", ""paymentMethod"": ""宁波银行信用卡(4573)&宁波银行立减金&支付宝打车券"", ""tradeCategory"": ""交通出行"", ""incomeOrExpense"": ""支出"", ""merchantOrderNo"": ""210_202508248419552001384973\t"", ""productDescription"": ""滴滴快车打车-李师傅-08月24日行程"", ""counterpartyAccount"": ""chu***@didichuxing.com""}",2025082422001445901438841196	,2025-08-24 13:25:59,15.73,OUT,滴滴出行,4573,滴滴快车打车-李师傅-08月24日行程 - 交通出行,1703,2.0.0,0,2026-02-04 15:49:34,PARSED,3,2026-02-04 15:49:36,3,2026-02-04 15:49:36,0,网约车
522,2,3,ALIPAY,PLATFORM_ORDER,e847ca4b82c13bfbc9b227c896cf1c5c,"{""amount"": ""14.91"", ""remark"": """", ""tradeTime"": ""2025-08-24 12:19:35"", ""tradeStatus"": ""交易成功"", ""counterparty"": ""云账户综合服务平台"", ""tradeOrderNo"": ""20250824020070011540900089340143\t"", ""paymentMethod"": """", ""tradeCategory"": ""转账红包"", ""incomeOrExpense"": ""收入"", ""merchantOrderNo"": ""1099046138826703579\t"", ""productDescription"": ""云账户"", ""counterpartyAccount"": ""/""}",20250824020070011540900089340143	,2025-08-24 12:19:35,14.91,IN,云账户综合服务平台,null,云账户 - 转账红包,3704,2.0.0,0,2026-02-04 15:49:34,PARSED,3,2026-02-04 15:49:36,3,2026-02-04 15:49:36,0,转账入账
523,2,3,ALIPAY,PLATFORM_ORDER,59b074effe1a8f46bdd4e3cc2db74fb2,"{""amount"": ""26.00"", ""remark"": """", ""tradeTime"": ""2025-08-24 12:19:32"", ""tradeStatus"": ""交易成功"", ""counterparty"": ""杭州柏鹿信息技术有限公司"", ""tradeOrderNo"": ""20250824020070011540900089422060\t"", ""paymentMethod"": """", ""tradeCategory"": ""转账红包"", ""incomeOrExpense"": ""收入"", ""merchantOrderNo"": ""XC181556276479986508\t"", ""productDescription"": ""小蚕提现"", ""counterpartyAccount"": ""/""}",20250824020070011540900089422060	,2025-08-24 12:19:32,26.00,IN,杭州柏鹿信息技术有限公司,null,小蚕提现 - 转账红包,3203,2.0.0,0,2026-02-04 15:49:34,PARSED,3,2026-02-04 15:49:36,3,2026-02-04 15:49:36,0,储蓄卡⇄支付平台
524,2,3,ALIPAY,PLATFORM_ORDER,c55fa5f594cc782fa4c3bd91e07ab7a0,"{""amount"": ""6.62"", ""remark"": """", ""tradeTime"": ""2025-08-24 10:29:04"", ""tradeStatus"": ""交易成功"", ""counterparty"": ""云账户综合服务平台"", ""tradeOrderNo"": ""20250824020070011530900088033263\t"", ""paymentMethod"": """", ""tradeCategory"": ""转账红包"", ""incomeOrExpense"": ""收入"", ""merchantOrderNo"": ""1099018316364108014\t"", ""productDescription"": ""云账户"", ""counterpartyAccount"": ""/""}",20250824020070011530900088033263	,2025-08-24 10:29:04,6.62,IN,云账户综合服务平台,null,云账户 - 转账红包,3704,2.0.0,0,2026-02-04 15:49:34,PARSED,3,2026-02-04 15:49:36,3,2026-02-04 15:49:36,0,转账入账
525,2,3,ALIPAY,PLATFORM_ORDER,68cdf90538d0f1f04a52ed685ea3e335,"{""amount"": ""9.00"", ""remark"": """", ""tradeTime"": ""2025-08-24 10:29:01"", ""tradeStatus"": ""交易成功"", ""counterparty"": ""杭州柏鹿信息技术有限公司"", ""tradeOrderNo"": ""20250824020070011530900088015824\t"", ""paymentMethod"": """", ""tradeCategory"": ""转账红包"", ""incomeOrExpense"": ""收入"", ""merchantOrderNo"": ""XC181517368479986508\t"", ""productDescription"": ""小蚕提现"", ""counterpartyAccount"": ""/""}",20250824020070011530900088015824	,2025-08-24 10:29:01,9.00,IN,杭州柏鹿信息技术有限公司,null,小蚕提现 - 转账红包,3203,2.0.0,0,2026-02-04 15:49:34,PARSED,3,2026-02-04 15:49:36,3,2026-02-04 15:49:36,0,储蓄卡⇄支付平台
526,2,3,ALIPAY,PLATFORM_ORDER,3b6a462f3cef6b1ca4cde9e70b6c204f,"{""amount"": ""21.65"", ""remark"": """", ""tradeTime"": ""2025-08-24 10:19:11"", ""tradeStatus"": ""交易成功"", ""counterparty"": ""淘宝闪购"", ""tradeOrderNo"": ""2025082422001145901443385679\t"", ""paymentMethod"": ""宁波银行信用卡(4573)&宁波银行立减金"", ""tradeCategory"": ""餐饮美食"", ""incomeOrExpense"": ""支出"", ""merchantOrderNo"": ""13100600725082424681278796052\t"", ""productDescription"": ""绝味鸭脖(北翟路2店)外卖订单"", ""counterpartyAccount"": ""e50***@alibaba-inc.com""}",2025082422001145901443385679	,2025-08-24 10:19:11,21.65,OUT,淘宝闪购,4573,绝味鸭脖(北翟路2店)外卖订单 - 餐饮美食,1803,2.0.0,0,2026-02-04 15:49:34,PARSED,3,2026-02-04 15:49:36,3,2026-02-04 15:49:36,0,网购
527,2,3,ALIPAY,PLATFORM_ORDER,0f4b30f3908228ec0b8ce18ff97a610b,"{""amount"": ""56.37"", ""remark"": """", ""tradeTime"": ""2025-08-23 12:14:52"", ""tradeStatus"": ""交易成功"", ""counterparty"": ""哈啰出行"", ""tradeOrderNo"": ""2025082322001445901437660049\t"", ""paymentMethod"": ""宁波银行信用卡(4573)&宁波银行立减金"", ""tradeCategory"": ""交通出行"", ""incomeOrExpense"": ""支出"", ""merchantOrderNo"": ""CPR250823121450368224519172N\t"", ""productDescription"": ""哈啰出行先乘后付"", ""counterpartyAccount"": ""zij***@hellobike.com""}",2025082322001445901437660049	,2025-08-23 12:14:52,56.37,OUT,哈啰出行,4573,哈啰出行先乘后付 - 交通出行,1707,2.0.0,0,2026-02-04 15:49:34,PARSED,3,2026-02-04 15:49:36,3,2026-02-04 15:49:36,0,共享单车
528,2,3,ALIPAY,PLATFORM_ORDER,e6b714a878e6b973bacb5d60ebb0b832,"{""amount"": ""11.95"", ""remark"": """", ""tradeTime"": ""2025-08-23 10:33:19"", ""tradeStatus"": ""交易成功"", ""counterparty"": ""淘宝闪购"", ""tradeOrderNo"": ""2025082322001145901435860224\t"", ""paymentMethod"": ""宁波银行信用卡(4573)&宁波银行立减金"", ""tradeCategory"": ""餐饮美食"", ""incomeOrExpense"": ""支出"", ""merchantOrderNo"": ""13100600725082362374438796052\t"", ""productDescription"": ""爷爷不泡茶(上海航头浦乐汇店)外卖订单"", ""counterpartyAccount"": ""e50***@alibaba-inc.com""}",2025082322001145901435860224	,2025-08-23 10:33:19,11.95,OUT,淘宝闪购,4573,爷爷不泡茶(上海航头浦乐汇店)外卖订单 - 餐饮美食,1803,2.0.0,0,2026-02-04 15:49:34,PARSED,3,2026-02-04 15:49:36,3,2026-02-04 15:49:36,0,网购
529,2,3,ALIPAY,PLATFORM_ORDER,15c390e5f37b970a795c88629a7db79f,"{""amount"": ""26.01"", ""remark"": """", ""tradeTime"": ""2025-08-22 21:39:51"", ""tradeStatus"": ""交易成功"", ""counterparty"": ""杭州柏鹿信息技术有限公司"", ""tradeOrderNo"": ""20250822020070011580900074840432\t"", ""paymentMethod"": """", ""tradeCategory"": ""转账红包"", ""incomeOrExpense"": ""收入"", ""merchantOrderNo"": ""XC181102289479986508\t"", ""productDescription"": ""小蚕提现"", ""counterpartyAccount"": ""/""}",20250822020070011580900074840432	,2025-08-22 21:39:51,26.01,IN,杭州柏鹿信息技术有限公司,null,小蚕提现 - 转账红包,3203,2.0.0,0,2026-02-04 15:49:34,PARSED,3,2026-02-04 15:49:36,3,2026-02-04 15:49:36,0,储蓄卡⇄支付平台
530,2,3,ALIPAY,PLATFORM_ORDER,3c624f5fed82c9105f7055dfd35c0602,"{""amount"": ""2.00"", ""remark"": """", ""tradeTime"": ""2025-08-22 10:08:23"", ""tradeStatus"": ""交易成功"", ""counterparty"": ""上海公共交通卡股份有限公司"", ""tradeOrderNo"": ""2025082222001445901432938777\t"", ""paymentMethod"": ""宁波银行信用卡(4573)"", ""tradeCategory"": ""交通出行"", ""incomeOrExpense"": ""支出"", ""merchantOrderNo"": ""25082210082390300032\t"", ""productDescription"": ""上海公交-803路-2025-08-22 08:08:20"", ""counterpartyAccount"": ""jtk***@sptcc.com""}",2025082222001445901432938777	,2025-08-22 10:08:23,2.00,OUT,上海公共交通卡股份有限公司,4573,上海公交-803路-2025-08-22 08:08:20 - 交通出行,203,2.0.0,0,2026-02-04 15:49:34,PARSED,3,2026-02-04 15:49:36,3,2026-02-04 15:49:36,0,交通补贴
531,2,3,ALIPAY,PLATFORM_ORDER,236174e1ee681f5a1100bc4e764bd1e9,"{""amount"": ""41.81"", ""remark"": """", ""tradeTime"": ""2025-08-22 09:33:19"", ""tradeStatus"": ""交易成功"", ""counterparty"": ""云汉仙侠录"", ""tradeOrderNo"": ""2025082222001445901432882998\t"", ""paymentMethod"": ""宁波银行信用卡(4573)&到店扫码支付红包"", ""tradeCategory"": ""文化休闲"", ""incomeOrExpense"": ""支出"", ""merchantOrderNo"": ""202508220933144273513\t"", ""productDescription"": ""游戏元宝"", ""counterpartyAccount"": ""rui***@163.com""}",2025082222001445901432882998	,2025-08-22 09:33:19,41.81,OUT,云汉仙侠录,4573,游戏元宝 - 文化休闲,1815,2.0.0,0,2026-02-04 15:49:34,PARSED,3,2026-02-04 15:49:36,3,2026-02-04 15:49:36,0,游戏娱乐
532,2,3,ALIPAY,PLATFORM_ORDER,df0ae165c57b2feed0be190ff34d797c,"{""amount"": ""2.64"", ""remark"": """", ""tradeTime"": ""2025-08-22 08:59:59"", ""tradeStatus"": ""交易成功"", ""counterparty"": ""上海都畅数字技术有限公司"", ""tradeOrderNo"": ""2025082222001445901432612077\t"", ""paymentMethod"": ""宁波银行信用卡(4573)&宁波银行立减"", ""tradeCategory"": ""交通出行"", ""incomeOrExpense"": ""支出"", ""merchantOrderNo"": ""20250822085958154023083325931753\t"", ""productDescription"": ""七宝-漕河泾开发区"", ""counterpartyAccount"": ""dom***@metrofastpass.com""}",2025082222001445901432612077	,2025-08-22 08:59:59,2.64,OUT,上海都畅数字技术有限公司,4573,七宝-漕河泾开发区 - 交通出行,203,2.0.0,0,2026-02-04 15:49:34,PARSED,3,2026-02-04 15:49:36,3,2026-02-04 15:49:36,0,交通补贴
533,2,3,ALIPAY,PLATFORM_ORDER,7d815197c931e00b9215d075d447070f,"{""amount"": ""0.80"", ""remark"": """", ""tradeTime"": ""2025-08-22 08:40:43"", ""tradeStatus"": ""交易成功"", ""counterparty"": ""沪松公路五店"", ""tradeOrderNo"": ""2025082222001445901430544807\t"", ""paymentMethod"": ""宁波银行信用卡(4573)&碰一下立减"", ""tradeCategory"": ""日用百货"", ""incomeOrExpense"": ""支出"", ""merchantOrderNo"": ""SXA1O105814005825\t"", ""productDescription"": ""上海全家便利店"", ""counterpartyAccount"": ""180***@qq.com""}",2025082222001445901430544807	,2025-08-22 08:40:43,0.80,OUT,沪松公路五店,4573,上海全家便利店 - 日用百货,1802,2.0.0,0,2026-02-04 15:49:34,PARSED,3,2026-02-04 15:49:36,3,2026-02-04 15:49:36,0,便利店
534,2,3,ALIPAY,PLATFORM_ORDER,d829a32fa87bb2caee91a1761efaa66e,"{""amount"": ""8.00"", ""remark"": """", ""tradeTime"": ""2025-08-21 23:39:51"", ""tradeStatus"": ""交易成功"", ""counterparty"": ""云账户综合服务平台"", ""tradeOrderNo"": ""20250821020070011580900065947128\t"", ""paymentMethod"": """", ""tradeCategory"": ""转账红包"", ""incomeOrExpense"": ""收入"", ""merchantOrderNo"": ""1098130221867454583\t"", ""productDescription"": ""云账户"", ""counterpartyAccount"": ""/""}",20250821020070011580900065947128	,2025-08-21 23:39:51,8.00,IN,云账户综合服务平台,null,云账户 - 转账红包,3704,2.0.0,0,2026-02-04 15:49:34,PARSED,3,2026-02-04 15:49:36,3,2026-02-04 15:49:36,0,转账入账
535,2,3,ALIPAY,PLATFORM_ORDER,3eb9140ecc1a67cb33e3121fcb2d70e4,"{""amount"": ""10.00"", ""remark"": """", ""tradeTime"": ""2025-08-21 23:39:48"", ""tradeStatus"": ""交易成功"", ""counterparty"": ""杭州柏鹿信息技术有限公司"", ""tradeOrderNo"": ""20250821020070011580900065863306\t"", ""paymentMethod"": """", ""tradeCategory"": ""转账红包"", ""incomeOrExpense"": ""收入"", ""merchantOrderNo"": ""XC180798513479986508\t"", ""productDescription"": ""小蚕提现"", ""counterpartyAccount"": ""/""}",20250821020070011580900065863306	,2025-08-21 23:39:48,10.00,IN,杭州柏鹿信息技术有限公司,null,小蚕提现 - 转账红包,3203,2.0.0,0,2026-02-04 15:49:34,PARSED,3,2026-02-04 15:49:36,3,2026-02-04 15:49:36,0,储蓄卡⇄支付平台
536,2,3,ALIPAY,PLATFORM_ORDER,5892da4d297f5ffc5bc08ba2ccee77f4,"{""amount"": ""16.85"", ""remark"": """", ""tradeTime"": ""2025-08-21 16:50:25"", ""tradeStatus"": ""交易成功"", ""counterparty"": ""淘宝闪购"", ""tradeOrderNo"": ""2025082122001145901430077935\t"", ""paymentMethod"": ""宁波银行信用卡(4573)&宁波银行立减金"", ""tradeCategory"": ""餐饮美食"", ""incomeOrExpense"": ""支出"", ""merchantOrderNo"": ""13160600725082113160795796052\t"", ""productDescription"": ""湘溪里·老长沙盖码饭(虹梅路店)外卖订单"", ""counterpartyAccount"": ""e50***@alibaba-inc.com""}",2025082122001145901430077935	,2025-08-21 16:50:25,16.85,OUT,淘宝闪购,4573,湘溪里·老长沙盖码饭(虹梅路店)外卖订单 - 餐饮美食,1803,2.0.0,0,2026-02-04 15:49:34,PARSED,3,2026-02-04 15:49:36,3,2026-02-04 15:49:36,0,网购
537,2,3,ALIPAY,PLATFORM_ORDER,2906a3d9070ad60c09b76b8a9a6d4c3e,"{""amount"": ""20.85"", ""remark"": """", ""tradeTime"": ""2025-08-21 16:39:03"", ""tradeStatus"": ""交易成功"", ""counterparty"": ""淘宝闪购"", ""tradeOrderNo"": ""2025082122001145901430042829\t"", ""paymentMethod"": ""宁波银行信用卡(4573)&宁波银行立减金"", ""tradeCategory"": ""餐饮美食"", ""incomeOrExpense"": ""支出"", ""merchantOrderNo"": ""13160600725082153854445796052\t"", ""productDescription"": ""绝味鸭脖(吴中路店)外卖订单"", ""counterpartyAccount"": ""e50***@alibaba-inc.com""}",2025082122001145901430042829	,2025-08-21 16:39:03,20.85,OUT,淘宝闪购,4573,绝味鸭脖(吴中路店)外卖订单 - 餐饮美食,1803,2.0.0,0,2026-02-04 15:49:34,PARSED,3,2026-02-04 15:49:36,3,2026-02-04 15:49:36,0,网购
538,2,3,ALIPAY,PLATFORM_ORDER,5373ea4c1944444052188cd501b26b6a,"{""amount"": ""16.37"", ""remark"": """", ""tradeTime"": ""2025-08-21 16:35:08"", ""tradeStatus"": ""交易成功"", ""counterparty"": ""云账户综合服务平台"", ""tradeOrderNo"": ""20250821020070011560900063168492\t"", ""paymentMethod"": """", ""tradeCategory"": ""转账红包"", ""incomeOrExpense"": ""收入"", ""merchantOrderNo"": ""1098023410569039963\t"", ""productDescription"": ""云账户"", ""counterpartyAccount"": ""/""}",20250821020070011560900063168492	,2025-08-21 16:35:08,16.37,IN,云账户综合服务平台,null,云账户 - 转账红包,3704,2.0.0,0,2026-02-04 15:49:34,PARSED,3,2026-02-04 15:49:36,3,2026-02-04 15:49:36,0,转账入账
539,2,3,ALIPAY,PLATFORM_ORDER,6dbcda7483204c3248559eef7e0b323b,"{""amount"": ""4.50"", ""remark"": """", ""tradeTime"": ""2025-08-21 08:32:54"", ""tradeStatus"": ""交易成功"", ""counterparty"": ""沪松公路五店"", ""tradeOrderNo"": ""2025082122001445901423194218\t"", ""paymentMethod"": ""宁波银行信用卡(4573)&碰一下立减"", ""tradeCategory"": ""日用百货"", ""incomeOrExpense"": ""支出"", ""merchantOrderNo"": ""SXA1O105736600225\t"", ""productDescription"": ""上海全家便利店"", ""counterpartyAccount"": ""180***@qq.com""}",2025082122001445901423194218	,2025-08-21 08:32:54,4.50,OUT,沪松公路五店,4573,上海全家便利店 - 日用百货,1802,2.0.0,0,2026-02-04 15:49:34,PARSED,3,2026-02-04 15:49:36,3,2026-02-04 15:49:36,0,便利店
540,2,3,ALIPAY,PLATFORM_ORDER,157e4c462ce7ece3b65e66e9278689d0,"{""amount"": ""13.83"", ""remark"": """", ""tradeTime"": ""2025-08-20 11:06:47"", ""tradeStatus"": ""交易成功"", ""counterparty"": ""淘宝闪购"", ""tradeOrderNo"": ""2025082022001145901422848183\t"", ""paymentMethod"": ""宁波银行信用卡(4573)&宁波银行立减金"", ""tradeCategory"": ""餐饮美食"", ""incomeOrExpense"": ""支出"", ""merchantOrderNo"": ""13110600725082014391999796052\t"", ""productDescription"": ""湘溪里·老长沙盖码饭(虹梅路店)外卖订单"", ""counterpartyAccount"": ""e50***@alibaba-inc.com""}",2025082022001145901422848183	,2025-08-20 11:06:47,13.83,OUT,淘宝闪购,4573,湘溪里·老长沙盖码饭(虹梅路店)外卖订单 - 餐饮美食,1803,2.0.0,0,2026-02-04 15:49:34,PARSED,3,2026-02-04 15:49:36,3,2026-02-04 15:49:36,0,网购
541,2,3,ALIPAY,PLATFORM_ORDER,4db92eeed1e057d5590973257b66e307,"{""amount"": ""21.82"", ""remark"": """", ""tradeTime"": ""2025-08-20 08:49:24"", ""tradeStatus"": ""交易成功"", ""counterparty"": ""云账户综合服务平台"", ""tradeOrderNo"": ""20250820020070011520900048446341\t"", ""paymentMethod"": """", ""tradeCategory"": ""转账红包"", ""incomeOrExpense"": ""收入"", ""merchantOrderNo"": ""1097543612885356878\t"", ""productDescription"": ""云账户"", ""counterpartyAccount"": ""/""}",20250820020070011520900048446341	,2025-08-20 08:49:24,21.82,IN,云账户综合服务平台,null,云账户 - 转账红包,3704,2.0.0,0,2026-02-04 15:49:34,PARSED,3,2026-02-04 15:49:36,3,2026-02-04 15:49:36,0,转账入账
542,2,3,ALIPAY,PLATFORM_ORDER,aa65bf48a2f7b5c8593ea2f2a75e2b39,"{""amount"": ""26.00"", ""remark"": """", ""tradeTime"": ""2025-08-20 08:49:09"", ""tradeStatus"": ""交易成功"", ""counterparty"": ""杭州柏鹿信息技术有限公司"", ""tradeOrderNo"": ""20250820020070011520900048575801\t"", ""paymentMethod"": """", ""tradeCategory"": ""转账红包"", ""incomeOrExpense"": ""收入"", ""merchantOrderNo"": ""XC180197859479986508\t"", ""productDescription"": ""小蚕提现"", ""counterpartyAccount"": ""/""}",20250820020070011520900048575801	,2025-08-20 08:49:09,26.00,IN,杭州柏鹿信息技术有限公司,null,小蚕提现 - 转账红包,3203,2.0.0,0,2026-02-04 15:49:34,PARSED,3,2026-02-04 15:49:36,3,2026-02-04 15:49:36,0,储蓄卡⇄支付平台
543,2,3,ALIPAY,PLATFORM_ORDER,50f2b70061e83f534be658bf13ef57a0,"{""amount"": ""0.80"", ""remark"": """", ""tradeTime"": ""2025-08-20 08:38:01"", ""tradeStatus"": ""交易成功"", ""counterparty"": ""沪松公路五店"", ""tradeOrderNo"": ""2025082022001445901413872348\t"", ""paymentMethod"": ""宁波银行信用卡(4573)&碰一下立减"", ""tradeCategory"": ""日用百货"", ""incomeOrExpense"": ""支出"", ""merchantOrderNo"": ""SXA1O105662298025\t"", ""productDescription"": ""上海全家便利店"", ""counterpartyAccount"": ""180***@qq.com""}",2025082022001445901413872348	,2025-08-20 08:38:01,0.80,OUT,沪松公路五店,4573,上海全家便利店 - 日用百货,1802,2.0.0,0,2026-02-04 15:49:34,PARSED,3,2026-02-04 15:49:36,3,2026-02-04 15:49:36,0,便利店
544,2,3,ALIPAY,PLATFORM_ORDER,9c35ec87fb3419a506700024f582b7de,"{""amount"": ""0.80"", ""remark"": """", ""tradeTime"": ""2025-08-19 08:38:15"", ""tradeStatus"": ""交易成功"", ""counterparty"": ""沪松公路五店"", ""tradeOrderNo"": ""2025081922001445901409427523\t"", ""paymentMethod"": ""宁波银行信用卡(4573)&碰一下立减"", ""tradeCategory"": ""日用百货"", ""incomeOrExpense"": ""支出"", ""merchantOrderNo"": ""SXA1O105588576825\t"", ""productDescription"": ""上海全家便利店"", ""counterpartyAccount"": ""180***@qq.com""}",2025081922001445901409427523	,2025-08-19 08:38:15,0.80,OUT,沪松公路五店,4573,上海全家便利店 - 日用百货,1802,2.0.0,0,2026-02-04 15:49:34,PARSED,3,2026-02-04 15:49:36,3,2026-02-04 15:49:36,0,便利店
545,2,3,ALIPAY,PLATFORM_ORDER,bd8c7f3edc87551e028207ce67aba512,"{""amount"": ""17.74"", ""remark"": """", ""tradeTime"": ""2025-08-18 20:51:10"", ""tradeStatus"": ""交易成功"", ""counterparty"": ""淘宝闪购"", ""tradeOrderNo"": ""2025081822001145901412895922\t"", ""paymentMethod"": ""宁波银行信用卡(4573)&宁波银行立减金"", ""tradeCategory"": ""日用百货"", ""incomeOrExpense"": ""支出"", ""merchantOrderNo"": ""13200600725081839676903796052\t"", ""productDescription"": ""大润发(华漕店)"", ""counterpartyAccount"": ""ele***@service.aliyun.com""}",2025081822001145901412895922	,2025-08-18 20:51:10,17.74,OUT,淘宝闪购,4573,大润发(华漕店) - 日用百货,1605,2.0.0,0,2026-02-04 15:49:34,PARSED,3,2026-02-04 15:49:36,3,2026-02-04 15:49:36,0,买菜原料
546,2,3,ALIPAY,PLATFORM_ORDER,1b5f87777dab94d6a57d82c92d306ee9,"{""amount"": ""349.82"", ""remark"": """", ""tradeTime"": ""2025-08-18 14:16:02"", ""tradeStatus"": ""交易成功"", ""counterparty"": ""t***3"", ""tradeOrderNo"": ""2025081822001145901412678358\t"", ""paymentMethod"": ""花呗&花呗立减"", ""tradeCategory"": ""日用百货"", ""incomeOrExpense"": ""支出"", ""merchantOrderNo"": ""T200P4690212195467343545\t"", ""productDescription"": ""i5-1135G7 SRK05"", ""counterpartyAccount"": ""147******57""}",2025081822001145901412678358	,2025-08-18 14:16:02,349.82,OUT,t***3,花呗&花呗立减,i5-1135G7 SRK05 - 日用百货,31,2.0.0,0,2026-02-04 15:49:34,PARSED,3,2026-02-04 15:49:36,3,2026-02-04 15:49:36,0,其他支出
547,2,3,ALIPAY,PLATFORM_ORDER,e2a8c4bee2f8d0afe3ac8d2a89b4b88b,"{""amount"": ""16.88"", ""remark"": """", ""tradeTime"": ""2025-08-18 11:15:18"", ""tradeStatus"": ""交易成功"", ""counterparty"": ""淘宝闪购"", ""tradeOrderNo"": ""2025081822001145901413535382\t"", ""paymentMethod"": ""花呗"", ""tradeCategory"": ""餐饮美食"", ""incomeOrExpense"": ""支出"", ""merchantOrderNo"": ""13110600725081884096620796052\t"", ""productDescription"": ""湘溪里·老长沙盖码饭(虹梅路店)外卖订单"", ""counterpartyAccount"": ""e50***@alibaba-inc.com""}",2025081822001145901413535382	,2025-08-18 11:15:18,16.88,OUT,淘宝闪购,花呗,湘溪里·老长沙盖码饭(虹梅路店)外卖订单 - 餐饮美食,1803,2.0.0,0,2026-02-04 15:49:34,PARSED,3,2026-02-04 15:49:36,3,2026-02-04 15:49:36,0,网购
548,2,3,ALIPAY,PLATFORM_ORDER,7443af05fdbebee03a6bbb5d9c735bb5,"{""amount"": ""4.50"", ""remark"": """", ""tradeTime"": ""2025-08-18 08:37:28"", ""tradeStatus"": ""交易成功"", ""counterparty"": ""沪松公路五店"", ""tradeOrderNo"": ""2025081822001445901409338503\t"", ""paymentMethod"": ""宁波银行信用卡(4573)&碰一下立减"", ""tradeCategory"": ""日用百货"", ""incomeOrExpense"": ""支出"", ""merchantOrderNo"": ""SXA1O105515008925\t"", ""productDescription"": ""上海全家便利店"", ""counterpartyAccount"": ""180***@qq.com""}",2025081822001445901409338503	,2025-08-18 08:37:28,4.50,OUT,沪松公路五店,4573,上海全家便利店 - 日用百货,1802,2.0.0,0,2026-02-04 15:49:34,PARSED,3,2026-02-04 15:49:36,3,2026-02-04 15:49:36,0,便利店
549,2,3,ALIPAY,PLATFORM_ORDER,ecbd86ea10d7d71f9abba38f57f35c21,"{""amount"": ""5.00"", ""remark"": """", ""tradeTime"": ""2025-08-16 21:13:00"", ""tradeStatus"": ""交易成功"", ""counterparty"": ""上海都畅数字技术有限公司"", ""tradeOrderNo"": ""2025081622001445901403869183\t"", ""paymentMethod"": ""宁波银行信用卡(4573)"", ""tradeCategory"": ""交通出行"", ""incomeOrExpense"": ""支出"", ""merchantOrderNo"": ""20250816211259248023083486125517\t"", ""productDescription"": ""东方体育中心-国家会展中心"", ""counterpartyAccount"": ""dom***@metrofastpass.com""}",2025081622001445901403869183	,2025-08-16 21:13:00,5.00,OUT,上海都畅数字技术有限公司,4573,东方体育中心-国家会展中心 - 交通出行,203,2.0.0,0,2026-02-04 15:49:34,PARSED,3,2026-02-04 15:49:36,3,2026-02-04 15:49:36,0,交通补贴
550,2,3,ALIPAY,PLATFORM_ORDER,0d144896b050f91390be04a5f764d60b,"{""amount"": ""4.00"", ""remark"": """", ""tradeTime"": ""2025-08-16 18:06:44"", ""tradeStatus"": ""交易成功"", ""counterparty"": ""上海都畅数字技术有限公司"", ""tradeOrderNo"": ""2025081622001445901404605246\t"", ""paymentMethod"": ""宁波银行信用卡(4573)"", ""tradeCategory"": ""交通出行"", ""incomeOrExpense"": ""支出"", ""merchantOrderNo"": ""20250816180643558023083103500650\t"", ""productDescription"": ""淮海中路-东方体育中心"", ""counterpartyAccount"": ""dom***@metrofastpass.com""}",2025081622001445901404605246	,2025-08-16 18:06:44,4.00,OUT,上海都畅数字技术有限公司,4573,淮海中路-东方体育中心 - 交通出行,203,2.0.0,0,2026-02-04 15:49:34,PARSED,3,2026-02-04 15:49:36,3,2026-02-04 15:49:36,0,交通补贴
551,2,3,ALIPAY,PLATFORM_ORDER,8ca1425c08b521ce5c19a42ec22c3932,"{""amount"": ""4.00"", ""remark"": """", ""tradeTime"": ""2025-08-16 14:48:06"", ""tradeStatus"": ""交易成功"", ""counterparty"": ""上海都畅数字技术有限公司"", ""tradeOrderNo"": ""2025081622001445901402422382\t"", ""paymentMethod"": ""宁波银行信用卡(4573)"", ""tradeCategory"": ""交通出行"", ""incomeOrExpense"": ""支出"", ""merchantOrderNo"": ""20250816144805524072033303131476\t"", ""productDescription"": ""国家会展中心-陕西南路"", ""counterpartyAccount"": ""dom***@metrofastpass.com""}",2025081622001445901402422382	,2025-08-16 14:48:06,4.00,OUT,上海都畅数字技术有限公司,4573,国家会展中心-陕西南路 - 交通出行,203,2.0.0,0,2026-02-04 15:49:34,PARSED,3,2026-02-04 15:49:36,3,2026-02-04 15:49:36,0,交通补贴
552,2,3,ALIPAY,PLATFORM_ORDER,284d9bdb3d06357f2395ed3b23e036f6,"{""amount"": ""20.02"", ""remark"": """", ""tradeTime"": ""2025-08-15 21:27:26"", ""tradeStatus"": ""交易成功"", ""counterparty"": ""云账户综合服务平台"", ""tradeOrderNo"": ""20250815020070011580900007077832\t"", ""paymentMethod"": """", ""tradeCategory"": ""转账红包"", ""incomeOrExpense"": ""收入"", ""merchantOrderNo"": ""1095922619955789932\t"", ""productDescription"": ""云账户"", ""counterpartyAccount"": ""/""}",20250815020070011580900007077832	,2025-08-15 21:27:26,20.02,IN,云账户综合服务平台,null,云账户 - 转账红包,3704,2.0.0,0,2026-02-04 15:49:34,PARSED,3,2026-02-04 15:49:36,3,2026-02-04 15:49:36,0,转账入账
553,2,3,ALIPAY,PLATFORM_ORDER,2cadb4fea928b267a10a48246af5a2de,"{""amount"": ""15.83"", ""remark"": """", ""tradeTime"": ""2025-08-15 11:08:02"", ""tradeStatus"": ""交易成功"", ""counterparty"": ""淘宝闪购"", ""tradeOrderNo"": ""2025081522001145901455461580\t"", ""paymentMethod"": ""宁波银行信用卡(4573)&宁波银行立减金"", ""tradeCategory"": ""餐饮美食"", ""incomeOrExpense"": ""支出"", ""merchantOrderNo"": ""13110600725081515166078796052\t"", ""productDescription"": ""湘溪里·老长沙盖码饭(虹梅路店)外卖订单"", ""counterpartyAccount"": ""e50***@alibaba-inc.com""}",2025081522001145901455461580	,2025-08-15 11:08:02,15.83,OUT,淘宝闪购,4573,湘溪里·老长沙盖码饭(虹梅路店)外卖订单 - 餐饮美食,1803,2.0.0,0,2026-02-04 15:49:34,PARSED,3,2026-02-04 15:49:36,3,2026-02-04 15:49:36,0,网购
554,2,3,ALIPAY,PLATFORM_ORDER,4c20083ae5bb54967983125120160597,"{""amount"": ""12.01"", ""remark"": """", ""tradeTime"": ""2025-08-15 09:14:20"", ""tradeStatus"": ""交易成功"", ""counterparty"": ""云账户综合服务平台"", ""tradeOrderNo"": ""20250815020070011520900099043833\t"", ""paymentMethod"": """", ""tradeCategory"": ""转账红包"", ""incomeOrExpense"": ""收入"", ""merchantOrderNo"": ""1095737981866070758\t"", ""productDescription"": ""云账户"", ""counterpartyAccount"": ""/""}",20250815020070011520900099043833	,2025-08-15 09:14:20,12.01,IN,云账户综合服务平台,null,云账户 - 转账红包,3704,2.0.0,0,2026-02-04 15:49:34,PARSED,3,2026-02-04 15:49:36,3,2026-02-04 15:49:36,0,转账入账
555,2,3,ALIPAY,PLATFORM_ORDER,860f00fad73d0c4b8ed0c847087bd88b,"{""amount"": ""14.00"", ""remark"": """", ""tradeTime"": ""2025-08-15 09:14:16"", ""tradeStatus"": ""交易成功"", ""counterparty"": ""杭州柏鹿信息技术有限公司"", ""tradeOrderNo"": ""20250815020070011520900099094911\t"", ""paymentMethod"": """", ""tradeCategory"": ""转账红包"", ""incomeOrExpense"": ""收入"", ""merchantOrderNo"": ""XC178616493479986508\t"", ""productDescription"": ""小蚕提现"", ""counterpartyAccount"": ""/""}",20250815020070011520900099094911	,2025-08-15 09:14:16,14.00,IN,杭州柏鹿信息技术有限公司,null,小蚕提现 - 转账红包,3203,2.0.0,0,2026-02-04 15:49:34,PARSED,3,2026-02-04 15:49:36,3,2026-02-04 15:49:36,0,储蓄卡⇄支付平台
556,2,3,ALIPAY,PLATFORM_ORDER,274504c96699d007805eb25e08c33043,"{""amount"": ""0.80"", ""remark"": """", ""tradeTime"": ""2025-08-15 08:40:47"", ""tradeStatus"": ""交易成功"", ""counterparty"": ""沪松公路五店"", ""tradeOrderNo"": ""2025081522001445901455517745\t"", ""paymentMethod"": ""宁波银行信用卡(4573)&碰一下立减"", ""tradeCategory"": ""日用百货"", ""incomeOrExpense"": ""支出"", ""merchantOrderNo"": ""SXA1O105316001625\t"", ""productDescription"": ""上海全家便利店"", ""counterpartyAccount"": ""180***@qq.com""}",2025081522001445901455517745	,2025-08-15 08:40:47,0.80,OUT,沪松公路五店,4573,上海全家便利店 - 日用百货,1802,2.0.0,0,2026-02-04 15:49:34,PARSED,3,2026-02-04 15:49:36,3,2026-02-04 15:49:36,0,便利店
557,2,3,ALIPAY,PLATFORM_ORDER,8a85d7e4ae6ffe923fb5fd3658e3a737,"{""amount"": ""4.80"", ""remark"": """", ""tradeTime"": ""2025-08-14 08:40:48"", ""tradeStatus"": ""交易成功"", ""counterparty"": ""沪松公路五店"", ""tradeOrderNo"": ""2025081422001445901451117191\t"", ""paymentMethod"": ""宁波银行信用卡(4573)&碰一下立减"", ""tradeCategory"": ""日用百货"", ""incomeOrExpense"": ""支出"", ""merchantOrderNo"": ""SXA1O105241848925\t"", ""productDescription"": ""上海全家便利店"", ""counterpartyAccount"": ""180***@qq.com""}",2025081422001445901451117191	,2025-08-14 08:40:48,4.80,OUT,沪松公路五店,4573,上海全家便利店 - 日用百货,1802,2.0.0,0,2026-02-04 15:49:34,PARSED,3,2026-02-04 15:49:36,3,2026-02-04 15:49:36,0,便利店
558,2,3,ALIPAY,PLATFORM_ORDER,45fbba244414af58b5ddefbf7ff5360b,"{""amount"": ""25.00"", ""remark"": """", ""tradeTime"": ""2025-08-13 18:46:03"", ""tradeStatus"": ""交易成功"", ""counterparty"": ""杭州柏鹿信息技术有限公司"", ""tradeOrderNo"": ""20250813020070011560900085989648\t"", ""paymentMethod"": """", ""tradeCategory"": ""转账红包"", ""incomeOrExpense"": ""收入"", ""merchantOrderNo"": ""XC178132910479986508\t"", ""productDescription"": ""小蚕提现"", ""counterpartyAccount"": ""/""}",20250813020070011560900085989648	,2025-08-13 18:46:03,25.00,IN,杭州柏鹿信息技术有限公司,null,小蚕提现 - 转账红包,3203,2.0.0,0,2026-02-04 15:49:34,PARSED,3,2026-02-04 15:49:36,3,2026-02-04 15:49:36,0,储蓄卡⇄支付平台
559,2,3,ALIPAY,PLATFORM_ORDER,b202cfb4bd2f9124919bd375db5e9fd7,"{""amount"": ""21.34"", ""remark"": """", ""tradeTime"": ""2025-08-13 17:21:10"", ""tradeStatus"": ""交易成功"", ""counterparty"": ""云账户综合服务平台"", ""tradeOrderNo"": ""20250813020070011560900085776098\t"", ""paymentMethod"": """", ""tradeCategory"": ""转账红包"", ""incomeOrExpense"": ""收入"", ""merchantOrderNo"": ""1095135871201959943\t"", ""productDescription"": ""云账户"", ""counterpartyAccount"": ""/""}",20250813020070011560900085776098	,2025-08-13 17:21:10,21.34,IN,云账户综合服务平台,null,云账户 - 转账红包,3704,2.0.0,0,2026-02-04 15:49:34,PARSED,3,2026-02-04 15:49:36,3,2026-02-04 15:49:36,0,转账入账
560,2,3,ALIPAY,PLATFORM_ORDER,06aea1f317c6bc223f3b7f7f4581a6b3,"{""amount"": ""0.80"", ""remark"": """", ""tradeTime"": ""2025-08-13 08:40:54"", ""tradeStatus"": ""交易成功"", ""counterparty"": ""沪松公路五店"", ""tradeOrderNo"": ""2025081322001445901441829262\t"", ""paymentMethod"": ""宁波银行信用卡(4573)&碰一下立减"", ""tradeCategory"": ""日用百货"", ""incomeOrExpense"": ""支出"", ""merchantOrderNo"": ""SXA1O105165352725\t"", ""productDescription"": ""上海全家便利店"", ""counterpartyAccount"": ""180***@qq.com""}",2025081322001445901441829262	,2025-08-13 08:40:54,0.80,OUT,沪松公路五店,4573,上海全家便利店 - 日用百货,1802,2.0.0,0,2026-02-04 15:49:34,PARSED,3,2026-02-04 15:49:36,3,2026-02-04 15:49:36,0,便利店
561,2,3,ALIPAY,PLATFORM_ORDER,90530bac3b16a73ac44c3658556fe214,"{""amount"": ""6.27"", ""remark"": """", ""tradeTime"": ""2025-08-12 09:47:37"", ""tradeStatus"": ""交易成功"", ""counterparty"": ""云账户综合服务平台"", ""tradeOrderNo"": ""20250812020070011520900072102166\t"", ""paymentMethod"": """", ""tradeCategory"": ""转账红包"", ""incomeOrExpense"": ""收入"", ""merchantOrderNo"": ""1094659149964755781\t"", ""productDescription"": ""云账户"", ""counterpartyAccount"": ""/""}",20250812020070011520900072102166	,2025-08-12 09:47:37,6.27,IN,云账户综合服务平台,null,云账户 - 转账红包,3704,2.0.0,0,2026-02-04 15:49:34,PARSED,3,2026-02-04 15:49:36,3,2026-02-04 15:49:36,0,转账入账
562,2,3,ALIPAY,PLATFORM_ORDER,1d21d1a13aca03c7ac208fced8bf8e2c,"{""amount"": ""4.50"", ""remark"": """", ""tradeTime"": ""2025-08-12 08:39:26"", ""tradeStatus"": ""交易成功"", ""counterparty"": ""沪松公路五店"", ""tradeOrderNo"": ""2025081222001445901441879651\t"", ""paymentMethod"": ""宁波银行信用卡(4573)&碰一下立减"", ""tradeCategory"": ""日用百货"", ""incomeOrExpense"": ""支出"", ""merchantOrderNo"": ""SXA1O105091105725\t"", ""productDescription"": ""上海全家便利店"", ""counterpartyAccount"": ""180***@qq.com""}",2025081222001445901441879651	,2025-08-12 08:39:26,4.50,OUT,沪松公路五店,4573,上海全家便利店 - 日用百货,1802,2.0.0,0,2026-02-04 15:49:34,PARSED,3,2026-02-04 15:49:36,3,2026-02-04 15:49:36,0,便利店
563,2,3,ALIPAY,PLATFORM_ORDER,36ebc4ea8d9245308281dee651f855bb,"{""amount"": ""8.02"", ""remark"": """", ""tradeTime"": ""2025-08-11 18:19:29"", ""tradeStatus"": ""交易成功"", ""counterparty"": ""云账户综合服务平台"", ""tradeOrderNo"": ""20250811020070011560900067754329\t"", ""paymentMethod"": """", ""tradeCategory"": ""转账红包"", ""incomeOrExpense"": ""收入"", ""merchantOrderNo"": ""1094425821663715498\t"", ""productDescription"": ""云账户"", ""counterpartyAccount"": ""/""}",20250811020070011560900067754329	,2025-08-11 18:19:29,8.02,IN,云账户综合服务平台,null,云账户 - 转账红包,3704,2.0.0,0,2026-02-04 15:49:34,PARSED,3,2026-02-04 15:49:36,3,2026-02-04 15:49:36,0,转账入账
564,2,3,ALIPAY,PLATFORM_ORDER,bae47b8fa0c8f2822dc6d27943946079,"{""amount"": ""16.83"", ""remark"": """", ""tradeTime"": ""2025-08-11 11:20:35"", ""tradeStatus"": ""交易成功"", ""counterparty"": ""淘宝闪购"", ""tradeOrderNo"": ""2025081122001145901436998427\t"", ""paymentMethod"": ""宁波银行信用卡(4573)&宁波银行立减金"", ""tradeCategory"": ""餐饮美食"", ""incomeOrExpense"": ""支出"", ""merchantOrderNo"": ""13110600725081168006935796052\t"", ""productDescription"": ""湘溪里·老长沙盖码饭(虹梅路店)外卖订单"", ""counterpartyAccount"": ""e50***@alibaba-inc.com""}",2025081122001145901436998427	,2025-08-11 11:20:35,16.83,OUT,淘宝闪购,4573,湘溪里·老长沙盖码饭(虹梅路店)外卖订单 - 餐饮美食,1803,2.0.0,0,2026-02-04 15:49:34,PARSED,3,2026-02-04 15:49:36,3,2026-02-04 15:49:36,0,网购
565,2,3,ALIPAY,PLATFORM_ORDER,f314a1f9c0cedb62910a041b46936903,"{""amount"": ""4.50"", ""remark"": """", ""tradeTime"": ""2025-08-11 08:32:21"", ""tradeStatus"": ""交易成功"", ""counterparty"": ""沪松公路五店"", ""tradeOrderNo"": ""2025081122001445901437264976\t"", ""paymentMethod"": ""宁波银行信用卡(4573)&碰一下立减"", ""tradeCategory"": ""日用百货"", ""incomeOrExpense"": ""支出"", ""merchantOrderNo"": ""SXA1O105016537025\t"", ""productDescription"": ""上海全家便利店"", ""counterpartyAccount"": ""180***@qq.com""}",2025081122001445901437264976	,2025-08-11 08:32:21,4.50,OUT,沪松公路五店,4573,上海全家便利店 - 日用百货,1802,2.0.0,0,2026-02-04 15:49:34,PARSED,3,2026-02-04 15:49:36,3,2026-02-04 15:49:36,0,便利店
566,2,3,ALIPAY,PLATFORM_ORDER,0165d025ab0b22a63bc83e45e2de98f7,"{""amount"": ""26.79"", ""remark"": """", ""tradeTime"": ""2025-08-09 18:42:18"", ""tradeStatus"": ""交易成功"", ""counterparty"": ""云账户综合服务平台"", ""tradeOrderNo"": ""20250809020070011560900048398556\t"", ""paymentMethod"": """", ""tradeCategory"": ""转账红包"", ""incomeOrExpense"": ""收入"", ""merchantOrderNo"": ""1093706719466864739\t"", ""productDescription"": ""云账户"", ""counterpartyAccount"": ""/""}",20250809020070011560900048398556	,2025-08-09 18:42:18,26.79,IN,云账户综合服务平台,null,云账户 - 转账红包,3704,2.0.0,0,2026-02-04 15:49:34,PARSED,3,2026-02-04 15:49:36,3,2026-02-04 15:49:36,0,转账入账
567,2,3,ALIPAY,PLATFORM_ORDER,0eadb3585b102db5c5f57d8007be2773,"{""amount"": ""2.50"", ""remark"": """", ""tradeTime"": ""2025-08-08 20:55:10"", ""tradeStatus"": ""交易成功"", ""counterparty"": ""上海市闵行区吴传虎饮品店"", ""tradeOrderNo"": ""2025080822001445901420813417\t"", ""paymentMethod"": ""宁波银行信用卡(4573)&碰一下立减"", ""tradeCategory"": ""餐饮美食"", ""incomeOrExpense"": ""支出"", ""merchantOrderNo"": ""271266000048180000157767857922125080820551067478\t"", ""productDescription"": ""蜜雪冰城937802店"", ""counterpartyAccount"": ""/""}",2025080822001445901420813417	,2025-08-08 20:55:10,2.50,OUT,上海市闵行区吴传虎饮品店,4573,蜜雪冰城937802店 - 餐饮美食,1603,2.0.0,0,2026-02-04 15:49:34,PARSED,3,2026-02-04 15:49:36,3,2026-02-04 15:49:36,0,饮品咖啡
568,2,3,ALIPAY,PLATFORM_ORDER,30cc914729bc6fc3bfd38a34f05a635a,"{""amount"": ""17.83"", ""remark"": """", ""tradeTime"": ""2025-08-08 11:41:54"", ""tradeStatus"": ""交易成功"", ""counterparty"": ""淘宝闪购"", ""tradeOrderNo"": ""2025080822001145901425373284\t"", ""paymentMethod"": ""宁波银行信用卡(4573)&宁波银行立减金"", ""tradeCategory"": ""餐饮美食"", ""incomeOrExpense"": ""支出"", ""merchantOrderNo"": ""13110600725080862528602796052\t"", ""productDescription"": ""湘溪里·老长沙盖码饭(虹梅路店)外卖订单"", ""counterpartyAccount"": ""e50***@alibaba-inc.com""}",2025080822001145901425373284	,2025-08-08 11:41:54,17.83,OUT,淘宝闪购,4573,湘溪里·老长沙盖码饭(虹梅路店)外卖订单 - 餐饮美食,1803,2.0.0,0,2026-02-04 15:49:34,PARSED,3,2026-02-04 15:49:36,3,2026-02-04 15:49:36,0,网购
569,2,3,ALIPAY,PLATFORM_ORDER,2f68afad09cb2f69994afdb3e874d405,"{""amount"": ""0.80"", ""remark"": """", ""tradeTime"": ""2025-08-08 08:29:17"", ""tradeStatus"": ""交易成功"", ""counterparty"": ""沪松公路五店"", ""tradeOrderNo"": ""2025080822001445901416872673\t"", ""paymentMethod"": ""宁波银行信用卡(4573)&碰一下立减"", ""tradeCategory"": ""日用百货"", ""incomeOrExpense"": ""支出"", ""merchantOrderNo"": ""SXA1O104817535525\t"", ""productDescription"": ""上海全家便利店"", ""counterpartyAccount"": ""180***@qq.com""}",2025080822001445901416872673	,2025-08-08 08:29:17,0.80,OUT,沪松公路五店,4573,上海全家便利店 - 日用百货,1802,2.0.0,0,2026-02-04 15:49:34,PARSED,3,2026-02-04 15:49:36,3,2026-02-04 15:49:36,0,便利店
570,2,3,ALIPAY,PLATFORM_ORDER,a7c709f3ab4c093bb4bd292adb691761,"{""amount"": ""62.27"", ""remark"": """", ""tradeTime"": ""2025-08-07 22:28:53"", ""tradeStatus"": ""交易成功"", ""counterparty"": ""滴滴出行"", ""tradeOrderNo"": ""2025080722001445901418327363\t"", ""paymentMethod"": ""宁波银行信用卡(4573)&宁波银行立减金"", ""tradeCategory"": ""交通出行"", ""incomeOrExpense"": ""支出"", ""merchantOrderNo"": ""210_202508078406101601669351\t"", ""productDescription"": ""滴滴快车打车-陆师傅-08月07日行程"", ""counterpartyAccount"": ""chu***@didichuxing.com""}",2025080722001445901418327363	,2025-08-07 22:28:53,62.27,OUT,滴滴出行,4573,滴滴快车打车-陆师傅-08月07日行程 - 交通出行,1703,2.0.0,0,2026-02-04 15:49:34,PARSED,3,2026-02-04 15:49:36,3,2026-02-04 15:49:36,0,网约车
571,2,3,ALIPAY,PLATFORM_ORDER,6e0a93eed3b0b40d56b1122a92342245,"{""amount"": ""4.78"", ""remark"": """", ""tradeTime"": ""2025-08-07 20:57:33"", ""tradeStatus"": ""交易成功"", ""counterparty"": ""古美路二店"", ""tradeOrderNo"": ""2025080722001445901420133209\t"", ""paymentMethod"": ""宁波银行信用卡(4573)&红包"", ""tradeCategory"": ""日用百货"", ""incomeOrExpense"": ""支出"", ""merchantOrderNo"": ""SXA1O95412016228\t"", ""productDescription"": ""上海全家便利店"", ""counterpartyAccount"": ""180***@qq.com""}",2025080722001445901420133209	,2025-08-07 20:57:33,4.78,OUT,古美路二店,4573,上海全家便利店 - 日用百货,1802,2.0.0,0,2026-02-04 15:49:34,PARSED,3,2026-02-04 15:49:36,3,2026-02-04 15:49:36,0,便利店
572,2,3,ALIPAY,PLATFORM_ORDER,ccdec365fb3b554ea3d01fac06f7ebf9,"{""amount"": ""15.00"", ""remark"": """", ""tradeTime"": ""2025-08-07 11:09:53"", ""tradeStatus"": ""交易成功"", ""counterparty"": ""美团"", ""tradeOrderNo"": ""2025080722001445901418904091\t"", ""paymentMethod"": ""宁波银行信用卡(4573)"", ""tradeCategory"": ""生活服务"", ""incomeOrExpense"": ""支出"", ""merchantOrderNo"": ""20250807110949U24657048617663919\t"", ""productDescription"": ""YogurtDay酸奶（鑫耀光环Live店）-美团App-25080711100300001301843457643498"", ""counterpartyAccount"": ""it_***@meituan.com""}",2025080722001445901418904091	,2025-08-07 11:09:53,15.00,OUT,美团,4573,YogurtDay酸奶（鑫耀光环Live店）-美团App-25080711100300001301843457643498 - 生活服务,2105,2.0.0,0,2026-02-04 15:49:34,PARSED,3,2026-02-04 15:49:36,3,2026-02-04 15:49:36,0,演唱会
573,2,3,ALIPAY,PLATFORM_ORDER,67da0ed2485831bb293c5d69d5eee2f9,"{""amount"": ""0.76"", ""remark"": """", ""tradeTime"": ""2025-08-07 08:33:41"", ""tradeStatus"": ""交易成功"", ""counterparty"": ""沪松公路五店"", ""tradeOrderNo"": ""2025080723001445901418349896\t"", ""paymentMethod"": ""宁波银行信用卡(4573)&红包&碰一下立减"", ""tradeCategory"": ""日用百货"", ""incomeOrExpense"": ""支出"", ""merchantOrderNo"": ""SXA1O104744035225\t"", ""productDescription"": ""上海全家便利店"", ""counterpartyAccount"": ""180***@qq.com""}",2025080723001445901418349896	,2025-08-07 08:33:41,0.76,OUT,沪松公路五店,4573,上海全家便利店 - 日用百货,1802,2.0.0,0,2026-02-04 15:49:34,PARSED,3,2026-02-04 15:49:36,3,2026-02-04 15:49:36,0,便利店
574,2,3,ALIPAY,PLATFORM_ORDER,0bfe38ddc02dc703a46345f7a9c4dee5,"{""amount"": ""1.11"", ""remark"": """", ""tradeTime"": ""2025-08-06 22:43:07"", ""tradeStatus"": ""交易成功"", ""counterparty"": ""云账户综合服务平台"", ""tradeOrderNo"": ""20250806020070011580900018684516\t"", ""paymentMethod"": """", ""tradeCategory"": ""转账红包"", ""incomeOrExpense"": ""收入"", ""merchantOrderNo"": ""1092680168486981690\t"", ""productDescription"": ""云账户"", ""counterpartyAccount"": ""/""}",20250806020070011580900018684516	,2025-08-06 22:43:07,1.11,IN,云账户综合服务平台,null,云账户 - 转账红包,3704,2.0.0,0,2026-02-04 15:49:34,PARSED,3,2026-02-04 15:49:36,3,2026-02-04 15:49:36,0,转账入账
575,2,3,ALIPAY,PLATFORM_ORDER,b7942ff9f1328a04da9db31d1006d6c9,"{""amount"": ""13.00"", ""remark"": """", ""tradeTime"": ""2025-08-06 22:43:03"", ""tradeStatus"": ""交易成功"", ""counterparty"": ""杭州柏鹿信息技术有限公司"", ""tradeOrderNo"": ""20250806020070011580900018474289\t"", ""paymentMethod"": """", ""tradeCategory"": ""转账红包"", ""incomeOrExpense"": ""收入"", ""merchantOrderNo"": ""XC175898454479986508\t"", ""productDescription"": ""小蚕提现"", ""counterpartyAccount"": ""/""}",20250806020070011580900018474289	,2025-08-06 22:43:03,13.00,IN,杭州柏鹿信息技术有限公司,null,小蚕提现 - 转账红包,3203,2.0.0,0,2026-02-04 15:49:34,PARSED,3,2026-02-04 15:49:36,3,2026-02-04 15:49:36,0,储蓄卡⇄支付平台
576,2,3,ALIPAY,PLATFORM_ORDER,0d5f18c18200643cbe1de94370d0829d,"{""amount"": ""20.85"", ""remark"": """", ""tradeTime"": ""2025-08-06 11:16:59"", ""tradeStatus"": ""交易成功"", ""counterparty"": ""淘宝闪购"", ""tradeOrderNo"": ""2025080622001145901412390819\t"", ""paymentMethod"": ""宁波银行信用卡(4573)&宁波银行立减金"", ""tradeCategory"": ""餐饮美食"", ""incomeOrExpense"": ""支出"", ""merchantOrderNo"": ""13110600725080664795203796052\t"", ""productDescription"": ""渝八两重庆鸡公煲(上海漕河泾科技绿洲店)外卖订单"", ""counterpartyAccount"": ""e50***@alibaba-inc.com""}",2025080622001145901412390819	,2025-08-06 11:16:59,20.85,OUT,淘宝闪购,4573,渝八两重庆鸡公煲(上海漕河泾科技绿洲店)外卖订单 - 餐饮美食,1803,2.0.0,0,2026-02-04 15:49:34,PARSED,3,2026-02-04 15:49:36,3,2026-02-04 15:49:36,0,网购
577,2,3,ALIPAY,PLATFORM_ORDER,0db23417ba2b464d55b5991bbe8067f7,"{""amount"": ""20.03"", ""remark"": """", ""tradeTime"": ""2025-08-06 09:03:53"", ""tradeStatus"": ""交易成功"", ""counterparty"": ""云账户综合服务平台"", ""tradeOrderNo"": ""20250806020070011520900010750926\t"", ""paymentMethod"": """", ""tradeCategory"": ""转账红包"", ""incomeOrExpense"": ""收入"", ""merchantOrderNo"": ""1092474112724947521\t"", ""productDescription"": ""云账户"", ""counterpartyAccount"": ""/""}",20250806020070011520900010750926	,2025-08-06 09:03:53,20.03,IN,云账户综合服务平台,null,云账户 - 转账红包,3704,2.0.0,0,2026-02-04 15:49:34,PARSED,3,2026-02-04 15:49:36,3,2026-02-04 15:49:36,0,转账入账
578,2,3,ALIPAY,PLATFORM_ORDER,b714fb2ab820cb073bc6eaee0901b13c,"{""amount"": ""0.77"", ""remark"": """", ""tradeTime"": ""2025-08-06 08:35:06"", ""tradeStatus"": ""交易成功"", ""counterparty"": ""沪松公路五店"", ""tradeOrderNo"": ""2025080622001445901413981003\t"", ""paymentMethod"": ""宁波银行信用卡(4573)&红包&碰一下立减"", ""tradeCategory"": ""日用百货"", ""incomeOrExpense"": ""支出"", ""merchantOrderNo"": ""SXA1O104669550725\t"", ""productDescription"": ""上海全家便利店"", ""counterpartyAccount"": ""180***@qq.com""}",2025080622001445901413981003	,2025-08-06 08:35:06,0.77,OUT,沪松公路五店,4573,上海全家便利店 - 日用百货,1802,2.0.0,0,2026-02-04 15:49:34,PARSED,3,2026-02-04 15:49:36,3,2026-02-04 15:49:36,0,便利店
579,2,3,ALIPAY,PLATFORM_ORDER,a11ce7aab2847f7689c11cb440216689,"{""amount"": ""9.70"", ""remark"": """", ""tradeTime"": ""2025-08-05 21:15:57"", ""tradeStatus"": ""交易成功"", ""counterparty"": ""快客向华店"", ""tradeOrderNo"": ""2025080523001445901411645252\t"", ""paymentMethod"": ""宁波银行信用卡(4573)&红包"", ""tradeCategory"": ""日用百货"", ""incomeOrExpense"": ""支出"", ""merchantOrderNo"": ""74126600004928000010031102508052115561067182949171\t"", ""productDescription"": ""快客向华店_10021002508052115560737182947439_59675913971592001"", ""counterpartyAccount"": ""/""}",2025080523001445901411645252	,2025-08-05 21:15:57,9.70,OUT,快客向华店,4573,快客向华店_10021002508052115560737182947439_59675913971592001 - 日用百货,31,2.0.0,0,2026-02-04 15:49:34,PARSED,3,2026-02-04 15:49:36,3,2026-02-04 15:49:36,0,其他支出
580,2,3,ALIPAY,PLATFORM_ORDER,8956eeb88f4cb50253a381beaafb6cd4,"{""amount"": ""19.97"", ""remark"": """", ""tradeTime"": ""2025-08-05 18:34:37"", ""tradeStatus"": ""交易成功"", ""counterparty"": ""吕纪苏面"", ""tradeOrderNo"": ""2025080522001445901411738426\t"", ""paymentMethod"": ""宁波银行信用卡(4573)&红包"", ""tradeCategory"": ""餐饮美食"", ""incomeOrExpense"": ""支出"", ""merchantOrderNo"": ""4220180330024764010461368605980822084902837\t"", ""productDescription"": ""美团收银909700203010914042"", ""counterpartyAccount"": ""/""}",2025080522001445901411738426	,2025-08-05 18:34:37,19.97,OUT,吕纪苏面,4573,美团收银909700203010914042 - 餐饮美食,1602,2.0.0,0,2026-02-04 15:49:34,PARSED,3,2026-02-04 15:49:36,3,2026-02-04 15:49:36,0,外卖
581,2,3,ALIPAY,PLATFORM_ORDER,70397769f390e84d90c5741d5e5f18b2,"{""amount"": ""12.69"", ""remark"": """", ""tradeTime"": ""2025-08-05 10:59:32"", ""tradeStatus"": ""交易成功"", ""counterparty"": ""淘宝闪购"", ""tradeOrderNo"": ""2025080522001145901409603665\t"", ""paymentMethod"": ""宁波银行信用卡(4573)&宁波银行立减金"", ""tradeCategory"": ""餐饮美食"", ""incomeOrExpense"": ""支出"", ""merchantOrderNo"": ""13100600725080552139196796052\t"", ""productDescription"": ""湘溪里·老长沙盖码饭(虹梅路店)外卖订单"", ""counterpartyAccount"": ""e50***@alibaba-inc.com""}",2025080522001145901409603665	,2025-08-05 10:59:32,12.69,OUT,淘宝闪购,4573,湘溪里·老长沙盖码饭(虹梅路店)外卖订单 - 餐饮美食,1803,2.0.0,0,2026-02-04 15:49:34,PARSED,3,2026-02-04 15:49:36,3,2026-02-04 15:49:36,0,网购
582,2,3,ALIPAY,PLATFORM_ORDER,19e0ef86beb75a4c98c1e99101a1474c,"{""amount"": ""0.77"", ""remark"": """", ""tradeTime"": ""2025-08-05 08:34:15"", ""tradeStatus"": ""交易成功"", ""counterparty"": ""沪松公路五店"", ""tradeOrderNo"": ""2025080522001445901408344680\t"", ""paymentMethod"": ""宁波银行信用卡(4573)&红包&碰一下立减"", ""tradeCategory"": ""日用百货"", ""incomeOrExpense"": ""支出"", ""merchantOrderNo"": ""SXA1O104595841125\t"", ""productDescription"": ""上海全家便利店"", ""counterpartyAccount"": ""180***@qq.com""}",2025080522001445901408344680	,2025-08-05 08:34:15,0.77,OUT,沪松公路五店,4573,上海全家便利店 - 日用百货,1802,2.0.0,0,2026-02-04 15:49:34,PARSED,3,2026-02-04 15:49:37,3,2026-02-04 15:49:37,0,便利店
583,2,3,ALIPAY,PLATFORM_ORDER,e073a695434d7bb9eba30062abdb97f9,"{""amount"": ""12.00"", ""remark"": """", ""tradeTime"": ""2025-08-04 21:45:17"", ""tradeStatus"": ""交易成功"", ""counterparty"": ""云账户综合服务平台"", ""tradeOrderNo"": ""20250804020070011580900099119641\t"", ""paymentMethod"": """", ""tradeCategory"": ""转账红包"", ""incomeOrExpense"": ""收入"", ""merchantOrderNo"": ""1091940685625942973\t"", ""productDescription"": ""云账户"", ""counterpartyAccount"": ""/""}",20250804020070011580900099119641	,2025-08-04 21:45:17,12.00,IN,云账户综合服务平台,null,云账户 - 转账红包,3704,2.0.0,0,2026-02-04 15:49:34,PARSED,3,2026-02-04 15:49:37,3,2026-02-04 15:49:37,0,转账入账
584,2,3,ALIPAY,PLATFORM_ORDER,f2982e8d823df5d691a86fb5ef210ac6,"{""amount"": ""21.26"", ""remark"": """", ""tradeTime"": ""2025-08-04 12:17:35"", ""tradeStatus"": ""交易成功"", ""counterparty"": ""云账户综合服务平台"", ""tradeOrderNo"": ""20250804020070011540900094089592\t"", ""paymentMethod"": """", ""tradeCategory"": ""转账红包"", ""incomeOrExpense"": ""收入"", ""merchantOrderNo"": ""1091797935203017712\t"", ""productDescription"": ""云账户"", ""counterpartyAccount"": ""/""}",20250804020070011540900094089592	,2025-08-04 12:17:35,21.26,IN,云账户综合服务平台,null,云账户 - 转账红包,3704,2.0.0,0,2026-02-04 15:49:34,PARSED,3,2026-02-04 15:49:37,3,2026-02-04 15:49:37,0,转账入账
585,2,3,ALIPAY,PLATFORM_ORDER,234fd0bbed25349b5ede46a95daa0ba9,"{""amount"": ""10.00"", ""remark"": """", ""tradeTime"": ""2025-08-04 12:17:32"", ""tradeStatus"": ""交易成功"", ""counterparty"": ""杭州柏鹿信息技术有限公司"", ""tradeOrderNo"": ""20250804020070011540900094098879\t"", ""paymentMethod"": """", ""tradeCategory"": ""转账红包"", ""incomeOrExpense"": ""收入"", ""merchantOrderNo"": ""XC175032403479986508\t"", ""productDescription"": ""小蚕提现"", ""counterpartyAccount"": ""/""}",20250804020070011540900094098879	,2025-08-04 12:17:32,10.00,IN,杭州柏鹿信息技术有限公司,null,小蚕提现 - 转账红包,3203,2.0.0,0,2026-02-04 15:49:34,PARSED,3,2026-02-04 15:49:37,3,2026-02-04 15:49:37,0,储蓄卡⇄支付平台
586,2,3,ALIPAY,PLATFORM_ORDER,0cadb19e9c91f506d122d2e842934cf5,"{""amount"": ""14.95"", ""remark"": """", ""tradeTime"": ""2025-08-04 11:46:43"", ""tradeStatus"": ""交易成功"", ""counterparty"": ""淘宝闪购"", ""tradeOrderNo"": ""2025080422001145901403066338\t"", ""paymentMethod"": ""宁波银行信用卡(4573)&宁波银行立减金"", ""tradeCategory"": ""餐饮美食"", ""incomeOrExpense"": ""支出"", ""merchantOrderNo"": ""13110600725080464185463796052\t"", ""productDescription"": ""YogurtDay酸奶(鑫耀光环Live店)外卖订单"", ""counterpartyAccount"": ""e50***@alibaba-inc.com""}",2025080422001145901403066338	,2025-08-04 11:46:43,14.95,OUT,淘宝闪购,4573,YogurtDay酸奶(鑫耀光环Live店)外卖订单 - 餐饮美食,2105,2.0.0,0,2026-02-04 15:49:34,PARSED,3,2026-02-04 15:49:37,3,2026-02-04 15:49:37,0,演唱会
587,2,3,ALIPAY,PLATFORM_ORDER,41ef404cae8f337e862f985582fb83a8,"{""amount"": ""2.00"", ""remark"": """", ""tradeTime"": ""2025-08-04 09:57:43"", ""tradeStatus"": ""交易成功"", ""counterparty"": ""上海公共交通卡股份有限公司"", ""tradeOrderNo"": ""2025080422001445901402854001\t"", ""paymentMethod"": ""宁波银行信用卡(4573)"", ""tradeCategory"": ""交通出行"", ""incomeOrExpense"": ""支出"", ""merchantOrderNo"": ""25080409574390400384\t"", ""productDescription"": ""上海公交-803路-2025-08-04 07:57:40"", ""counterpartyAccount"": ""jtk***@sptcc.com""}",2025080422001445901402854001	,2025-08-04 09:57:43,2.00,OUT,上海公共交通卡股份有限公司,4573,上海公交-803路-2025-08-04 07:57:40 - 交通出行,203,2.0.0,0,2026-02-04 15:49:34,PARSED,3,2026-02-04 15:49:37,3,2026-02-04 15:49:37,0,交通补贴
588,2,3,ALIPAY,PLATFORM_ORDER,6085ac1b3d8d6c08065f02f8c5867b6b,"{""amount"": ""2.64"", ""remark"": """", ""tradeTime"": ""2025-08-04 08:56:35"", ""tradeStatus"": ""交易成功"", ""counterparty"": ""上海都畅数字技术有限公司"", ""tradeOrderNo"": ""2025080422001445901403695263\t"", ""paymentMethod"": ""宁波银行信用卡(4573)&宁波银行立减"", ""tradeCategory"": ""交通出行"", ""incomeOrExpense"": ""支出"", ""merchantOrderNo"": ""20250804085634457023083297724201\t"", ""productDescription"": ""七宝-漕河泾开发区"", ""counterpartyAccount"": ""dom***@metrofastpass.com""}",2025080422001445901403695263	,2025-08-04 08:56:35,2.64,OUT,上海都畅数字技术有限公司,4573,七宝-漕河泾开发区 - 交通出行,203,2.0.0,0,2026-02-04 15:49:34,PARSED,3,2026-02-04 15:49:37,3,2026-02-04 15:49:37,0,交通补贴
589,2,3,ALIPAY,PLATFORM_ORDER,e49aef4c0fb8a91a8cb6c215e6ed6b30,"{""amount"": ""0.75"", ""remark"": """", ""tradeTime"": ""2025-08-04 08:33:10"", ""tradeStatus"": ""交易成功"", ""counterparty"": ""沪松公路五店"", ""tradeOrderNo"": ""2025080422001445901401606387\t"", ""paymentMethod"": ""宁波银行信用卡(4573)&红包&碰一下立减"", ""tradeCategory"": ""日用百货"", ""incomeOrExpense"": ""支出"", ""merchantOrderNo"": ""SXA1O104523549325\t"", ""productDescription"": ""上海全家便利店"", ""counterpartyAccount"": ""180***@qq.com""}",2025080422001445901401606387	,2025-08-04 08:33:10,0.75,OUT,沪松公路五店,4573,上海全家便利店 - 日用百货,1802,2.0.0,0,2026-02-04 15:49:34,PARSED,3,2026-02-04 15:49:37,3,2026-02-04 15:49:37,0,便利店
590,2,3,ALIPAY,PLATFORM_ORDER,5f491c04a00b6b1a7f7c8fa1ce891913,"{""amount"": ""53.20"", ""remark"": """", ""tradeTime"": ""2025-08-02 19:17:33"", ""tradeStatus"": ""交易成功"", ""counterparty"": ""票享**店"", ""tradeOrderNo"": ""2025080222001145901454091358\t"", ""paymentMethod"": ""花呗"", ""tradeCategory"": ""文化休闲"", ""incomeOrExpense"": ""支出"", ""merchantOrderNo"": ""T100P4664091601654343545\t"", ""productDescription"": ""戏台华夏丰尚国际影城"", ""counterpartyAccount"": ""zho***@imanm.com""}",2025080222001145901454091358	,2025-08-02 19:17:33,53.20,OUT,票享**店,花呗,戏台华夏丰尚国际影城 - 文化休闲,36,2.0.0,0,2026-02-04 15:49:34,PARSED,3,2026-02-04 15:49:37,3,2026-02-04 15:49:37,0,国际转账
591,2,3,ALIPAY,PLATFORM_ORDER,308e649b13e5cabec6c3ab93aed66522,"{""amount"": ""78.24"", ""remark"": """", ""tradeTime"": ""2025-08-01 22:38:53"", ""tradeStatus"": ""交易成功"", ""counterparty"": ""滴滴出行"", ""tradeOrderNo"": ""2025080122001445901453622262\t"", ""paymentMethod"": ""宁波银行信用卡(4573)"", ""tradeCategory"": ""交通出行"", ""incomeOrExpense"": ""支出"", ""merchantOrderNo"": ""210_202508018401376201836450\t"", ""productDescription"": ""滴滴快车打车-胡师傅-08月01日行程"", ""counterpartyAccount"": ""chu***@didichuxing.com""}",2025080122001445901453622262	,2025-08-01 22:38:53,78.24,OUT,滴滴出行,4573,滴滴快车打车-胡师傅-08月01日行程 - 交通出行,1703,2.0.0,0,2026-02-04 15:49:34,PARSED,3,2026-02-04 15:49:37,3,2026-02-04 15:49:37,0,网约车
592,2,3,ALIPAY,PLATFORM_ORDER,e33c89175138a06f5e97539849328aa7,"{""amount"": ""144.00"", ""remark"": """", ""tradeTime"": ""2025-08-01 11:57:12"", ""tradeStatus"": ""交易成功"", ""counterparty"": ""国网上海市电力公司(缴费)"", ""tradeOrderNo"": ""2025080100003001900052746327\t"", ""paymentMethod"": ""宁波银行信用卡(4573)"", ""tradeCategory"": ""充值缴费"", ""incomeOrExpense"": ""支出"", ""merchantOrderNo"": ""3100000335058\t"", ""productDescription"": ""7月-电费-***"", ""counterpartyAccount"": ""/""}",2025080100003001900052746327	,2025-08-01 11:57:12,144.00,OUT,国网上海市电力公司(缴费),4573,7月-电费-*** - 充值缴费,2204,2.0.0,0,2026-02-04 15:49:34,PARSED,3,2026-02-04 15:49:37,3,2026-02-04 15:49:37,0,电费
593,2,3,ALIPAY,PLATFORM_ORDER,2c37ac21732936a3dd1ef7a643bcf752,"{""amount"": ""112.32"", ""remark"": """", ""tradeTime"": ""2025-08-01 11:56:51"", ""tradeStatus"": ""交易成功"", ""counterparty"": ""国网上海市电力公司(缴费)"", ""tradeOrderNo"": ""2025080100003001900052741949\t"", ""paymentMethod"": ""宁波银行信用卡(4573)&宁波银行立减金"", ""tradeCategory"": ""充值缴费"", ""incomeOrExpense"": ""支出"", ""merchantOrderNo"": ""3100000335058\t"", ""productDescription"": ""6月-电费-***"", ""counterpartyAccount"": ""/""}",2025080100003001900052741949	,2025-08-01 11:56:51,112.32,OUT,国网上海市电力公司(缴费),4573,6月-电费-*** - 充值缴费,2204,2.0.0,0,2026-02-04 15:49:34,PARSED,3,2026-02-04 15:49:37,3,2026-02-04 15:49:37,0,电费
594,2,3,ALIPAY,PLATFORM_ORDER,98737a5714d101a931c460b6695441e5,"{""amount"": ""15.83"", ""remark"": """", ""tradeTime"": ""2025-08-01 11:14:34"", ""tradeStatus"": ""交易成功"", ""counterparty"": ""淘宝闪购"", ""tradeOrderNo"": ""2025080122001145901449929928\t"", ""paymentMethod"": ""宁波银行信用卡(4573)&宁波银行立减金"", ""tradeCategory"": ""餐饮美食"", ""incomeOrExpense"": ""支出"", ""merchantOrderNo"": ""13110600725080189149828796052\t"", ""productDescription"": ""湘溪里·老长沙盖码饭(虹梅路店)外卖订单"", ""counterpartyAccount"": ""e50***@alibaba-inc.com""}",2025080122001145901449929928	,2025-08-01 11:14:34,15.83,OUT,淘宝闪购,4573,湘溪里·老长沙盖码饭(虹梅路店)外卖订单 - 餐饮美食,1803,2.0.0,0,2026-02-04 15:49:34,PARSED,3,2026-02-04 15:49:37,3,2026-02-04 15:49:37,0,网购
595,2,3,ALIPAY,PLATFORM_ORDER,924f62c2bf1dc99f9e985e7f27610f8e,"{""amount"": ""0.77"", ""remark"": """", ""tradeTime"": ""2025-08-01 08:33:27"", ""tradeStatus"": ""交易成功"", ""counterparty"": ""沪松公路五店"", ""tradeOrderNo"": ""2025080122001445901446666883\t"", ""paymentMethod"": ""宁波银行信用卡(4573)&红包&碰一下立减"", ""tradeCategory"": ""日用百货"", ""incomeOrExpense"": ""支出"", ""merchantOrderNo"": ""SXA1O104332971925\t"", ""productDescription"": ""上海全家便利店"", ""counterpartyAccount"": ""180***@qq.com""}",2025080122001445901446666883	,2025-08-01 08:33:27,0.77,OUT,沪松公路五店,4573,上海全家便利店 - 日用百货,1802,2.0.0,0,2026-02-04 15:49:34,PARSED,3,2026-02-04 15:49:37,3,2026-02-04 15:49:37,0,便利店
596,2,3,ALIPAY,PLATFORM_ORDER,12339b1a3cf886fb18c84ad5df6f8add,"{""amount"": ""18.01"", ""remark"": """", ""tradeTime"": ""2025-07-31 22:58:09"", ""tradeStatus"": ""交易成功"", ""counterparty"": ""云账户综合服务平台"", ""tradeOrderNo"": ""20250731020070011580900060461287\t"", ""paymentMethod"": """", ""tradeCategory"": ""转账红包"", ""incomeOrExpense"": ""收入"", ""merchantOrderNo"": ""1090509403964560192\t"", ""productDescription"": ""云账户"", ""counterpartyAccount"": ""/""}",20250731020070011580900060461287	,2025-07-31 22:58:09,18.01,IN,云账户综合服务平台,null,云账户 - 转账红包,3704,2.0.0,0,2026-02-04 15:49:34,PARSED,3,2026-02-04 15:49:37,3,2026-02-04 15:49:37,0,转账入账
597,2,3,ALIPAY,PLATFORM_ORDER,68aaeeb8516270f1787eb7db0a9b1030,"{""amount"": ""14.85"", ""remark"": """", ""tradeTime"": ""2025-07-31 10:50:45"", ""tradeStatus"": ""交易成功"", ""counterparty"": ""淘宝闪购"", ""tradeOrderNo"": ""2025073122001145901437438726\t"", ""paymentMethod"": ""宁波银行信用卡(4573)&宁波银行立减金"", ""tradeCategory"": ""餐饮美食"", ""incomeOrExpense"": ""支出"", ""merchantOrderNo"": ""13100600725073148140143796052\t"", ""productDescription"": ""湘溪里·老长沙盖码饭(虹梅路店)外卖订单"", ""counterpartyAccount"": ""e50***@alibaba-inc.com""}",2025073122001145901437438726	,2025-07-31 10:50:45,14.85,OUT,淘宝闪购,4573,湘溪里·老长沙盖码饭(虹梅路店)外卖订单 - 餐饮美食,1803,2.0.0,0,2026-02-04 15:49:34,PARSED,3,2026-02-04 15:49:37,3,2026-02-04 15:49:37,0,网购
598,2,3,ALIPAY,PLATFORM_ORDER,f295c61768018a51b8b4bdd0249e0033,"{""amount"": ""0.77"", ""remark"": """", ""tradeTime"": ""2025-07-31 08:33:13"", ""tradeStatus"": ""交易成功"", ""counterparty"": ""沪松公路五店"", ""tradeOrderNo"": ""2025073122001445901437269347\t"", ""paymentMethod"": ""宁波银行信用卡(4573)&红包&碰一下立减"", ""tradeCategory"": ""日用百货"", ""incomeOrExpense"": ""支出"", ""merchantOrderNo"": ""SXA1O104260787225\t"", ""productDescription"": ""上海全家便利店"", ""counterpartyAccount"": ""180***@qq.com""}",2025073122001445901437269347	,2025-07-31 08:33:13,0.77,OUT,沪松公路五店,4573,上海全家便利店 - 日用百货,1802,2.0.0,0,2026-02-04 15:49:34,PARSED,3,2026-02-04 15:49:37,3,2026-02-04 15:49:37,0,便利店
599,2,3,ALIPAY,PLATFORM_ORDER,ec4b4c349c9492cab21477336906115a,"{""amount"": ""6.97"", ""remark"": """", ""tradeTime"": ""2025-07-31 07:55:52"", ""tradeStatus"": ""交易成功"", ""counterparty"": ""云账户综合服务平台"", ""tradeOrderNo"": ""20250731020070011510900052587737\t"", ""paymentMethod"": """", ""tradeCategory"": ""转账红包"", ""incomeOrExpense"": ""收入"", ""merchantOrderNo"": ""1090282158838768524\t"", ""productDescription"": ""云账户"", ""counterpartyAccount"": ""/""}",20250731020070011510900052587737	,2025-07-31 07:55:52,6.97,IN,云账户综合服务平台,null,云账户 - 转账红包,3704,2.0.0,0,2026-02-04 15:49:34,PARSED,3,2026-02-04 15:49:37,3,2026-02-04 15:49:37,0,转账入账
600,2,3,ALIPAY,PLATFORM_ORDER,d110393d96e9e8687425e87e87d567ba,"{""amount"": ""22.50"", ""remark"": """", ""tradeTime"": ""2025-07-30 17:16:38"", ""tradeStatus"": ""交易关闭"", ""counterparty"": ""淘宝闪购"", ""tradeOrderNo"": ""2025073022001145901436648793\t"", ""paymentMethod"": ""账户余额"", ""tradeCategory"": ""餐饮美食"", ""incomeOrExpense"": ""支出"", ""merchantOrderNo"": ""13170600725073098688466796052\t"", ""productDescription"": ""豫襄缘红烧牛肉面外卖订单"", ""counterpartyAccount"": ""e50***@alibaba-inc.com""}",2025073022001145901436648793	,2025-07-30 17:16:38,22.50,OUT,淘宝闪购,账户余额,豫襄缘红烧牛肉面外卖订单 - 餐饮美食,1601,2.0.0,0,2026-02-04 15:49:34,PARSED,3,2026-02-04 15:49:37,3,2026-02-04 15:49:37,0,三餐
601,2,3,ALIPAY,PLATFORM_ORDER,4b84cff59e0c1e12c7299929fb8a2032,"{""amount"": ""32.31"", ""remark"": """", ""tradeTime"": ""2025-07-30 16:53:43"", ""tradeStatus"": ""交易成功"", ""counterparty"": ""云账户综合服务平台"", ""tradeOrderNo"": ""20250730020070011560900049583134\t"", ""paymentMethod"": """", ""tradeCategory"": ""转账红包"", ""incomeOrExpense"": ""收入"", ""merchantOrderNo"": ""1090055421924201146\t"", ""productDescription"": ""云账户"", ""counterpartyAccount"": ""/""}",20250730020070011560900049583134	,2025-07-30 16:53:43,32.31,IN,云账户综合服务平台,null,云账户 - 转账红包,3704,2.0.0,0,2026-02-04 15:49:34,PARSED,3,2026-02-04 15:49:37,3,2026-02-04 15:49:37,0,转账入账
602,2,3,ALIPAY,PLATFORM_ORDER,fd8ee439e02b9610735b26a3d1d200d5,"{""amount"": ""1.39"", ""remark"": """", ""tradeTime"": ""2025-07-30 08:23:55"", ""tradeStatus"": ""交易成功"", ""counterparty"": ""沪松公路五店"", ""tradeOrderNo"": ""2025073022001445901431337479\t"", ""paymentMethod"": ""宁波银行信用卡(4573)&红包"", ""tradeCategory"": ""日用百货"", ""incomeOrExpense"": ""支出"", ""merchantOrderNo"": ""SXA1O104200667125\t"", ""productDescription"": ""上海全家便利店"", ""counterpartyAccount"": ""180***@qq.com""}",2025073022001445901431337479	,2025-07-30 08:23:55,1.39,OUT,沪松公路五店,4573,上海全家便利店 - 日用百货,1802,2.0.0,0,2026-02-04 15:49:34,PARSED,3,2026-02-04 15:49:37,3,2026-02-04 15:49:37,0,便利店
603,2,3,ALIPAY,PLATFORM_ORDER,476f722972724ce10e9ea6b4671290d2,"{""amount"": ""18.85"", ""remark"": """", ""tradeTime"": ""2025-07-29 11:38:51"", ""tradeStatus"": ""交易成功"", ""counterparty"": ""淘宝闪购"", ""tradeOrderNo"": ""2025072922001145901423176320\t"", ""paymentMethod"": ""宁波银行信用卡(4573)&宁波银行立减金"", ""tradeCategory"": ""餐饮美食"", ""incomeOrExpense"": ""支出"", ""merchantOrderNo"": ""13110600725072972214154796052\t"", ""productDescription"": ""湘溪里·老长沙盖码饭(虹梅路店)外卖订单"", ""counterpartyAccount"": ""e50***@alibaba-inc.com""}",2025072922001145901423176320	,2025-07-29 11:38:51,18.85,OUT,淘宝闪购,4573,湘溪里·老长沙盖码饭(虹梅路店)外卖订单 - 餐饮美食,1803,2.0.0,0,2026-02-04 15:49:34,PARSED,3,2026-02-04 15:49:37,3,2026-02-04 15:49:37,0,网购
604,2,3,ALIPAY,PLATFORM_ORDER,dd8c27935e56b5863a2d83bd99d4c352,"{""amount"": ""23.00"", ""remark"": """", ""tradeTime"": ""2025-07-29 08:55:44"", ""tradeStatus"": ""交易成功"", ""counterparty"": ""杭州柏鹿信息技术有限公司"", ""tradeOrderNo"": ""20250729020070011520900034295202\t"", ""paymentMethod"": """", ""tradeCategory"": ""转账红包"", ""incomeOrExpense"": ""收入"", ""merchantOrderNo"": ""XC172981437479986508\t"", ""productDescription"": ""小蚕提现"", ""counterpartyAccount"": ""/""}",20250729020070011520900034295202	,2025-07-29 08:55:44,23.00,IN,杭州柏鹿信息技术有限公司,null,小蚕提现 - 转账红包,3203,2.0.0,0,2026-02-04 15:49:34,PARSED,3,2026-02-04 15:49:37,3,2026-02-04 15:49:37,0,储蓄卡⇄支付平台
605,2,3,ALIPAY,PLATFORM_ORDER,744fdc057cf00da102077d4b360ccba1,"{""amount"": ""3.87"", ""remark"": """", ""tradeTime"": ""2025-07-29 08:32:29"", ""tradeStatus"": ""交易成功"", ""counterparty"": ""沪松公路五店"", ""tradeOrderNo"": ""2025072922001445901424721932\t"", ""paymentMethod"": ""宁波银行信用卡(4573)&红包"", ""tradeCategory"": ""日用百货"", ""incomeOrExpense"": ""支出"", ""merchantOrderNo"": ""SXA1O104134073125\t"", ""productDescription"": ""上海全家便利店"", ""counterpartyAccount"": ""180***@qq.com""}",2025072922001445901424721932	,2025-07-29 08:32:29,3.87,OUT,沪松公路五店,4573,上海全家便利店 - 日用百货,1802,2.0.0,0,2026-02-04 15:49:34,PARSED,3,2026-02-04 15:49:37,3,2026-02-04 15:49:37,0,便利店
606,2,3,ALIPAY,PLATFORM_ORDER,95fa011f3dde4c533b4d0972f2057afd,"{""amount"": ""37.80"", ""remark"": """", ""tradeTime"": ""2025-07-28 23:11:01"", ""tradeStatus"": ""交易成功"", ""counterparty"": ""淘宝闪购"", ""tradeOrderNo"": ""2025072822001145901425457371\t"", ""paymentMethod"": ""宁波银行信用卡(4573)"", ""tradeCategory"": ""餐饮美食"", ""incomeOrExpense"": ""支出"", ""merchantOrderNo"": ""13230600725072855495940796052\t"", ""productDescription"": ""大鹏东北烧烤外卖订单"", ""counterpartyAccount"": ""e50***@alibaba-inc.com""}",2025072822001145901425457371	,2025-07-28 23:11:01,37.80,OUT,淘宝闪购,4573,大鹏东北烧烤外卖订单 - 餐饮美食,1803,2.0.0,0,2026-02-04 15:49:34,PARSED,3,2026-02-04 15:49:37,3,2026-02-04 15:49:37,0,网购
607,2,3,ALIPAY,PLATFORM_ORDER,d667af7a3550405a19da2febb8197170,"{""amount"": ""12.03"", ""remark"": """", ""tradeTime"": ""2025-07-28 18:40:40"", ""tradeStatus"": ""交易成功"", ""counterparty"": ""云账户综合服务平台"", ""tradeOrderNo"": ""20250728020070011560900031123404\t"", ""paymentMethod"": """", ""tradeCategory"": ""转账红包"", ""incomeOrExpense"": ""收入"", ""merchantOrderNo"": ""1089357670810894695\t"", ""productDescription"": ""云账户"", ""counterpartyAccount"": ""/""}",20250728020070011560900031123404	,2025-07-28 18:40:40,12.03,IN,云账户综合服务平台,null,云账户 - 转账红包,3704,2.0.0,0,2026-02-04 15:49:34,PARSED,3,2026-02-04 15:49:37,3,2026-02-04 15:49:37,0,转账入账
608,2,3,ALIPAY,PLATFORM_ORDER,cf707863472ce744a36e5eec19bb6fb3,"{""amount"": ""12.00"", ""remark"": """", ""tradeTime"": ""2025-07-28 18:40:37"", ""tradeStatus"": ""交易成功"", ""counterparty"": ""杭州柏鹿信息技术有限公司"", ""tradeOrderNo"": ""20250728020070011560900031301534\t"", ""paymentMethod"": """", ""tradeCategory"": ""转账红包"", ""incomeOrExpense"": ""收入"", ""merchantOrderNo"": ""XC172834198479986508\t"", ""productDescription"": ""小蚕提现"", ""counterpartyAccount"": ""/""}",20250728020070011560900031301534	,2025-07-28 18:40:37,12.00,IN,杭州柏鹿信息技术有限公司,null,小蚕提现 - 转账红包,3203,2.0.0,0,2026-02-04 15:49:34,PARSED,3,2026-02-04 15:49:37,3,2026-02-04 15:49:37,0,储蓄卡⇄支付平台
609,2,3,ALIPAY,PLATFORM_ORDER,393e56af5a0eb5d0a2279b9edafe2963,"{""amount"": ""17.47"", ""remark"": """", ""tradeTime"": ""2025-07-28 10:30:50"", ""tradeStatus"": ""交易成功"", ""counterparty"": ""淘宝闪购"", ""tradeOrderNo"": ""2025072822001145901415333328\t"", ""paymentMethod"": ""宁波银行信用卡(4573)&宁波银行立减金"", ""tradeCategory"": ""餐饮美食"", ""incomeOrExpense"": ""支出"", ""merchantOrderNo"": ""13100600725072862041055796052\t"", ""productDescription"": ""YogurtDay酸奶(鑫耀光环Live店)外卖订单"", ""counterpartyAccount"": ""e50***@alibaba-inc.com""}",2025072822001145901415333328	,2025-07-28 10:30:50,17.47,OUT,淘宝闪购,4573,YogurtDay酸奶(鑫耀光环Live店)外卖订单 - 餐饮美食,2105,2.0.0,0,2026-02-04 15:49:34,PARSED,3,2026-02-04 15:49:37,3,2026-02-04 15:49:37,0,演唱会
610,2,3,ALIPAY,PLATFORM_ORDER,3d8abe1bcaa0cc450531752de2d03f74,"{""amount"": ""2.79"", ""remark"": """", ""tradeTime"": ""2025-07-28 08:31:25"", ""tradeStatus"": ""交易成功"", ""counterparty"": ""沪松公路五店"", ""tradeOrderNo"": ""2025072822001445901409596023\t"", ""paymentMethod"": ""宁波银行信用卡(4573)&红包"", ""tradeCategory"": ""日用百货"", ""incomeOrExpense"": ""支出"", ""merchantOrderNo"": ""SXA1O104064195825\t"", ""productDescription"": ""上海全家便利店"", ""counterpartyAccount"": ""180***@qq.com""}",2025072822001445901409596023	,2025-07-28 08:31:25,2.79,OUT,沪松公路五店,4573,上海全家便利店 - 日用百货,1802,2.0.0,0,2026-02-04 15:49:34,PARSED,3,2026-02-04 15:49:37,3,2026-02-04 15:49:37,0,便利店
611,2,3,ALIPAY,PLATFORM_ORDER,2c7cda2253481e4c493079b4668fb0a0,"{""amount"": ""11.32"", ""remark"": """", ""tradeTime"": ""2025-07-27 15:37:34"", ""tradeStatus"": ""交易成功"", ""counterparty"": ""淘宝闪购"", ""tradeOrderNo"": ""2025072722001145901415330373\t"", ""paymentMethod"": ""宁波银行信用卡(4573)&宁波银行立减金"", ""tradeCategory"": ""日用百货"", ""incomeOrExpense"": ""支出"", ""merchantOrderNo"": ""13150600725072778454857796052\t"", ""productDescription"": ""世纪精品超市(国家会展中心店)"", ""counterpartyAccount"": ""ele***@service.aliyun.com""}",2025072722001145901415330373	,2025-07-27 15:37:34,11.32,OUT,淘宝闪购,4573,世纪精品超市(国家会展中心店) - 日用百货,1803,2.0.0,0,2026-02-04 15:49:34,PARSED,3,2026-02-04 15:49:37,3,2026-02-04 15:49:37,0,网购
612,2,3,ALIPAY,PLATFORM_ORDER,4e4b0bfa217b1f2372026586f3d9d83e,"{""amount"": ""8.97"", ""remark"": """", ""tradeTime"": ""2025-07-26 12:31:02"", ""tradeStatus"": ""交易成功"", ""counterparty"": ""淘宝闪购"", ""tradeOrderNo"": ""2025072622001145901403198633\t"", ""paymentMethod"": ""宁波银行信用卡(4573)&宁波银行立减金"", ""tradeCategory"": ""餐饮美食"", ""incomeOrExpense"": ""支出"", ""merchantOrderNo"": ""13120600725072696727706796052\t"", ""productDescription"": ""茉酸奶(青浦蟠龙天地店)外卖订单"", ""counterpartyAccount"": ""e50***@alibaba-inc.com""}",2025072622001145901403198633	,2025-07-26 12:31:02,8.97,OUT,淘宝闪购,4573,茉酸奶(青浦蟠龙天地店)外卖订单 - 餐饮美食,1803,2.0.0,0,2026-02-04 15:49:34,PARSED,3,2026-02-04 15:49:37,3,2026-02-04 15:49:37,0,网购
613,2,3,ALIPAY,PLATFORM_ORDER,2f1adbc335fdb506dc23fa86e667993d,"{""amount"": ""10.80"", ""remark"": """", ""tradeTime"": ""2025-07-25 22:55:52"", ""tradeStatus"": ""交易成功"", ""counterparty"": ""恰用**店"", ""tradeOrderNo"": ""2025072522001145901402060798\t"", ""paymentMethod"": ""宁波银行信用卡(4573)"", ""tradeCategory"": ""数码电器"", ""incomeOrExpense"": ""支出"", ""merchantOrderNo"": ""T200P4651899339501343545\t"", ""productDescription"": ""适用Keep手环B4表带b4 lite米兰尼斯B5金属磁吸精钢编织透气款手表带16mm通用智能手表链腕带男女配件 等多件"", ""counterpartyAccount"": ""383***@qq.com""}",2025072522001145901402060798	,2025-07-25 22:55:52,10.80,OUT,恰用**店,4573,适用Keep手环B4表带b4 lite米兰尼斯B5金属磁吸精钢编织透气款手表带16mm通用智能手表链腕带男女配件 等多件 - 数码电器,2113,2.0.0,0,2026-02-04 15:49:34,PARSED,3,2026-02-04 15:49:37,3,2026-02-04 15:49:37,0,健身运动
614,2,3,ALIPAY,PLATFORM_ORDER,bd005a9cb4e3311d2177f7be95f86626,"{""amount"": ""81.53"", ""remark"": """", ""tradeTime"": ""2025-07-25 11:59:43"", ""tradeStatus"": ""交易成功"", ""counterparty"": ""淘宝闪购"", ""tradeOrderNo"": ""2025072522001145901456196213\t"", ""paymentMethod"": ""宁波银行信用卡(4573)&宁波银行立减金"", ""tradeCategory"": ""日用百货"", ""incomeOrExpense"": ""支出"", ""merchantOrderNo"": ""13110600725072535592471796052\t"", ""productDescription"": ""大润发(华漕店)"", ""counterpartyAccount"": ""ele***@service.aliyun.com""}",2025072522001145901456196213	,2025-07-25 11:59:43,81.53,OUT,淘宝闪购,4573,大润发(华漕店) - 日用百货,1605,2.0.0,0,2026-02-04 15:49:34,PARSED,3,2026-02-04 15:49:37,3,2026-02-04 15:49:37,0,买菜原料
615,2,3,ALIPAY,PLATFORM_ORDER,03e0866785900c4908c00eae6575a456,"{""amount"": ""0.08"", ""remark"": """", ""tradeTime"": ""2025-07-25 08:31:58"", ""tradeStatus"": ""交易成功"", ""counterparty"": ""沪松公路五店"", ""tradeOrderNo"": ""2025072522001445901457268730\t"", ""paymentMethod"": ""宁波银行信用卡(4573)&红包"", ""tradeCategory"": ""日用百货"", ""incomeOrExpense"": ""支出"", ""merchantOrderNo"": ""SXA1O103879663925\t"", ""productDescription"": ""上海全家便利店"", ""counterpartyAccount"": ""180***@qq.com""}",2025072522001445901457268730	,2025-07-25 08:31:58,0.08,OUT,沪松公路五店,4573,上海全家便利店 - 日用百货,1802,2.0.0,0,2026-02-04 15:49:34,PARSED,3,2026-02-04 15:49:37,3,2026-02-04 15:49:37,0,便利店
616,2,3,ALIPAY,PLATFORM_ORDER,ed3aac08f8b64c408bc46246e3a7bfc8,"{""amount"": ""64.44"", ""remark"": """", ""tradeTime"": ""2025-07-24 22:38:23"", ""tradeStatus"": ""交易成功"", ""counterparty"": ""滴滴出行"", ""tradeOrderNo"": ""2025072422001445901455771440\t"", ""paymentMethod"": ""宁波银行信用卡(4573)"", ""tradeCategory"": ""交通出行"", ""incomeOrExpense"": ""支出"", ""merchantOrderNo"": ""210_202507248394979801807474\t"", ""productDescription"": ""滴滴快车打车-王师傅-07月24日行程"", ""counterpartyAccount"": ""chu***@didichuxing.com""}",2025072422001445901455771440	,2025-07-24 22:38:23,64.44,OUT,滴滴出行,4573,滴滴快车打车-王师傅-07月24日行程 - 交通出行,1703,2.0.0,0,2026-02-04 15:49:34,PARSED,3,2026-02-04 15:49:37,3,2026-02-04 15:49:37,0,网约车
617,2,3,ALIPAY,PLATFORM_ORDER,349a01149e9ed363d31d09ba83e4f207,"{""amount"": ""26.03"", ""remark"": """", ""tradeTime"": ""2025-07-24 22:00:10"", ""tradeStatus"": ""交易成功"", ""counterparty"": ""杭州柏鹿信息技术有限公司"", ""tradeOrderNo"": ""20250724020070011580900092080151\t"", ""paymentMethod"": """", ""tradeCategory"": ""转账红包"", ""incomeOrExpense"": ""收入"", ""merchantOrderNo"": ""XC171575979479986508\t"", ""productDescription"": ""小蚕提现"", ""counterpartyAccount"": ""/""}",20250724020070011580900092080151	,2025-07-24 22:00:10,26.03,IN,杭州柏鹿信息技术有限公司,null,小蚕提现 - 转账红包,3203,2.0.0,0,2026-02-04 15:49:34,PARSED,3,2026-02-04 15:49:37,3,2026-02-04 15:49:37,0,储蓄卡⇄支付平台
618,2,3,ALIPAY,PLATFORM_ORDER,9005c37d4dbb549f686f2edba1965788,"{""amount"": ""21.87"", ""remark"": """", ""tradeTime"": ""2025-07-24 11:03:04"", ""tradeStatus"": ""交易成功"", ""counterparty"": ""淘宝闪购"", ""tradeOrderNo"": ""2025072422001145901448945039\t"", ""paymentMethod"": ""宁波银行信用卡(4573)&宁波银行立减金"", ""tradeCategory"": ""餐饮美食"", ""incomeOrExpense"": ""支出"", ""merchantOrderNo"": ""13110600725072439763604796052\t"", ""productDescription"": ""渝八两重庆鸡公煲(上海漕河泾科技绿洲店)外卖订单"", ""counterpartyAccount"": ""e50***@alibaba-inc.com""}",2025072422001145901448945039	,2025-07-24 11:03:04,21.87,OUT,淘宝闪购,4573,渝八两重庆鸡公煲(上海漕河泾科技绿洲店)外卖订单 - 餐饮美食,1803,2.0.0,0,2026-02-04 15:49:34,PARSED,3,2026-02-04 15:49:37,3,2026-02-04 15:49:37,0,网购
619,2,3,ALIPAY,PLATFORM_ORDER,283a5736af3eb6bc31c3dca61405655e,"{""amount"": ""14.02"", ""remark"": """", ""tradeTime"": ""2025-07-23 12:41:36"", ""tradeStatus"": ""交易成功"", ""counterparty"": ""杭州柏鹿信息技术有限公司"", ""tradeOrderNo"": ""20250723020070011540900078410569\t"", ""paymentMethod"": """", ""tradeCategory"": ""转账红包"", ""incomeOrExpense"": ""收入"", ""merchantOrderNo"": ""XC171062562479986508\t"", ""productDescription"": ""小蚕提现"", ""counterpartyAccount"": ""/""}",20250723020070011540900078410569	,2025-07-23 12:41:36,14.02,IN,杭州柏鹿信息技术有限公司,null,小蚕提现 - 转账红包,3203,2.0.0,0,2026-02-04 15:49:34,PARSED,3,2026-02-04 15:49:37,3,2026-02-04 15:49:37,0,储蓄卡⇄支付平台
620,2,3,ALIPAY,PLATFORM_ORDER,d8b0d38f047e72d7e30162de7c1139e5,"{""amount"": ""21.87"", ""remark"": """", ""tradeTime"": ""2025-07-23 10:59:21"", ""tradeStatus"": ""交易成功"", ""counterparty"": ""淘宝闪购"", ""tradeOrderNo"": ""2025072322001145901444169988\t"", ""paymentMethod"": ""宁波银行信用卡(4573)&宁波银行立减金"", ""tradeCategory"": ""餐饮美食"", ""incomeOrExpense"": ""支出"", ""merchantOrderNo"": ""13100600725072337748893796052\t"", ""productDescription"": ""渝八两重庆鸡公煲(上海漕河泾科技绿洲店)外卖订单"", ""counterpartyAccount"": ""e50***@alibaba-inc.com""}",2025072322001145901444169988	,2025-07-23 10:59:21,21.87,OUT,淘宝闪购,4573,渝八两重庆鸡公煲(上海漕河泾科技绿洲店)外卖订单 - 餐饮美食,1803,2.0.0,0,2026-02-04 15:49:34,PARSED,3,2026-02-04 15:49:37,3,2026-02-04 15:49:37,0,网购
621,2,3,ALIPAY,PLATFORM_ORDER,253d72f5a6b04dea686569b15d5cb42c,"{""amount"": ""27.01"", ""remark"": """", ""tradeTime"": ""2025-07-22 12:21:07"", ""tradeStatus"": ""交易成功"", ""counterparty"": ""杭州柏鹿信息技术有限公司"", ""tradeOrderNo"": ""20250722020070011540900068600646\t"", ""paymentMethod"": """", ""tradeCategory"": ""转账红包"", ""incomeOrExpense"": ""收入"", ""merchantOrderNo"": ""XC170723811479986508\t"", ""productDescription"": ""小蚕提现"", ""counterpartyAccount"": ""/""}",20250722020070011540900068600646	,2025-07-22 12:21:07,27.01,IN,杭州柏鹿信息技术有限公司,null,小蚕提现 - 转账红包,3203,2.0.0,0,2026-02-04 15:49:34,PARSED,3,2026-02-04 15:49:37,3,2026-02-04 15:49:37,0,储蓄卡⇄支付平台
622,2,3,ALIPAY,PLATFORM_ORDER,7ab01da47798cf43ae2602dce3712ca4,"{""amount"": ""15.10"", ""remark"": """", ""tradeTime"": ""2025-07-21 15:22:50"", ""tradeStatus"": ""交易成功"", ""counterparty"": ""淘宝闪购"", ""tradeOrderNo"": ""2025072122001145901434016570\t"", ""paymentMethod"": ""账户余额"", ""tradeCategory"": ""餐饮美食"", ""incomeOrExpense"": ""支出"", ""merchantOrderNo"": ""13150600725072148417926796052\t"", ""productDescription"": ""酸奶罐罐(上海鑫耀光环live店)外卖订单"", ""counterpartyAccount"": ""e50***@alibaba-inc.com""}",2025072122001145901434016570	,2025-07-21 15:22:50,15.10,OUT,淘宝闪购,账户余额,酸奶罐罐(上海鑫耀光环live店)外卖订单 - 餐饮美食,2105,2.0.0,0,2026-02-04 15:49:34,PARSED,3,2026-02-04 15:49:37,3,2026-02-04 15:49:37,0,演唱会
623,2,3,ALIPAY,PLATFORM_ORDER,91ed8890a679444e8b4d779ca8a7bc4e,"{""amount"": ""28.52"", ""remark"": """", ""tradeTime"": ""2025-07-21 15:17:25"", ""tradeStatus"": ""交易成功"", ""counterparty"": ""云账户综合服务平台"", ""tradeOrderNo"": ""20250721020070011550900060137525\t"", ""paymentMethod"": """", ""tradeCategory"": ""转账红包"", ""incomeOrExpense"": ""收入"", ""merchantOrderNo"": ""1086769819464229216\t"", ""productDescription"": ""云账户"", ""counterpartyAccount"": ""/""}",20250721020070011550900060137525	,2025-07-21 15:17:25,28.52,IN,云账户综合服务平台,null,云账户 - 转账红包,3704,2.0.0,0,2026-02-04 15:49:34,PARSED,3,2026-02-04 15:49:37,3,2026-02-04 15:49:37,0,转账入账
624,2,3,ALIPAY,PLATFORM_ORDER,ca515c287c43f5048bc116a0124f78f1,"{""amount"": ""15.85"", ""remark"": """", ""tradeTime"": ""2025-07-21 11:31:25"", ""tradeStatus"": ""交易成功"", ""counterparty"": ""淘宝闪购"", ""tradeOrderNo"": ""2025072122001145901429187625\t"", ""paymentMethod"": ""宁波银行信用卡(4573)&宁波银行立减金"", ""tradeCategory"": ""餐饮美食"", ""incomeOrExpense"": ""支出"", ""merchantOrderNo"": ""13110600725072185337599796052\t"", ""productDescription"": ""湘溪里·老长沙盖码饭(虹梅路店)外卖订单"", ""counterpartyAccount"": ""e50***@alibaba-inc.com""}",2025072122001145901429187625	,2025-07-21 11:31:25,15.85,OUT,淘宝闪购,4573,湘溪里·老长沙盖码饭(虹梅路店)外卖订单 - 餐饮美食,1803,2.0.0,0,2026-02-04 15:49:34,PARSED,3,2026-02-04 15:49:37,3,2026-02-04 15:49:37,0,网购
625,2,3,ALIPAY,PLATFORM_ORDER,aee2eb97b804249aaf1e65cf684bd9f2,"{""amount"": ""8.45"", ""remark"": """", ""tradeTime"": ""2025-07-19 18:28:14"", ""tradeStatus"": ""交易成功"", ""counterparty"": ""天山西路四店"", ""tradeOrderNo"": ""2025071922001445901424354106\t"", ""paymentMethod"": ""宁波银行信用卡(4573)&红包"", ""tradeCategory"": ""日用百货"", ""incomeOrExpense"": ""支出"", ""merchantOrderNo"": ""SXA1O94172136728\t"", ""productDescription"": ""上海全家便利店"", ""counterpartyAccount"": ""180***@qq.com""}",2025071922001445901424354106	,2025-07-19 18:28:14,8.45,OUT,天山西路四店,4573,上海全家便利店 - 日用百货,1802,2.0.0,0,2026-02-04 15:49:34,PARSED,3,2026-02-04 15:49:37,3,2026-02-04 15:49:37,0,便利店
626,2,3,ALIPAY,PLATFORM_ORDER,4ec20ae61b8584c1d48228df003fbf04,"{""amount"": ""6.78"", ""remark"": """", ""tradeTime"": ""2025-07-19 13:56:41"", ""tradeStatus"": ""交易成功"", ""counterparty"": ""清美鲜家"", ""tradeOrderNo"": ""2025071923001445901420736890\t"", ""paymentMethod"": ""宁波银行信用卡(4573)&红包"", ""tradeCategory"": ""餐饮美食"", ""incomeOrExpense"": ""支出"", ""merchantOrderNo"": ""17126600004802000020250719135641450328559977\t"", ""productDescription"": ""清美鲜家"", ""counterpartyAccount"": ""/""}",2025071923001445901420736890	,2025-07-19 13:56:41,6.78,OUT,清美鲜家,4573,清美鲜家 - 餐饮美食,16,2.0.0,0,2026-02-04 15:49:34,PARSED,3,2026-02-04 15:49:37,3,2026-02-04 15:49:37,0,餐饮美食
627,2,3,ALIPAY,PLATFORM_ORDER,9d81e5a357f0e4fe2cb41ae44c441b9a,"{""amount"": ""31.27"", ""remark"": """", ""tradeTime"": ""2025-07-19 12:07:38"", ""tradeStatus"": ""交易成功"", ""counterparty"": ""滴滴出行"", ""tradeOrderNo"": ""2025071922001445901420448546\t"", ""paymentMethod"": ""宁波银行信用卡(4573)&宁波银行立减金"", ""tradeCategory"": ""交通出行"", ""incomeOrExpense"": ""支出"", ""merchantOrderNo"": ""212_202507198390663701475939\t"", ""productDescription"": ""特惠快车打车-曾师傅-07月19日行程"", ""counterpartyAccount"": ""chu***@didichuxing.com""}",2025071922001445901420448546	,2025-07-19 12:07:38,31.27,OUT,滴滴出行,4573,特惠快车打车-曾师傅-07月19日行程 - 交通出行,1703,2.0.0,0,2026-02-04 15:49:34,PARSED,3,2026-02-04 15:49:37,3,2026-02-04 15:49:37,0,网约车
628,2,3,ALIPAY,PLATFORM_ORDER,93324183ac5689e93283f2460ab553ee,"{""amount"": ""12.00"", ""remark"": """", ""tradeTime"": ""2025-07-17 12:35:34"", ""tradeStatus"": ""交易成功"", ""counterparty"": ""云账户综合服务平台"", ""tradeOrderNo"": ""20250717020070011540900018412313\t"", ""paymentMethod"": """", ""tradeCategory"": ""转账红包"", ""incomeOrExpense"": ""收入"", ""merchantOrderNo"": ""1085279493662695888\t"", ""productDescription"": ""云账户"", ""counterpartyAccount"": ""/""}",20250717020070011540900018412313	,2025-07-17 12:35:34,12.00,IN,云账户综合服务平台,null,云账户 - 转账红包,3704,2.0.0,0,2026-02-04 15:49:34,PARSED,3,2026-02-04 15:49:37,3,2026-02-04 15:49:37,0,转账入账
629,2,3,ALIPAY,PLATFORM_ORDER,634ead9216bf25da1dcdfe445c5a0428,"{""amount"": ""10.00"", ""remark"": """", ""tradeTime"": ""2025-07-17 12:35:31"", ""tradeStatus"": ""交易成功"", ""counterparty"": ""杭州柏鹿信息技术有限公司"", ""tradeOrderNo"": ""20250717020070011540900018225360\t"", ""paymentMethod"": """", ""tradeCategory"": ""转账红包"", ""incomeOrExpense"": ""收入"", ""merchantOrderNo"": ""XC169152199479986508\t"", ""productDescription"": ""小蚕提现"", ""counterpartyAccount"": ""/""}",20250717020070011540900018225360	,2025-07-17 12:35:31,10.00,IN,杭州柏鹿信息技术有限公司,null,小蚕提现 - 转账红包,3203,2.0.0,0,2026-02-04 15:49:34,PARSED,3,2026-02-04 15:49:37,3,2026-02-04 15:49:37,0,储蓄卡⇄支付平台
630,2,3,ALIPAY,PLATFORM_ORDER,7f659b2dc131be395a0c0342be0f9128,"{""amount"": ""16.67"", ""remark"": """", ""tradeTime"": ""2025-07-17 11:13:04"", ""tradeStatus"": ""交易成功"", ""counterparty"": ""淘宝闪购"", ""tradeOrderNo"": ""2025071722001145901411671165\t"", ""paymentMethod"": ""宁波银行信用卡(4573)&宁波银行立减金"", ""tradeCategory"": ""餐饮美食"", ""incomeOrExpense"": ""支出"", ""merchantOrderNo"": ""13110600725071727613591796052\t"", ""productDescription"": ""YogurtDay酸奶(鑫耀光环Live店)外卖订单"", ""counterpartyAccount"": ""e50***@alibaba-inc.com""}",2025071722001145901411671165	,2025-07-17 11:13:04,16.67,OUT,淘宝闪购,4573,YogurtDay酸奶(鑫耀光环Live店)外卖订单 - 餐饮美食,2105,2.0.0,0,2026-02-04 15:49:34,PARSED,3,2026-02-04 15:49:37,3,2026-02-04 15:49:37,0,演唱会
631,2,3,ALIPAY,PLATFORM_ORDER,a41c33e2ed411662ad16a2dcbc96816a,"{""amount"": ""20.01"", ""remark"": """", ""tradeTime"": ""2025-07-16 15:06:47"", ""tradeStatus"": ""交易成功"", ""counterparty"": ""云账户综合服务平台"", ""tradeOrderNo"": ""20250716020070011550900009535208\t"", ""paymentMethod"": """", ""tradeCategory"": ""转账红包"", ""incomeOrExpense"": ""收入"", ""merchantOrderNo"": ""1084955199384567948\t"", ""productDescription"": ""云账户"", ""counterpartyAccount"": ""/""}",20250716020070011550900009535208	,2025-07-16 15:06:47,20.01,IN,云账户综合服务平台,null,云账户 - 转账红包,3704,2.0.0,0,2026-02-04 15:49:34,PARSED,3,2026-02-04 15:49:37,3,2026-02-04 15:49:37,0,转账入账
632,2,3,ALIPAY,PLATFORM_ORDER,689acc0a149e3131ee7faf7ecd23b3a5,"{""amount"": ""16.50"", ""remark"": """", ""tradeTime"": ""2025-07-16 13:37:20"", ""tradeStatus"": ""交易成功"", ""counterparty"": ""淘宝闪购"", ""tradeOrderNo"": ""2025071622001145901404728539\t"", ""paymentMethod"": ""宁波银行信用卡(4573)"", ""tradeCategory"": ""餐饮美食"", ""incomeOrExpense"": ""支出"", ""merchantOrderNo"": ""13130600725071612634739796052\t"", ""productDescription"": ""YogurtDay酸奶(鑫耀光环Live店)外卖订单"", ""counterpartyAccount"": ""e50***@alibaba-inc.com""}",2025071622001145901404728539	,2025-07-16 13:37:20,16.50,OUT,淘宝闪购,4573,YogurtDay酸奶(鑫耀光环Live店)外卖订单 - 餐饮美食,2105,2.0.0,0,2026-02-04 15:49:34,PARSED,3,2026-02-04 15:49:37,3,2026-02-04 15:49:37,0,演唱会
633,2,3,ALIPAY,PLATFORM_ORDER,e28759f5e964c06159a10c6be544a6ec,"{""amount"": ""11.97"", ""remark"": """", ""tradeTime"": ""2025-07-16 11:00:09"", ""tradeStatus"": ""交易成功"", ""counterparty"": ""淘宝闪购"", ""tradeOrderNo"": ""2025071622001145901406942403\t"", ""paymentMethod"": ""宁波银行信用卡(4573)&宁波银行立减金"", ""tradeCategory"": ""餐饮美食"", ""incomeOrExpense"": ""支出"", ""merchantOrderNo"": ""13110600725071670001368796052\t"", ""productDescription"": ""千里香馄饨王·炒饭·炒面(吴中路店)外卖订单"", ""counterpartyAccount"": ""e50***@alibaba-inc.com""}",2025071622001145901406942403	,2025-07-16 11:00:09,11.97,OUT,淘宝闪购,4573,千里香馄饨王·炒饭·炒面(吴中路店)外卖订单 - 餐饮美食,1803,2.0.0,0,2026-02-04 15:49:34,PARSED,3,2026-02-04 15:49:37,3,2026-02-04 15:49:37,0,网购
634,2,3,ALIPAY,PLATFORM_ORDER,032490fc9c3c32f1393455a7f72eecbb,"{""amount"": ""11.85"", ""remark"": """", ""tradeTime"": ""2025-07-15 14:33:27"", ""tradeStatus"": ""交易成功"", ""counterparty"": ""淘宝闪购"", ""tradeOrderNo"": ""2025071522001145901400946417\t"", ""paymentMethod"": ""账户余额"", ""tradeCategory"": ""餐饮美食"", ""incomeOrExpense"": ""支出"", ""merchantOrderNo"": ""13140600725071519174944796052\t"", ""productDescription"": ""茉酸奶(漕河泾印象城店)外卖订单"", ""counterpartyAccount"": ""e50***@alibaba-inc.com""}",2025071522001145901400946417	,2025-07-15 14:33:27,11.85,OUT,淘宝闪购,账户余额,茉酸奶(漕河泾印象城店)外卖订单 - 餐饮美食,1803,2.0.0,0,2026-02-04 15:49:34,PARSED,3,2026-02-04 15:49:37,3,2026-02-04 15:49:37,0,网购
635,2,3,ALIPAY,PLATFORM_ORDER,33b3a503ca63dd9fd7f463e8c7890973,"{""amount"": ""16.04"", ""remark"": """", ""tradeTime"": ""2025-07-15 12:23:20"", ""tradeStatus"": ""交易成功"", ""counterparty"": ""云账户综合服务平台"", ""tradeOrderNo"": ""20250715020070011540900098008689\t"", ""paymentMethod"": """", ""tradeCategory"": ""转账红包"", ""incomeOrExpense"": ""收入"", ""merchantOrderNo"": ""1084551587491726167\t"", ""productDescription"": ""云账户"", ""counterpartyAccount"": ""/""}",20250715020070011540900098008689	,2025-07-15 12:23:20,16.04,IN,云账户综合服务平台,null,云账户 - 转账红包,3704,2.0.0,0,2026-02-04 15:49:34,PARSED,3,2026-02-04 15:49:37,3,2026-02-04 15:49:37,0,转账入账
636,2,3,ALIPAY,PLATFORM_ORDER,99736d19c9e87ed46d26919b23290686,"{""amount"": ""12.83"", ""remark"": """", ""tradeTime"": ""2025-07-15 11:24:19"", ""tradeStatus"": ""交易成功"", ""counterparty"": ""淘宝闪购"", ""tradeOrderNo"": ""2025071522001145901458421694\t"", ""paymentMethod"": ""宁波银行信用卡(4573)&宁波银行立减金"", ""tradeCategory"": ""餐饮美食"", ""incomeOrExpense"": ""支出"", ""merchantOrderNo"": ""13110600725071561904616796052\t"", ""productDescription"": ""湘溪里·老长沙盖码饭(虹梅路店)外卖订单"", ""counterpartyAccount"": ""e50***@alibaba-inc.com""}",2025071522001145901458421694	,2025-07-15 11:24:19,12.83,OUT,淘宝闪购,4573,湘溪里·老长沙盖码饭(虹梅路店)外卖订单 - 餐饮美食,1803,2.0.0,0,2026-02-04 15:49:34,PARSED,3,2026-02-04 15:49:37,3,2026-02-04 15:49:37,0,网购
637,2,3,ALIPAY,PLATFORM_ORDER,60d2048176e59159ffdf8e0fbe56686e,"{""amount"": ""3.00"", ""remark"": """", ""tradeTime"": ""2025-07-14 21:31:48"", ""tradeStatus"": ""交易成功"", ""counterparty"": ""上海都畅数字技术有限公司"", ""tradeOrderNo"": ""2025071422001445901456100633\t"", ""paymentMethod"": ""宁波银行信用卡(4573)"", ""tradeCategory"": ""交通出行"", ""incomeOrExpense"": ""支出"", ""merchantOrderNo"": ""20250714213147179023083352106824\t"", ""productDescription"": ""漕河泾开发区-七宝"", ""counterpartyAccount"": ""dom***@metrofastpass.com""}",2025071422001445901456100633	,2025-07-14 21:31:48,3.00,OUT,上海都畅数字技术有限公司,4573,漕河泾开发区-七宝 - 交通出行,203,2.0.0,0,2026-02-04 15:49:34,PARSED,3,2026-02-04 15:49:37,3,2026-02-04 15:49:37,0,交通补贴
638,2,3,ALIPAY,PLATFORM_ORDER,ef2f7e1a8f04bf5f74309e4c7c4c33c0,"{""amount"": ""16.55"", ""remark"": """", ""tradeTime"": ""2025-07-14 11:06:07"", ""tradeStatus"": ""交易成功"", ""counterparty"": ""淘宝闪购"", ""tradeOrderNo"": ""2025071422001145901455072817\t"", ""paymentMethod"": ""宁波银行信用卡(4573)&宁波银行立减金"", ""tradeCategory"": ""餐饮美食"", ""incomeOrExpense"": ""支出"", ""merchantOrderNo"": ""13110600725071470043329796052\t"", ""productDescription"": ""湘溪里·老长沙盖码饭(虹梅路店)外卖订单"", ""counterpartyAccount"": ""e50***@alibaba-inc.com""}",2025071422001145901455072817	,2025-07-14 11:06:07,16.55,OUT,淘宝闪购,4573,湘溪里·老长沙盖码饭(虹梅路店)外卖订单 - 餐饮美食,1803,2.0.0,0,2026-02-04 15:49:34,PARSED,3,2026-02-04 15:49:37,3,2026-02-04 15:49:37,0,网购
639,2,3,ALIPAY,PLATFORM_ORDER,e542a220090df060058b7760aefefc28,"{""amount"": ""2.00"", ""remark"": """", ""tradeTime"": ""2025-07-14 09:58:33"", ""tradeStatus"": ""交易成功"", ""counterparty"": ""上海公共交通卡股份有限公司"", ""tradeOrderNo"": ""2025071422001445901456488554\t"", ""paymentMethod"": ""宁波银行信用卡(4573)"", ""tradeCategory"": ""交通出行"", ""incomeOrExpense"": ""支出"", ""merchantOrderNo"": ""25071409583390400031\t"", ""productDescription"": ""上海公交-803路-2025-07-14 07:58:30"", ""counterpartyAccount"": ""jtk***@sptcc.com""}",2025071422001445901456488554	,2025-07-14 09:58:33,2.00,OUT,上海公共交通卡股份有限公司,4573,上海公交-803路-2025-07-14 07:58:30 - 交通出行,203,2.0.0,0,2026-02-04 15:49:34,PARSED,3,2026-02-04 15:49:37,3,2026-02-04 15:49:37,0,交通补贴
640,2,3,ALIPAY,PLATFORM_ORDER,b9fed61252a91c052feba0bb823cfde5,"{""amount"": ""2.64"", ""remark"": """", ""tradeTime"": ""2025-07-14 08:56:15"", ""tradeStatus"": ""交易成功"", ""counterparty"": ""上海都畅数字技术有限公司"", ""tradeOrderNo"": ""2025071422001445901452746778\t"", ""paymentMethod"": ""宁波银行信用卡(4573)&宁波银行立减"", ""tradeCategory"": ""交通出行"", ""incomeOrExpense"": ""支出"", ""merchantOrderNo"": ""20250714085614426072033016411992\t"", ""productDescription"": ""七宝-漕河泾开发区"", ""counterpartyAccount"": ""dom***@metrofastpass.com""}",2025071422001445901452746778	,2025-07-14 08:56:15,2.64,OUT,上海都畅数字技术有限公司,4573,七宝-漕河泾开发区 - 交通出行,203,2.0.0,0,2026-02-04 15:49:34,PARSED,3,2026-02-04 15:49:37,3,2026-02-04 15:49:37,0,交通补贴
641,2,3,ALIPAY,PLATFORM_ORDER,932b798c35d667051321e2efd5732e86,"{""amount"": ""384.00"", ""remark"": """", ""tradeTime"": ""2025-07-13 20:33:53"", ""tradeStatus"": ""交易成功"", ""counterparty"": ""x***1"", ""tradeOrderNo"": ""2025071322001145901450933216\t"", ""paymentMethod"": ""花呗"", ""tradeCategory"": ""日用百货"", ""incomeOrExpense"": ""支出"", ""merchantOrderNo"": ""T200P4630171287275343545\t"", ""productDescription"": ""眉州东坡川菜+"", ""counterpartyAccount"": ""135******66""}",2025071322001145901450933216	,2025-07-13 20:33:53,384.00,OUT,x***1,花呗,眉州东坡川菜+ - 日用百货,1601,2.0.0,0,2026-02-04 15:49:34,PARSED,3,2026-02-04 15:49:37,3,2026-02-04 15:49:37,0,三餐
642,2,3,ALIPAY,PLATFORM_ORDER,0e382094b6a4afd6ef87a1e739b01f48,"{""amount"": ""6.00"", ""remark"": """", ""tradeTime"": ""2025-07-13 19:32:35"", ""tradeStatus"": ""交易成功"", ""counterparty"": ""上海都畅数字技术有限公司"", ""tradeOrderNo"": ""2025071322001445901451622756\t"", ""paymentMethod"": ""宁波银行信用卡(4573)"", ""tradeCategory"": ""交通出行"", ""incomeOrExpense"": ""支出"", ""merchantOrderNo"": ""20250713193234718072033060402857\t"", ""productDescription"": ""顾村公园-虹桥火车站"", ""counterpartyAccount"": ""dom***@metrofastpass.com""}",2025071322001445901451622756	,2025-07-13 19:32:35,6.00,OUT,上海都畅数字技术有限公司,4573,顾村公园-虹桥火车站 - 交通出行,2109,2.0.0,0,2026-02-04 15:49:34,PARSED,3,2026-02-04 15:49:37,3,2026-02-04 15:49:37,0,景点门票
643,2,3,ALIPAY,PLATFORM_ORDER,98ae5b27f88012b54df44f4856a08111,"{""amount"": ""279.00"", ""remark"": """", ""tradeTime"": ""2025-07-13 18:04:32"", ""tradeStatus"": ""交易成功"", ""counterparty"": ""维雅**店"", ""tradeOrderNo"": ""2025071322001145901451939659\t"", ""paymentMethod"": ""宁波银行信用卡(4573)"", ""tradeCategory"": ""数码电器"", ""incomeOrExpense"": ""支出"", ""merchantOrderNo"": ""T200P4629814742931343545\t"", ""productDescription"": ""华硕 V587U VM520U V5200E V5000F V556U VM592U YX560U U5100U U"", ""counterpartyAccount"": ""sr1***@163.com""}",2025071322001145901451939659	,2025-07-13 18:04:32,279.00,OUT,维雅**店,4573,华硕 V587U VM520U V5200E V5000F V556U VM592U YX560U U5100U U - 数码电器,1807,2.0.0,0,2026-02-04 15:49:34,PARSED,3,2026-02-04 15:49:37,3,2026-02-04 15:49:37,0,数码产品
644,2,3,ALIPAY,PLATFORM_ORDER,103227c580f019ea0be41175c1d834be,"{""amount"": ""11.50"", ""remark"": """", ""tradeTime"": ""2025-07-13 13:30:41"", ""tradeStatus"": ""交易成功"", ""counterparty"": ""滴滴出行"", ""tradeOrderNo"": ""2025071322001445901451134034\t"", ""paymentMethod"": ""宁波银行信用卡(4573)"", ""tradeCategory"": ""交通出行"", ""incomeOrExpense"": ""支出"", ""merchantOrderNo"": ""212_202507138385599101913105\t"", ""productDescription"": ""特惠快车打车-潘师傅-07月13日行程"", ""counterpartyAccount"": ""chu***@didichuxing.com""}",2025071322001445901451134034	,2025-07-13 13:30:41,11.50,OUT,滴滴出行,4573,特惠快车打车-潘师傅-07月13日行程 - 交通出行,1703,2.0.0,0,2026-02-04 15:49:34,PARSED,3,2026-02-04 15:49:37,3,2026-02-04 15:49:37,0,网约车
645,2,3,ALIPAY,PLATFORM_ORDER,92f232345fb7fec8b14b144ffd78d952,"{""amount"": ""38.87"", ""remark"": """", ""tradeTime"": ""2025-07-13 09:46:20"", ""tradeStatus"": ""交易成功"", ""counterparty"": ""哈啰出行"", ""tradeOrderNo"": ""2025071322001445901448366325\t"", ""paymentMethod"": ""宁波银行信用卡(4573)&宁波银行立减金"", ""tradeCategory"": ""交通出行"", ""incomeOrExpense"": ""支出"", ""merchantOrderNo"": ""CPR250713094620493224519172P\t"", ""productDescription"": ""哈啰车费支付"", ""counterpartyAccount"": ""zij***@hellobike.com""}",2025071322001445901448366325	,2025-07-13 09:46:20,38.87,OUT,哈啰出行,4573,哈啰车费支付 - 交通出行,1707,2.0.0,0,2026-02-04 15:49:34,PARSED,3,2026-02-04 15:49:37,3,2026-02-04 15:49:37,0,共享单车
646,2,3,ALIPAY,PLATFORM_ORDER,781bf131b3bf4c57469e71e7b91d0be9,"{""amount"": ""38.85"", ""remark"": """", ""tradeTime"": ""2025-07-13 08:11:54"", ""tradeStatus"": ""交易关闭"", ""counterparty"": ""哈啰出行"", ""tradeOrderNo"": ""2025071323001445901450245977\t"", ""paymentMethod"": ""宁波银行信用卡(4573)&宁波银行立减金"", ""tradeCategory"": ""交通出行"", ""incomeOrExpense"": ""支出"", ""merchantOrderNo"": ""CPR250713081153999224519172K\t"", ""productDescription"": ""哈啰车费支付"", ""counterpartyAccount"": ""zij***@hellobike.com""}",2025071323001445901450245977	,2025-07-13 08:11:54,38.85,OUT,哈啰出行,4573,哈啰车费支付 - 交通出行,1707,2.0.0,0,2026-02-04 15:49:34,PARSED,3,2026-02-04 15:49:37,3,2026-02-04 15:49:37,0,共享单车
647,2,3,ALIPAY,PLATFORM_ORDER,b382bf2695e3cdb802db4b88ddcba1a6,"{""amount"": ""4.27"", ""remark"": """", ""tradeTime"": ""2025-07-12 23:27:48"", ""tradeStatus"": ""交易成功"", ""counterparty"": ""云账户综合服务平台"", ""tradeOrderNo"": ""20250712020070011580900073504405\t"", ""paymentMethod"": """", ""tradeCategory"": ""转账红包"", ""incomeOrExpense"": ""收入"", ""merchantOrderNo"": ""1083631526853722608\t"", ""productDescription"": ""云账户"", ""counterpartyAccount"": ""/""}",20250712020070011580900073504405	,2025-07-12 23:27:48,4.27,IN,云账户综合服务平台,null,云账户 - 转账红包,3704,2.0.0,0,2026-02-04 15:49:34,PARSED,3,2026-02-04 15:49:37,3,2026-02-04 15:49:37,0,转账入账
648,2,3,ALIPAY,PLATFORM_ORDER,a66b5ba7d395bce1f0a195de6dc9bfbe,"{""amount"": ""17.00"", ""remark"": """", ""tradeTime"": ""2025-07-12 23:27:45"", ""tradeStatus"": ""交易成功"", ""counterparty"": ""杭州柏鹿信息技术有限公司"", ""tradeOrderNo"": ""20250712020070011580900073614123\t"", ""paymentMethod"": """", ""tradeCategory"": ""转账红包"", ""incomeOrExpense"": ""收入"", ""merchantOrderNo"": ""XC167745153479986508\t"", ""productDescription"": ""小蚕提现"", ""counterpartyAccount"": ""/""}",20250712020070011580900073614123	,2025-07-12 23:27:45,17.00,IN,杭州柏鹿信息技术有限公司,null,小蚕提现 - 转账红包,3203,2.0.0,0,2026-02-04 15:49:34,PARSED,3,2026-02-04 15:49:37,3,2026-02-04 15:49:37,0,储蓄卡⇄支付平台
649,2,3,ALIPAY,PLATFORM_ORDER,c701a17e1e58a0805ad306a16b0a9123,"{""amount"": ""35.00"", ""remark"": """", ""tradeTime"": ""2025-07-12 22:38:16"", ""tradeStatus"": ""交易成功"", ""counterparty"": ""滴滴出行"", ""tradeOrderNo"": ""2025071222001445901446048919\t"", ""paymentMethod"": ""宁波银行信用卡(4573)"", ""tradeCategory"": ""交通出行"", ""incomeOrExpense"": ""支出"", ""merchantOrderNo"": ""210_202507128385205901679977\t"", ""productDescription"": ""滴滴快车打车-邓师傅-07月12日行程"", ""counterpartyAccount"": ""chu***@didichuxing.com""}",2025071222001445901446048919	,2025-07-12 22:38:16,35.00,OUT,滴滴出行,4573,滴滴快车打车-邓师傅-07月12日行程 - 交通出行,1703,2.0.0,0,2026-02-04 15:49:34,PARSED,3,2026-02-04 15:49:37,3,2026-02-04 15:49:37,0,网约车
650,2,3,ALIPAY,PLATFORM_ORDER,473ef2cd8a632754c7b29eb57e986930,"{""amount"": ""35.55"", ""remark"": """", ""tradeTime"": ""2025-07-12 22:09:13"", ""tradeStatus"": ""交易成功"", ""counterparty"": ""淘宝闪购"", ""tradeOrderNo"": ""2025071222001145901446666264\t"", ""paymentMethod"": ""宁波银行信用卡(4573)&宁波银行立减金"", ""tradeCategory"": ""餐饮美食"", ""incomeOrExpense"": ""支出"", ""merchantOrderNo"": ""13220600725071280914532796052\t"", ""productDescription"": ""大鹏东北烧烤外卖订单"", ""counterpartyAccount"": ""e50***@alibaba-inc.com""}",2025071222001145901446666264	,2025-07-12 22:09:13,35.55,OUT,淘宝闪购,4573,大鹏东北烧烤外卖订单 - 餐饮美食,1803,2.0.0,0,2026-02-04 15:49:34,PARSED,3,2026-02-04 15:49:37,3,2026-02-04 15:49:37,0,网购
651,2,3,ALIPAY,PLATFORM_ORDER,2b2ac766aac6fe9b89bfaa830b92383d,"{""amount"": ""5.00"", ""remark"": """", ""tradeTime"": ""2025-07-12 14:51:31"", ""tradeStatus"": ""交易成功"", ""counterparty"": ""重庆城市通卡支付有限责任公司"", ""tradeOrderNo"": ""2025071222001445901447872600\t"", ""paymentMethod"": ""宁波银行信用卡(4573)"", ""tradeCategory"": ""交通出行"", ""incomeOrExpense"": ""支出"", ""merchantOrderNo"": ""920250712145130106452514\t"", ""productDescription"": ""重庆轨道交通-乘车(小什字2025-07-12 14:04:44-江北机场T3航站楼2025-07-12 14:51:26)"", ""counterpartyAccount"": ""cqt***@163.com""}",2025071222001445901447872600	,2025-07-12 14:51:31,5.00,OUT,重庆城市通卡支付有限责任公司,4573,重庆轨道交通-乘车(小什字2025-07-12 14:04:44-江北机场T3航站楼2025-07-12 14:51:26) - 交通出行,1701,2.0.0,0,2026-02-04 15:49:34,PARSED,3,2026-02-04 15:49:37,3,2026-02-04 15:49:37,0,公交地铁
652,2,3,ALIPAY,PLATFORM_ORDER,7dc6d3edb1154a1efa2c6c3b8669a57d,"{""amount"": ""17.92"", ""remark"": """", ""tradeTime"": ""2025-07-12 12:38:55"", ""tradeStatus"": ""交易成功"", ""counterparty"": ""胖飞鸡汁抄手"", ""tradeOrderNo"": ""2025071222001445901444672603\t"", ""paymentMethod"": ""宁波银行信用卡(4573)&红包"", ""tradeCategory"": ""餐饮美食"", ""incomeOrExpense"": ""支出"", ""merchantOrderNo"": ""7512660000483300037895219150679813\t"", ""productDescription"": ""胖飞鸡汁抄手"", ""counterpartyAccount"": ""/""}",2025071222001445901444672603	,2025-07-12 12:38:55,17.92,OUT,胖飞鸡汁抄手,4573,胖飞鸡汁抄手 - 餐饮美食,16,2.0.0,0,2026-02-04 15:49:34,PARSED,3,2026-02-04 15:49:37,3,2026-02-04 15:49:37,0,餐饮美食
653,2,3,ALIPAY,PLATFORM_ORDER,893c983f2d1930b965ff170ef33234c6,"{""amount"": ""4.00"", ""remark"": """", ""tradeTime"": ""2025-07-12 12:30:37"", ""tradeStatus"": ""交易成功"", ""counterparty"": ""重庆城市通卡支付有限责任公司"", ""tradeOrderNo"": ""2025071222001445901448068505\t"", ""paymentMethod"": ""宁波银行信用卡(4573)"", ""tradeCategory"": ""交通出行"", ""incomeOrExpense"": ""支出"", ""merchantOrderNo"": ""920250712123035106361131\t"", ""productDescription"": ""重庆轨道交通-乘车(光电园2025-07-12 11:59:54-小什字2025-07-12 12:30:32)"", ""counterpartyAccount"": ""cqt***@163.com""}",2025071222001445901448068505	,2025-07-12 12:30:37,4.00,OUT,重庆城市通卡支付有限责任公司,4573,重庆轨道交通-乘车(光电园2025-07-12 11:59:54-小什字2025-07-12 12:30:32) - 交通出行,1701,2.0.0,0,2026-02-04 15:49:34,PARSED,3,2026-02-04 15:49:37,3,2026-02-04 15:49:37,0,公交地铁
654,2,3,ALIPAY,PLATFORM_ORDER,a71f992cc3369254b56c31c3284d3014,"{""amount"": ""43.45"", ""remark"": """", ""tradeTime"": ""2025-07-12 09:52:57"", ""tradeStatus"": ""交易成功"", ""counterparty"": ""淘宝闪购"", ""tradeOrderNo"": ""2025071222001145901442107985\t"", ""paymentMethod"": ""宁波银行信用卡(4573)&宁波银行立减金"", ""tradeCategory"": ""日用百货"", ""incomeOrExpense"": ""支出"", ""merchantOrderNo"": ""13090600725071259740086796052\t"", ""productDescription"": ""惠选生活超市(新牌坊店)"", ""counterpartyAccount"": ""ele***@service.aliyun.com""}",2025071222001145901442107985	,2025-07-12 09:52:57,43.45,OUT,淘宝闪购,4573,惠选生活超市(新牌坊店) - 日用百货,1803,2.0.0,0,2026-02-04 15:49:34,PARSED,3,2026-02-04 15:49:37,3,2026-02-04 15:49:37,0,网购
655,2,3,ALIPAY,PLATFORM_ORDER,86290cf99dc131ecfcd520ab3a0ba440,"{""amount"": ""4.00"", ""remark"": """", ""tradeTime"": ""2025-07-11 23:02:19"", ""tradeStatus"": ""交易成功"", ""counterparty"": ""重庆城市通卡支付有限责任公司"", ""tradeOrderNo"": ""2025071122001445901442917578\t"", ""paymentMethod"": ""宁波银行信用卡(4573)"", ""tradeCategory"": ""交通出行"", ""incomeOrExpense"": ""支出"", ""merchantOrderNo"": ""920250711230217106174633\t"", ""productDescription"": ""重庆轨道交通-乘车(江北城2025-07-11 22:38:06-光电园2025-07-11 23:02:10)"", ""counterpartyAccount"": ""cqt***@163.com""}",2025071122001445901442917578	,2025-07-11 23:02:19,4.00,OUT,重庆城市通卡支付有限责任公司,4573,重庆轨道交通-乘车(江北城2025-07-11 22:38:06-光电园2025-07-11 23:02:10) - 交通出行,1701,2.0.0,0,2026-02-04 15:49:34,PARSED,3,2026-02-04 15:49:37,3,2026-02-04 15:49:37,0,公交地铁
656,2,3,ALIPAY,PLATFORM_ORDER,29de13fc765a7b3945cf23f17f3e4542,"{""amount"": ""4.00"", ""remark"": """", ""tradeTime"": ""2025-07-11 21:38:38"", ""tradeStatus"": ""交易成功"", ""counterparty"": ""重庆城市通卡支付有限责任公司"", ""tradeOrderNo"": ""2025071122001445901443258778\t"", ""paymentMethod"": ""宁波银行信用卡(4573)"", ""tradeCategory"": ""交通出行"", ""incomeOrExpense"": ""支出"", ""merchantOrderNo"": ""920250711213835106128548\t"", ""productDescription"": ""重庆轨道交通-乘车(光电园2025-07-11 21:09:02-大剧院2025-07-11 21:38:34)"", ""counterpartyAccount"": ""cqt***@163.com""}",2025071122001445901443258778	,2025-07-11 21:38:38,4.00,OUT,重庆城市通卡支付有限责任公司,4573,重庆轨道交通-乘车(光电园2025-07-11 21:09:02-大剧院2025-07-11 21:38:34) - 交通出行,1701,2.0.0,0,2026-02-04 15:49:34,PARSED,3,2026-02-04 15:49:37,3,2026-02-04 15:49:37,0,公交地铁
657,2,3,ALIPAY,PLATFORM_ORDER,1742f62b76550824e8a6f90b35e1e597,"{""amount"": ""0.00"", ""remark"": """", ""tradeTime"": ""2025-07-08 23:16:04"", ""tradeStatus"": ""交易成功"", ""counterparty"": ""上海盒马"", ""tradeOrderNo"": ""2025070822001145901428083314\t"", ""paymentMethod"": """", ""tradeCategory"": ""餐饮美食"", ""incomeOrExpense"": ""支出"", ""merchantOrderNo"": ""T200P4621482866802343545\t"", ""productDescription"": ""泰森 冷鲜 鸡翅中 360g等多件"", ""counterpartyAccount"": ""shh***@163.com""}",2025070822001145901428083314	,2025-07-08 23:16:04,0.00,OUT,上海盒马,null,泰森 冷鲜 鸡翅中 360g等多件 - 餐饮美食,1801,2.0.0,0,2026-02-04 15:49:34,PARSED,3,2026-02-04 15:49:37,3,2026-02-04 15:49:37,0,超市
658,2,3,ALIPAY,PLATFORM_ORDER,9cf463e4047f1f40dd3f2f141e1daa54,"{""amount"": ""20.95"", ""remark"": """", ""tradeTime"": ""2025-07-08 08:26:52"", ""tradeStatus"": ""交易成功"", ""counterparty"": ""上海赫程国际旅行社有限公司"", ""tradeOrderNo"": ""2025070822001445901425448448\t"", ""paymentMethod"": ""宁波银行信用卡(4573)&宁波银行立减金"", ""tradeCategory"": ""酒店旅游"", ""incomeOrExpense"": ""支出"", ""merchantOrderNo"": ""20250708ALPP000902157304\t"", ""productDescription"": ""商旅会员酒店订单"", ""counterpartyAccount"": ""hcg***@trip.com""}",2025070822001445901425448448	,2025-07-08 08:26:52,20.95,OUT,上海赫程国际旅行社有限公司,4573,商旅会员酒店订单 - 酒店旅游,2110,2.0.0,0,2026-02-04 15:49:34,PARSED,3,2026-02-04 15:49:37,3,2026-02-04 15:49:37,0,旅游团
659,2,3,ALIPAY,PLATFORM_ORDER,6810865603503177d2d1652428ae7000,"{""amount"": ""21.67"", ""remark"": """", ""tradeTime"": ""2025-07-07 12:06:25"", ""tradeStatus"": ""交易成功"", ""counterparty"": ""顺旺基.现炒快餐（两江店）"", ""tradeOrderNo"": ""2025070722001445901422849433\t"", ""paymentMethod"": ""宁波银行信用卡(4573)&红包&碰一下立减"", ""tradeCategory"": ""餐饮美食"", ""incomeOrExpense"": ""支出"", ""merchantOrderNo"": ""T1148952342840565761\t"", ""productDescription"": ""【POS】_两江店_121048_无_无_无"", ""counterpartyAccount"": ""135******68""}",2025070722001445901422849433	,2025-07-07 12:06:25,21.67,OUT,顺旺基.现炒快餐（两江店）,4573,【POS】_两江店_121048_无_无_无 - 餐饮美食,1601,2.0.0,0,2026-02-04 15:49:34,PARSED,3,2026-02-04 15:49:37,3,2026-02-04 15:49:37,0,三餐
660,2,3,ALIPAY,PLATFORM_ORDER,3520b4f1bbfe9d9bfcfc55b95550bcf1,"{""amount"": ""19.95"", ""remark"": """", ""tradeTime"": ""2025-07-07 08:13:03"", ""tradeStatus"": ""交易成功"", ""counterparty"": ""上海赫程国际旅行社有限公司"", ""tradeOrderNo"": ""2025070722001445901420412685\t"", ""paymentMethod"": ""宁波银行信用卡(4573)&宁波银行立减金"", ""tradeCategory"": ""酒店旅游"", ""incomeOrExpense"": ""支出"", ""merchantOrderNo"": ""20250707ALPP000779449406\t"", ""productDescription"": ""商旅协议酒店订单"", ""counterpartyAccount"": ""hcg***@trip.com""}",2025070722001445901420412685	,2025-07-07 08:13:03,19.95,OUT,上海赫程国际旅行社有限公司,4573,商旅协议酒店订单 - 酒店旅游,2110,2.0.0,0,2026-02-04 15:49:34,PARSED,3,2026-02-04 15:49:37,3,2026-02-04 15:49:37,0,旅游团
661,2,3,ALIPAY,PLATFORM_ORDER,41f559e3209358a44fe8c88c70876d57,"{""amount"": ""32.50"", ""remark"": """", ""tradeTime"": ""2025-07-06 23:21:09"", ""tradeStatus"": ""交易成功"", ""counterparty"": ""滴滴出行"", ""tradeOrderNo"": ""2025070623001445901419824339\t"", ""paymentMethod"": ""宁波银行信用卡(4573)"", ""tradeCategory"": ""交通出行"", ""incomeOrExpense"": ""支出"", ""merchantOrderNo"": ""212_202507068379855801223103\t"", ""productDescription"": ""特惠快车打车-杨师傅-07月06日行程"", ""counterpartyAccount"": ""chu***@didichuxing.com""}",2025070623001445901419824339	,2025-07-06 23:21:09,32.50,OUT,滴滴出行,4573,特惠快车打车-杨师傅-07月06日行程 - 交通出行,1703,2.0.0,0,2026-02-04 15:49:34,PARSED,3,2026-02-04 15:49:37,3,2026-02-04 15:49:37,0,网约车
662,2,3,ALIPAY,PLATFORM_ORDER,9eeb63bf3372617e7cd3484414d5a22e,"{""amount"": ""18.31"", ""remark"": """", ""tradeTime"": ""2025-07-06 18:16:57"", ""tradeStatus"": ""交易成功"", ""counterparty"": ""滴滴出行"", ""tradeOrderNo"": ""2025070622001445901418727996\t"", ""paymentMethod"": ""宁波银行信用卡(4573)&宁波银行立减金"", ""tradeCategory"": ""交通出行"", ""incomeOrExpense"": ""支出"", ""merchantOrderNo"": ""210_202507068379636201272298\t"", ""productDescription"": ""滴滴快车打车-陈师傅-07月06日行程"", ""counterpartyAccount"": ""chu***@didichuxing.com""}",2025070622001445901418727996	,2025-07-06 18:16:57,18.31,OUT,滴滴出行,4573,滴滴快车打车-陈师傅-07月06日行程 - 交通出行,1703,2.0.0,0,2026-02-04 15:49:34,PARSED,3,2026-02-04 15:49:37,3,2026-02-04 15:49:37,0,网约车
663,2,3,ALIPAY,PLATFORM_ORDER,b14d32c3e944a85ea8975a681df5878a,"{""amount"": ""18.33"", ""remark"": """", ""tradeTime"": ""2025-07-06 18:16:36"", ""tradeStatus"": ""交易关闭"", ""counterparty"": ""滴滴出行"", ""tradeOrderNo"": ""2025070622001445901420560847\t"", ""paymentMethod"": ""宁波银行信用卡(4573)&宁波银行立减金"", ""tradeCategory"": ""交通出行"", ""incomeOrExpense"": ""支出"", ""merchantOrderNo"": ""210_202507068379635201998598\t"", ""productDescription"": ""滴滴快车打车-陈师傅-07月06日行程"", ""counterpartyAccount"": ""chu***@didichuxing.com""}",2025070622001445901420560847	,2025-07-06 18:16:36,18.33,OUT,滴滴出行,4573,滴滴快车打车-陈师傅-07月06日行程 - 交通出行,1703,2.0.0,0,2026-02-04 15:49:34,PARSED,3,2026-02-04 15:49:37,3,2026-02-04 15:49:37,0,网约车
664,2,3,ALIPAY,PLATFORM_ORDER,1646ebd075a88a5ec800d41459e4f101,"{""amount"": ""0.00"", ""remark"": """", ""tradeTime"": ""2025-07-06 09:19:20"", ""tradeStatus"": ""交易成功"", ""counterparty"": ""上海盒马"", ""tradeOrderNo"": ""2025070622001145901415214372\t"", ""paymentMethod"": """", ""tradeCategory"": ""餐饮美食"", ""incomeOrExpense"": ""支出"", ""merchantOrderNo"": ""T200P4616987331522343545\t"", ""productDescription"": ""【严选】 冰鲜 精切猪带皮五花肉 约400g(盒马日日鲜)等多件"", ""counterpartyAccount"": ""shh***@163.com""}",2025070622001145901415214372	,2025-07-06 09:19:20,0.00,OUT,上海盒马,null,【严选】 冰鲜 精切猪带皮五花肉 约400g(盒马日日鲜)等多件 - 餐饮美食,1605,2.0.0,0,2026-02-04 15:49:34,PARSED,3,2026-02-04 15:49:37,3,2026-02-04 15:49:37,0,买菜原料
665,2,3,ALIPAY,PLATFORM_ORDER,9ecba05fd64132318cbe2f2502031594,"{""amount"": ""0.00"", ""remark"": """", ""tradeTime"": ""2025-07-06 09:12:30"", ""tradeStatus"": ""交易成功"", ""counterparty"": ""上海盒马"", ""tradeOrderNo"": ""2025070622001145901415373883\t"", ""paymentMethod"": """", ""tradeCategory"": ""日用百货"", ""incomeOrExpense"": ""支出"", ""merchantOrderNo"": ""T200P4616976496000343545\t"", ""productDescription"": ""90天领菜卡"", ""counterpartyAccount"": ""shh***@163.com""}",2025070622001145901415373883	,2025-07-06 09:12:30,0.00,OUT,上海盒马,null,90天领菜卡 - 日用百货,1801,2.0.0,0,2026-02-04 15:49:34,PARSED,3,2026-02-04 15:49:37,3,2026-02-04 15:49:37,0,超市
666,2,3,ALIPAY,PLATFORM_ORDER,352776b76943fe316a8fe5dd1454bd40,"{""amount"": ""4.97"", ""remark"": """", ""tradeTime"": ""2025-07-05 18:33:41"", ""tradeStatus"": ""交易成功"", ""counterparty"": ""大亮烟杂店"", ""tradeOrderNo"": ""2025070522001445901417494508\t"", ""paymentMethod"": ""宁波银行信用卡(4573)&红包"", ""tradeCategory"": ""日用百货"", ""incomeOrExpense"": ""支出"", ""merchantOrderNo"": ""032017112400138479MTB20250705662100000001328571582\t"", ""productDescription"": ""上海市闵行区大亮杂货店扫码收款"", ""counterpartyAccount"": ""/""}",2025070522001445901417494508	,2025-07-05 18:33:41,4.97,OUT,大亮烟杂店,4573,上海市闵行区大亮杂货店扫码收款 - 日用百货,3704,2.0.0,0,2026-02-04 15:49:34,PARSED,3,2026-02-04 15:49:37,3,2026-02-04 15:49:37,0,转账入账
667,2,3,ALIPAY,PLATFORM_ORDER,4a74f2af62d385ecd8183e7c99ad33a1,"{""amount"": ""19.97"", ""remark"": """", ""tradeTime"": ""2025-07-05 18:29:29"", ""tradeStatus"": ""交易成功"", ""counterparty"": ""正宗重庆凉拌菜"", ""tradeOrderNo"": ""2025070522001445901414951194\t"", ""paymentMethod"": ""宁波银行信用卡(4573)&红包"", ""tradeCategory"": ""餐饮美食"", ""incomeOrExpense"": ""支出"", ""merchantOrderNo"": ""3312660000483100009941696535901667831808\t"", ""productDescription"": ""309820230173903368"", ""counterpartyAccount"": ""/""}",2025070522001445901414951194	,2025-07-05 18:29:29,19.97,OUT,正宗重庆凉拌菜,4573,309820230173903368 - 餐饮美食,16,2.0.0,0,2026-02-04 15:49:34,PARSED,3,2026-02-04 15:49:37,3,2026-02-04 15:49:37,0,餐饮美食
668,2,3,ALIPAY,PLATFORM_ORDER,f6c2c6d4d1fab365cd8cf7dfe2f75db7,"{""amount"": ""0.97"", ""remark"": """", ""tradeTime"": ""2025-07-05 18:25:04"", ""tradeStatus"": ""交易成功"", ""counterparty"": ""豆芽菜零售 批发"", ""tradeOrderNo"": ""2025070522001445901415059841\t"", ""paymentMethod"": ""花呗&红包"", ""tradeCategory"": ""餐饮美食"", ""incomeOrExpense"": ""支出"", ""merchantOrderNo"": ""17517111045712598445904\t"", ""productDescription"": ""收钱码收款"", ""counterpartyAccount"": ""158******88""}",2025070522001445901415059841	,2025-07-05 18:25:04,0.97,OUT,豆芽菜零售 批发,花呗&红包,收钱码收款 - 餐饮美食,3704,2.0.0,0,2026-02-04 15:49:34,PARSED,3,2026-02-04 15:49:37,3,2026-02-04 15:49:37,0,转账入账
669,2,3,ALIPAY,PLATFORM_ORDER,7eccf52ad4bf82d423a4044d36e61c7d,"{""amount"": ""9.77"", ""remark"": """", ""tradeTime"": ""2025-07-05 18:24:12"", ""tradeStatus"": ""交易成功"", ""counterparty"": ""山东菜店"", ""tradeOrderNo"": ""2025070522001445901417733886\t"", ""paymentMethod"": ""花呗&红包"", ""tradeCategory"": ""餐饮美食"", ""incomeOrExpense"": ""支出"", ""merchantOrderNo"": ""17517110521712598445904\t"", ""productDescription"": ""收钱码收款"", ""counterpartyAccount"": ""186******49""}",2025070522001445901417733886	,2025-07-05 18:24:12,9.77,OUT,山东菜店,花呗&红包,收钱码收款 - 餐饮美食,3704,2.0.0,0,2026-02-04 15:49:34,PARSED,3,2026-02-04 15:49:37,3,2026-02-04 15:49:37,0,转账入账
670,2,3,ALIPAY,PLATFORM_ORDER,68d8a6aae32b7e2fbefd1f3b5f456ad3,"{""amount"": ""24.23"", ""remark"": """", ""tradeTime"": ""2025-07-05 18:16:35"", ""tradeStatus"": ""交易成功"", ""counterparty"": ""滴滴出行"", ""tradeOrderNo"": ""2025070522001445901416860642\t"", ""paymentMethod"": ""宁波银行信用卡(4573)&宁波银行立减金&支付宝打车券"", ""tradeCategory"": ""交通出行"", ""incomeOrExpense"": ""支出"", ""merchantOrderNo"": ""210_202507058378804501290515\t"", ""productDescription"": ""滴滴快车打车-孟师傅-07月05日行程"", ""counterpartyAccount"": ""chu***@didichuxing.com""}",2025070522001445901416860642	,2025-07-05 18:16:35,24.23,OUT,滴滴出行,4573,滴滴快车打车-孟师傅-07月05日行程 - 交通出行,1703,2.0.0,0,2026-02-04 15:49:34,PARSED,3,2026-02-04 15:49:37,3,2026-02-04 15:49:37,0,网约车
671,2,3,ALIPAY,PLATFORM_ORDER,e0b73a9c72955d96fd0caef27f951b6d,"{""amount"": ""26.25"", ""remark"": """", ""tradeTime"": ""2025-07-05 18:16:11"", ""tradeStatus"": ""交易关闭"", ""counterparty"": ""滴滴出行"", ""tradeOrderNo"": ""2025070522001445901416603185\t"", ""paymentMethod"": ""宁波银行信用卡(4573)&宁波银行立减金"", ""tradeCategory"": ""交通出行"", ""incomeOrExpense"": ""支出"", ""merchantOrderNo"": ""210_202507058378800901498115\t"", ""productDescription"": ""滴滴快车打车-孟师傅-07月05日行程"", ""counterpartyAccount"": ""chu***@didichuxing.com""}",2025070522001445901416603185	,2025-07-05 18:16:11,26.25,OUT,滴滴出行,4573,滴滴快车打车-孟师傅-07月05日行程 - 交通出行,1703,2.0.0,0,2026-02-04 15:49:34,PARSED,3,2026-02-04 15:49:37,3,2026-02-04 15:49:37,0,网约车
672,2,3,ALIPAY,PLATFORM_ORDER,30fef01a2caa3235eb48da6c3c587fd9,"{""amount"": ""45.00"", ""remark"": """", ""tradeTime"": ""2025-07-05 09:11:34"", ""tradeStatus"": ""交易成功"", ""counterparty"": ""t***9"", ""tradeOrderNo"": ""2025070522001145901413002042\t"", ""paymentMethod"": ""花呗"", ""tradeCategory"": ""日用百货"", ""incomeOrExpense"": ""支出"", ""merchantOrderNo"": ""T200P4614964200740343545\t"", ""productDescription"": ""!!!（免费帮预约）请勿直接拍，先发地址时间查看是否可用!!"", ""counterpartyAccount"": ""186******95""}",2025070522001145901413002042	,2025-07-05 09:11:34,45.00,OUT,t***9,花呗,!!!（免费帮预约）请勿直接拍，先发地址时间查看是否可用!! - 日用百货,31,2.0.0,0,2026-02-04 15:49:34,PARSED,3,2026-02-04 15:49:37,3,2026-02-04 15:49:37,0,其他支出
673,2,3,ALIPAY,PLATFORM_ORDER,fddbad992b06a5c3f9c6104f5e7e2030,"{""amount"": ""39.99"", ""remark"": """", ""tradeTime"": ""2025-07-05 09:10:14"", ""tradeStatus"": ""交易关闭"", ""counterparty"": ""t***9"", ""tradeOrderNo"": ""2025070522001145901413643256\t"", ""paymentMethod"": ""花呗"", ""tradeCategory"": ""日用百货"", ""incomeOrExpense"": ""支出"", ""merchantOrderNo"": ""T200P4614965280113343545\t"", ""productDescription"": ""!!!（免费帮预约）请勿直接拍，先发地址时间查看是否可用!!"", ""counterpartyAccount"": ""186******95""}",2025070522001145901413643256	,2025-07-05 09:10:14,39.99,OUT,t***9,花呗,!!!（免费帮预约）请勿直接拍，先发地址时间查看是否可用!! - 日用百货,31,2.0.0,0,2026-02-04 15:49:34,PARSED,3,2026-02-04 15:49:37,3,2026-02-04 15:49:37,0,其他支出
674,2,3,ALIPAY,PLATFORM_ORDER,82b9511750faeb7db36d2c3469d9ccfd,"{""amount"": ""11.00"", ""remark"": """", ""tradeTime"": ""2025-07-04 12:11:34"", ""tradeStatus"": ""交易成功"", ""counterparty"": ""杭州柏鹿信息技术有限公司"", ""tradeOrderNo"": ""20250704020070011540900083772156\t"", ""paymentMethod"": """", ""tradeCategory"": ""转账红包"", ""incomeOrExpense"": ""收入"", ""merchantOrderNo"": ""XC165036252479986508\t"", ""productDescription"": ""小蚕提现"", ""counterpartyAccount"": ""/""}",20250704020070011540900083772156	,2025-07-04 12:11:34,11.00,IN,杭州柏鹿信息技术有限公司,null,小蚕提现 - 转账红包,3203,2.0.0,0,2026-02-04 15:49:34,PARSED,3,2026-02-04 15:49:37,3,2026-02-04 15:49:37,0,储蓄卡⇄支付平台
675,2,3,ALIPAY,PLATFORM_ORDER,e9138a961a15775771c36881f1e12a2f,"{""amount"": ""25.73"", ""remark"": """", ""tradeTime"": ""2025-07-03 18:27:17"", ""tradeStatus"": ""交易成功"", ""counterparty"": ""淘宝闪购"", ""tradeOrderNo"": ""2025070322001145901407501878\t"", ""paymentMethod"": ""宁波银行信用卡(4573)&宁波银行立减金"", ""tradeCategory"": ""餐饮美食"", ""incomeOrExpense"": ""支出"", ""merchantOrderNo"": ""13180600725070377383929796052\t"", ""productDescription"": ""香港喜汁糷·肥汁米线(爱琴海店)外卖订单"", ""counterpartyAccount"": ""e50***@alibaba-inc.com""}",2025070322001145901407501878	,2025-07-03 18:27:17,25.73,OUT,淘宝闪购,4573,香港喜汁糷·肥汁米线(爱琴海店)外卖订单 - 餐饮美食,1803,2.0.0,0,2026-02-04 15:49:34,PARSED,3,2026-02-04 15:49:37,3,2026-02-04 15:49:37,0,网购
676,2,3,ALIPAY,PLATFORM_ORDER,886601f25bbe3c791eae1bda01ae8a36,"{""amount"": ""14.19"", ""remark"": """", ""tradeTime"": ""2025-07-03 18:13:37"", ""tradeStatus"": ""交易成功"", ""counterparty"": ""云账户综合服务平台"", ""tradeOrderNo"": ""20250703020070011560900077873213\t"", ""paymentMethod"": """", ""tradeCategory"": ""转账红包"", ""incomeOrExpense"": ""收入"", ""merchantOrderNo"": ""1080291173421532069\t"", ""productDescription"": ""云账户"", ""counterpartyAccount"": ""/""}",20250703020070011560900077873213	,2025-07-03 18:13:37,14.19,IN,云账户综合服务平台,null,云账户 - 转账红包,3704,2.0.0,0,2026-02-04 15:49:34,PARSED,3,2026-02-04 15:49:37,3,2026-02-04 15:49:37,0,转账入账
677,2,3,ALIPAY,PLATFORM_ORDER,3a7223e4a352520add07305b8b8ee854,"{""amount"": ""2.00"", ""remark"": """", ""tradeTime"": ""2025-07-03 09:59:02"", ""tradeStatus"": ""交易成功"", ""counterparty"": ""上海公共交通卡股份有限公司"", ""tradeOrderNo"": ""2025070322001445901403720129\t"", ""paymentMethod"": ""宁波银行信用卡(4573)"", ""tradeCategory"": ""交通出行"", ""incomeOrExpense"": ""支出"", ""merchantOrderNo"": ""25070309590290400245\t"", ""productDescription"": ""上海公交-803路-2025-07-03 07:58:59"", ""counterpartyAccount"": ""jtk***@sptcc.com""}",2025070322001445901403720129	,2025-07-03 09:59:02,2.00,OUT,上海公共交通卡股份有限公司,4573,上海公交-803路-2025-07-03 07:58:59 - 交通出行,203,2.0.0,0,2026-02-04 15:49:34,PARSED,3,2026-02-04 15:49:37,3,2026-02-04 15:49:37,0,交通补贴
678,2,3,ALIPAY,PLATFORM_ORDER,dcedc49014b9ca42a91362fea19de58e,"{""amount"": ""2.64"", ""remark"": """", ""tradeTime"": ""2025-07-03 08:54:16"", ""tradeStatus"": ""交易成功"", ""counterparty"": ""上海都畅数字技术有限公司"", ""tradeOrderNo"": ""2025070322001445901406027402\t"", ""paymentMethod"": ""宁波银行信用卡(4573)&宁波银行立减"", ""tradeCategory"": ""交通出行"", ""incomeOrExpense"": ""支出"", ""merchantOrderNo"": ""20250703085414802072033262126261\t"", ""productDescription"": ""七宝-漕河泾开发区"", ""counterpartyAccount"": ""dom***@metrofastpass.com""}",2025070322001445901406027402	,2025-07-03 08:54:16,2.64,OUT,上海都畅数字技术有限公司,4573,七宝-漕河泾开发区 - 交通出行,203,2.0.0,0,2026-02-04 15:49:34,PARSED,3,2026-02-04 15:49:37,3,2026-02-04 15:49:37,0,交通补贴
679,2,3,ALIPAY,PLATFORM_ORDER,1e1e63c3c84e66abad7d625a4166572d,"{""amount"": ""2.00"", ""remark"": """", ""tradeTime"": ""2025-07-02 23:22:22"", ""tradeStatus"": ""交易成功"", ""counterparty"": ""上海公共交通卡股份有限公司"", ""tradeOrderNo"": ""2025070222001445901407088034\t"", ""paymentMethod"": ""宁波银行信用卡(4573)"", ""tradeCategory"": ""交通出行"", ""incomeOrExpense"": ""支出"", ""merchantOrderNo"": ""25070223222290300030\t"", ""productDescription"": ""上海公交-803路-2025-07-02 21:22:19"", ""counterpartyAccount"": ""jtk***@sptcc.com""}",2025070222001445901407088034	,2025-07-02 23:22:22,2.00,OUT,上海公共交通卡股份有限公司,4573,上海公交-803路-2025-07-02 21:22:19 - 交通出行,203,2.0.0,0,2026-02-04 15:49:34,PARSED,3,2026-02-04 15:49:37,3,2026-02-04 15:49:37,0,交通补贴
680,2,3,ALIPAY,PLATFORM_ORDER,2891cbcaba44f830f161d381e724d8b2,"{""amount"": ""3.01"", ""remark"": """", ""tradeTime"": ""2025-07-02 22:21:11"", ""tradeStatus"": ""交易成功"", ""counterparty"": ""云账户综合服务平台"", ""tradeOrderNo"": ""20250702020070011580900070253770\t"", ""paymentMethod"": """", ""tradeCategory"": ""转账红包"", ""incomeOrExpense"": ""收入"", ""merchantOrderNo"": ""1079990992461348979\t"", ""productDescription"": ""云账户"", ""counterpartyAccount"": ""/""}",20250702020070011580900070253770	,2025-07-02 22:21:11,3.01,IN,云账户综合服务平台,null,云账户 - 转账红包,3704,2.0.0,0,2026-02-04 15:49:34,PARSED,3,2026-02-04 15:49:37,3,2026-02-04 15:49:37,0,转账入账
681,2,3,ALIPAY,PLATFORM_ORDER,fe97867415b4f26ab038149b36ff1db6,"{""amount"": ""2.64"", ""remark"": """", ""tradeTime"": ""2025-07-02 21:25:05"", ""tradeStatus"": ""交易成功"", ""counterparty"": ""上海都畅数字技术有限公司"", ""tradeOrderNo"": ""2025070222001445901406857927\t"", ""paymentMethod"": ""宁波银行信用卡(4573)&宁波银行立减"", ""tradeCategory"": ""交通出行"", ""incomeOrExpense"": ""支出"", ""merchantOrderNo"": ""20250702212504152072033218925715\t"", ""productDescription"": ""漕河泾开发区-七宝"", ""counterpartyAccount"": ""dom***@metrofastpass.com""}",2025070222001445901406857927	,2025-07-02 21:25:05,2.64,OUT,上海都畅数字技术有限公司,4573,漕河泾开发区-七宝 - 交通出行,203,2.0.0,0,2026-02-04 15:49:34,PARSED,3,2026-02-04 15:49:37,3,2026-02-04 15:49:37,0,交通补贴
15,1,3,JD,PLATFORM_ORDER,5ca60763f7c27804d19fa99b55ddb839,"{""amount"": ""14.80"", ""remark"": ""计入12月账单，还款日2025-12-27\t"", ""tradeTime"": ""2025-11-26 11:23:34\t"", ""tradeStatus"": ""交易成功"", ""merchantName"": ""京东外卖"", ""tradeOrderNo"": ""327059524467\t"", ""paymentMethod"": ""京东白条"", ""tradeCategory"": ""食品酒饮"", ""incomeOrExpense"": ""支出"", ""merchantOrderNo"": ""11563462511261123340246215829\t"", ""tradeDescription"": ""香菇肉丝盖浇饭 1份""}",327059524467	,2025-11-26 11:23:34,14.80,OUT,京东外卖,JD_BAITIAO,香菇肉丝盖浇饭 1份 - 食品酒饮 (计入12月账单，还款日2025-12-27	),1602,2.0.0,0,2026-02-04 15:49:32,PARSED,3,2026-02-04 15:49:32,3,2026-02-04 15:49:32,0,外卖
14,1,3,JD,PLATFORM_ORDER,baba0d4cfe3ba9b556eee2a289cf5b9a,"{""amount"": ""30.50"", ""remark"": "" "", ""tradeTime"": ""2025-11-28 11:08:11\t"", ""tradeStatus"": ""交易成功"", ""merchantName"": ""京东外卖"", ""tradeOrderNo"": ""344517279618\t"", ""paymentMethod"": ""招商银行储蓄卡(6527)"", ""tradeCategory"": ""食品酒饮 其他网购"", ""incomeOrExpense"": ""支出"", ""merchantOrderNo"": ""14083482511281108110881426842\t"", ""tradeDescription"": ""鸡蛋番茄面 1人份 等多件""}",344517279618	,2025-11-28 11:08:11,30.50,OUT,京东外卖,6527,鸡蛋番茄面 1人份 等多件 - 食品酒饮 其他网购 ( ),1602,2.0.0,0,2026-02-04 15:49:32,PARSED,3,2026-02-04 15:49:32,3,2026-02-04 15:49:32,0,外卖
13,1,3,JD,PLATFORM_ORDER,8aa48bb4ad5430332d4037e196135bf2,"{""amount"": ""46.47"", ""remark"": "" "", ""tradeTime"": ""2025-11-28 12:46:24\t"", ""tradeStatus"": ""交易成功"", ""merchantName"": ""京东小金库"", ""tradeOrderNo"": ""20251128037011892902\t"", ""paymentMethod"": ""招商银行储蓄卡(6527)"", ""tradeCategory"": ""小金库"", ""incomeOrExpense"": ""不计收支"", ""merchantOrderNo"": ""10202511281246240026915731684\t"", ""tradeDescription"": ""白条主动还款-转入""}",20251128037011892902	,2025-11-28 12:46:24,46.47,OUT,京东小金库,6527,白条主动还款-转入 - 小金库 ( ),2503,2.0.0,0,2026-02-04 15:49:32,PARSED,3,2026-02-04 15:49:32,3,2026-02-04 15:49:32,0,消费贷
12,1,3,JD,PLATFORM_ORDER,437d7d120a1a0052bce59e1239143c98,"{""amount"": ""46.47"", ""remark"": ""还款至11月账单\t"", ""tradeTime"": ""2025-11-28 12:46:24\t"", ""tradeStatus"": ""还款成功"", ""merchantName"": ""京东白条"", ""tradeOrderNo"": ""2511280114583100153\t"", ""paymentMethod"": ""京东小金库"", ""tradeCategory"": ""白条"", ""incomeOrExpense"": ""不计收支"", ""merchantOrderNo"": ""6393252511281246240095886691\t"", ""tradeDescription"": ""白条主动还款""}",2511280114583100153	,2025-11-28 12:46:24,46.47,OUT,京东白条,JD_PAY,白条主动还款 - 白条 (还款至11月账单	),2503,2.0.0,0,2026-02-04 15:49:32,PARSED,3,2026-02-04 15:49:32,3,2026-02-04 15:49:32,0,消费贷
11,1,3,JD,PLATFORM_ORDER,ed54b21303e39b6c28c038d925c80efa,"{""amount"": ""12.80"", ""remark"": ""计入12月账单，还款日2025-12-27\t"", ""tradeTime"": ""2025-12-01 10:55:53\t"", ""tradeStatus"": ""交易成功"", ""merchantName"": ""京东外卖"", ""tradeOrderNo"": ""344713897098\t"", ""paymentMethod"": ""京东白条"", ""tradeCategory"": ""食品酒饮"", ""incomeOrExpense"": ""支出"", ""merchantOrderNo"": ""11563632512011055530901576842\t"", ""tradeDescription"": ""青椒肉丝盖饭 1份""}",344713897098	,2025-12-01 10:55:53,12.80,OUT,京东外卖,JD_BAITIAO,青椒肉丝盖饭 1份 - 食品酒饮 (计入12月账单，还款日2025-12-27	),1602,2.0.0,0,2026-02-04 15:49:32,PARSED,3,2026-02-04 15:49:32,3,2026-02-04 15:49:32,0,外卖
10,1,3,JD,PLATFORM_ORDER,3afe29dd312f48eebd9bdbb9962f591c,"{""amount"": ""9.80"", ""remark"": ""计入12月账单，还款日2025-12-27\t"", ""tradeTime"": ""2025-12-02 10:59:46\t"", ""tradeStatus"": ""交易成功"", ""merchantName"": ""京东外卖"", ""tradeOrderNo"": ""327189953143\t"", ""paymentMethod"": ""京东白条"", ""tradeCategory"": ""食品酒饮"", ""incomeOrExpense"": ""支出"", ""merchantOrderNo"": ""11563442512021059460870723482\t"", ""tradeDescription"": ""招牌鸡腿套餐饭 1份""}",327189953143	,2025-12-02 10:59:46,9.80,OUT,京东外卖,JD_BAITIAO,招牌鸡腿套餐饭 1份 - 食品酒饮 (计入12月账单，还款日2025-12-27	),1602,2.0.0,0,2026-02-04 15:49:32,PARSED,3,2026-02-04 15:49:32,3,2026-02-04 15:49:32,0,外卖
9,1,3,JD,PLATFORM_ORDER,3afcaccc94cbe66ee55a1b907f79fdf2,"{""amount"": ""8.80"", ""remark"": ""计入12月账单，还款日2025-12-27\t"", ""tradeTime"": ""2025-12-03 11:18:57\t"", ""tradeStatus"": ""交易成功"", ""merchantName"": ""京东外卖"", ""tradeOrderNo"": ""327383436048\t"", ""paymentMethod"": ""京东白条"", ""tradeCategory"": ""食品酒饮"", ""incomeOrExpense"": ""支出"", ""merchantOrderNo"": ""11563312512031118570316253036\t"", ""tradeDescription"": ""老北京炸酱面 1份 等多件""}",327383436048	,2025-12-03 11:18:57,8.80,OUT,京东外卖,JD_BAITIAO,老北京炸酱面 1份 等多件 - 食品酒饮 (计入12月账单，还款日2025-12-27	),1602,2.0.0,0,2026-02-04 15:49:32,PARSED,3,2026-02-04 15:49:32,3,2026-02-04 15:49:32,0,外卖
8,1,3,JD,PLATFORM_ORDER,dd17a1f6f091dcfd0dc63c82e968f3c4,"{""amount"": ""79.70"", ""remark"": ""计入12月账单，还款日2025-12-27\t"", ""tradeTime"": ""2025-12-06 10:52:13\t"", ""tradeStatus"": ""交易成功"", ""merchantName"": ""京东外卖"", ""tradeOrderNo"": ""3339235001093309\t"", ""paymentMethod"": ""京东白条"", ""tradeCategory"": ""食品酒饮"", ""incomeOrExpense"": ""支出"", ""merchantOrderNo"": ""11563462512061052130113135296\t"", ""tradeDescription"": ""【镇店之宝】烤兔后腿5个装（真空包装） 默认""}",3339235001093309	,2025-12-06 10:52:13,79.70,OUT,京东外卖,JD_BAITIAO,【镇店之宝】烤兔后腿5个装（真空包装） 默认 - 食品酒饮 (计入12月账单，还款日2025-12-27	),1602,2.0.0,0,2026-02-04 15:49:32,PARSED,3,2026-02-04 15:49:32,3,2026-02-04 15:49:32,0,外卖
7,1,3,JD,PLATFORM_ORDER,a4d5376223865f39b3fefe66b3049a19,"{""amount"": ""11.90"", ""remark"": ""计入12月账单，还款日2025-12-27\t"", ""tradeTime"": ""2025-12-08 11:21:15\t"", ""tradeStatus"": ""交易成功"", ""merchantName"": ""京东外卖"", ""tradeOrderNo"": ""3341235011324094\t"", ""paymentMethod"": ""京东白条"", ""tradeCategory"": ""食品酒饮"", ""incomeOrExpense"": ""支出"", ""merchantOrderNo"": ""11563312512081121150773194443\t"", ""tradeDescription"": ""【热销】鲜肉小馄饨 一人份""}",3341235011324094	,2025-12-08 11:21:15,11.90,OUT,京东外卖,JD_BAITIAO,【热销】鲜肉小馄饨 一人份 - 食品酒饮 (计入12月账单，还款日2025-12-27	),1602,2.0.0,0,2026-02-04 15:49:32,PARSED,3,2026-02-04 15:49:32,3,2026-02-04 15:49:32,0,外卖
6,1,3,JD,PLATFORM_ORDER,390c0386325e78cbf0ce425437ab215a,"{""amount"": ""13.80"", ""remark"": ""计入12月账单，还款日2025-12-27\t"", ""tradeTime"": ""2025-12-10 11:28:58\t"", ""tradeStatus"": ""交易成功"", ""merchantName"": ""京东外卖"", ""tradeOrderNo"": ""3343235002153040\t"", ""paymentMethod"": ""京东白条"", ""tradeCategory"": ""食品酒饮"", ""incomeOrExpense"": ""支出"", ""merchantOrderNo"": ""11561962512101128580021664413\t"", ""tradeDescription"": ""猛火炒饭（口味随心选） 牛肉炒饭""}",3343235002153040	,2025-12-10 11:28:58,13.80,OUT,京东外卖,JD_BAITIAO,猛火炒饭（口味随心选） 牛肉炒饭 - 食品酒饮 (计入12月账单，还款日2025-12-27	),1602,2.0.0,0,2026-02-04 15:49:32,PARSED,3,2026-02-04 15:49:32,3,2026-02-04 15:49:32,0,外卖
5,1,3,JD,PLATFORM_ORDER,f47e2d88d4f3fbd0b8dbf089fd61fb5a,"{""amount"": ""11.30"", ""remark"": ""计入12月账单，还款日2025-12-27\t"", ""tradeTime"": ""2025-12-11 11:02:20\t"", ""tradeStatus"": ""交易成功"", ""merchantName"": ""京东外卖"", ""tradeOrderNo"": ""3344235002400880\t"", ""paymentMethod"": ""京东白条"", ""tradeCategory"": ""食品酒饮 其他网购"", ""incomeOrExpense"": ""支出"", ""merchantOrderNo"": ""11563712512111102200497407150\t"", ""tradeDescription"": ""爆品！口水鸡+菜饭套餐 默认 等多件""}",3344235002400880	,2025-12-11 11:02:20,11.30,OUT,京东外卖,JD_BAITIAO,爆品！口水鸡+菜饭套餐 默认 等多件 - 食品酒饮 其他网购 (计入12月账单，还款日2025-12-27	),1602,2.0.0,0,2026-02-04 15:49:32,PARSED,3,2026-02-04 15:49:32,3,2026-02-04 15:49:32,0,外卖
4,1,3,JD,PLATFORM_ORDER,e421b4642e207912d15c884dfbf9b951,"{""amount"": ""10.59"", ""remark"": ""计入12月账单，还款日2025-12-27\t"", ""tradeTime"": ""2025-12-17 11:27:05\t"", ""tradeStatus"": ""交易成功"", ""merchantName"": ""京东外卖"", ""tradeOrderNo"": ""3350235013473422\t"", ""paymentMethod"": ""京东白条"", ""tradeCategory"": ""食品酒饮 其他网购"", ""incomeOrExpense"": ""支出"", ""merchantOrderNo"": ""11563712512171127050564657172\t"", ""tradeDescription"": ""雪菜/青菜肉丝汤面/粉 雪菜肉丝细粉 等多件""}",3350235013473422	,2025-12-17 11:27:05,10.59,OUT,京东外卖,JD_BAITIAO,雪菜/青菜肉丝汤面/粉 雪菜肉丝细粉 等多件 - 食品酒饮 其他网购 (计入12月账单，还款日2025-12-27	),1602,2.0.0,0,2026-02-04 15:49:32,PARSED,3,2026-02-04 15:49:32,3,2026-02-04 15:49:32,0,外卖
51,1,3,JD,PLATFORM_ORDER,291dbca0f01e895d1eabc802347776a8,"{""amount"": ""0.48"", ""remark"": ""计入1月账单，还款日2025-01-27\t"", ""tradeTime"": ""2025-01-05 17:52:09\t"", ""tradeStatus"": ""交易成功"", ""merchantName"": ""京东支付"", ""tradeOrderNo"": ""202501051751392017510836952296\t"", ""paymentMethod"": ""京东白条"", ""tradeCategory"": ""其他"", ""incomeOrExpense"": ""支出"", ""merchantOrderNo"": ""20250105175139241013035022901243\t"", ""tradeDescription"": ""丰巢智能柜""}",202501051751392017510836952296	,2025-01-05 17:52:09,0.48,OUT,京东支付,JD_BAITIAO,丰巢智能柜 - 其他 (计入1月账单，还款日2025-01-27	),1803,2.0.0,0,2026-02-04 15:49:32,PARSED,3,2026-02-04 15:49:33,3,2026-02-04 15:49:33,0,网购
50,1,3,JD,PLATFORM_ORDER,e309dbe74a44bc48f493caba962b7a65,"{""amount"": ""29.80"", ""remark"": ""计入2月账单，还款日2025-02-27\t"", ""tradeTime"": ""2025-01-27 14:29:48\t"", ""tradeStatus"": ""交易成功"", ""merchantName"": ""京东支付"", ""tradeOrderNo"": ""202501271429362018780923382383\t"", ""paymentMethod"": ""京东白条"", ""tradeCategory"": ""其他"", ""incomeOrExpense"": ""支出"", ""merchantOrderNo"": ""CPR250127142936579224519172C\t"", ""tradeDescription"": ""成都哈拜网络科技有限公司""}",202501271429362018780923382383	,2025-01-27 14:29:48,29.80,OUT,京东支付,JD_BAITIAO,成都哈拜网络科技有限公司 - 其他 (计入2月账单，还款日2025-02-27	),1803,2.0.0,0,2026-02-04 15:49:32,PARSED,3,2026-02-04 15:49:33,3,2026-02-04 15:49:33,0,网购
49,1,3,JD,PLATFORM_ORDER,835f3de5172f6e0541c25c9709ce2c66,"{""amount"": ""172.43"", ""remark"": ""还款至01月账单\t"", ""tradeTime"": ""2025-02-02 09:52:51\t"", ""tradeStatus"": ""还款成功"", ""merchantName"": ""京东白条"", ""tradeOrderNo"": ""2502020103554600059\t"", ""paymentMethod"": ""招商银行储蓄卡(6527)"", ""tradeCategory"": ""白条"", ""incomeOrExpense"": ""不计收支"", ""merchantOrderNo"": ""5861752502020952500663694211\t"", ""tradeDescription"": ""白条主动还款""}",2502020103554600059	,2025-02-02 09:52:51,172.43,OUT,京东白条,6527,白条主动还款 - 白条 (还款至01月账单	),2503,2.0.0,0,2026-02-04 15:49:32,PARSED,3,2026-02-04 15:49:33,3,2026-02-04 15:49:33,0,消费贷
48,1,3,JD,PLATFORM_ORDER,39dee7f3ca9f72452200b4de2419745e,"{""amount"": ""0.98"", ""remark"": ""计入2月账单，还款日2025-02-27\t"", ""tradeTime"": ""2025-02-13 20:32:07\t"", ""tradeStatus"": ""交易成功"", ""merchantName"": ""京东支付"", ""tradeOrderNo"": ""202502132032012014620300752117\t"", ""paymentMethod"": ""京东白条"", ""tradeCategory"": ""其他"", ""incomeOrExpense"": ""支出"", ""merchantOrderNo"": ""20250213203201488062035731208243\t"", ""tradeDescription"": ""丰巢智能柜""}",202502132032012014620300752117	,2025-02-13 20:32:07,0.98,OUT,京东支付,JD_BAITIAO,丰巢智能柜 - 其他 (计入2月账单，还款日2025-02-27	),1803,2.0.0,0,2026-02-04 15:49:32,PARSED,3,2026-02-04 15:49:33,3,2026-02-04 15:49:33,0,网购
47,1,3,JD,PLATFORM_ORDER,dee5f5aa7d69cebda93c9f165f7cf386,"{""amount"": ""0.80"", ""remark"": ""计入3月账单，还款日2025-03-27\t"", ""tradeTime"": ""2025-02-19 20:13:12\t"", ""tradeStatus"": ""交易成功"", ""merchantName"": ""京东支付"", ""tradeOrderNo"": ""202502192013022017110824920266\t"", ""paymentMethod"": ""京东白条"", ""tradeCategory"": ""其他"", ""incomeOrExpense"": ""支出"", ""merchantOrderNo"": ""CPR250219201302579224519172G\t"", ""tradeDescription"": ""上海哈啰普惠科技有限公司""}",202502192013022017110824920266	,2025-02-19 20:13:12,0.80,OUT,京东支付,JD_BAITIAO,上海哈啰普惠科技有限公司 - 其他 (计入3月账单，还款日2025-03-27	),1803,2.0.0,0,2026-02-04 15:49:32,PARSED,3,2026-02-04 15:49:33,3,2026-02-04 15:49:33,0,网购
46,1,3,JD,PLATFORM_ORDER,97841be45b0d5c37fc8afe920f2b6a67,"{""amount"": ""0.48"", ""remark"": ""计入3月账单，还款日2025-03-27\t"", ""tradeTime"": ""2025-02-24 20:32:52\t"", ""tradeStatus"": ""交易成功"", ""merchantName"": ""京东支付"", ""tradeOrderNo"": ""202502242032462018200184150423\t"", ""paymentMethod"": ""京东白条"", ""tradeCategory"": ""其他"", ""incomeOrExpense"": ""支出"", ""merchantOrderNo"": ""20250224203246771062035741208243\t"", ""tradeDescription"": ""丰巢智能柜""}",202502242032462018200184150423	,2025-02-24 20:32:52,0.48,OUT,京东支付,JD_BAITIAO,丰巢智能柜 - 其他 (计入3月账单，还款日2025-03-27	),1803,2.0.0,0,2026-02-04 15:49:32,PARSED,3,2026-02-04 15:49:33,3,2026-02-04 15:49:33,0,网购
2,1,3,JD,PLATFORM_ORDER,3940d93ab5d07237361185ae458d5ab8,"{""amount"": ""16.56"", ""remark"": ""计入1月账单，还款日2026-01-27\t"", ""tradeTime"": ""2025-12-19 10:54:15\t"", ""tradeStatus"": ""交易成功"", ""merchantName"": ""京东外卖"", ""tradeOrderNo"": ""3352235013964402\t"", ""paymentMethod"": ""京东白条"", ""tradeCategory"": ""食品酒饮"", ""incomeOrExpense"": ""支出"", ""merchantOrderNo"": ""11553852512191054150871672550\t"", ""tradeDescription"": ""【热销】荠菜鸡蛋鲜肉馄饨 210克 等多件""}",3352235013964402	,2025-12-19 10:54:15,16.56,OUT,京东外卖,JD_BAITIAO,【热销】荠菜鸡蛋鲜肉馄饨 210克 等多件 - 食品酒饮 (计入1月账单，还款日2026-01-27	),1602,2.0.0,0,2026-02-04 15:49:32,PARSED,3,2026-02-04 15:49:32,3,2026-02-04 15:49:32,0,外卖
44,1,3,JD,PLATFORM_ORDER,1ef075ea4767072d2759d281bc231868,"{""amount"": ""181.02"", ""remark"": ""计入4月账单，还款日2025-04-27\t"", ""tradeTime"": ""2025-04-05 11:27:04\t"", ""tradeStatus"": ""交易成功"", ""merchantName"": ""京东平台商户"", ""tradeOrderNo"": ""312609108076\t"", ""paymentMethod"": ""京东白条"", ""tradeCategory"": ""数码电器 日用百货"", ""incomeOrExpense"": ""支出"", ""merchantOrderNo"": ""11561072504051127040908576337\t"", ""tradeDescription"": ""米家小米空气炸锅N1 家用多功能电炸锅 微蒸汽嫩烤 透明可视化免翻面 金属内腔不沾锅 大容量5升 等多件""}",312609108076	,2025-04-05 11:27:04,181.02,OUT,京东平台商户,JD_BAITIAO,米家小米空气炸锅N1 家用多功能电炸锅 微蒸汽嫩烤 透明可视化免翻面 金属内腔不沾锅 大容量5升 等多件 - 数码电器 日用百货 (计入4月账单，还款日2025-04-27	),1803,2.0.0,0,2026-02-04 15:49:32,PARSED,3,2026-02-04 15:49:33,3,2026-02-04 15:49:33,0,网购
3,1,3,JD,PLATFORM_ORDER,dd3f5aaf9041369155919d0e0330de86,"{""amount"": ""13.88"", ""remark"": ""计入1月账单，还款日2026-01-27\t"", ""tradeTime"": ""2025-12-18 11:19:36\t"", ""tradeStatus"": ""交易成功"", ""merchantName"": ""京东外卖"", ""tradeOrderNo"": ""3351235013723465\t"", ""paymentMethod"": ""京东白条"", ""tradeCategory"": ""食品酒饮"", ""incomeOrExpense"": ""支出"", ""merchantOrderNo"": ""11553722512181119360998588838\t"", ""tradeDescription"": ""鸭腿面/粉 鸭腿细粉""}",3351235013723465	,2025-12-18 11:19:36,13.88,OUT,京东外卖,JD_BAITIAO,鸭腿面/粉 鸭腿细粉 - 食品酒饮 (计入1月账单，还款日2026-01-27	),1602,2.0.0,0,2026-02-04 15:49:32,PARSED,3,2026-02-04 15:49:32,3,2026-02-04 15:49:32,0,外卖
43,1,3,JD,PLATFORM_ORDER,e39c18ae640f67f06f721d179a160705,"{""amount"": ""182.30"", ""remark"": ""还款至多月账单\t"", ""tradeTime"": ""2025-04-26 19:40:10\t"", ""tradeStatus"": ""还款成功"", ""merchantName"": ""京东白条"", ""tradeOrderNo"": ""2504260107061200046\t"", ""paymentMethod"": ""京东小金库"", ""tradeCategory"": ""白条"", ""incomeOrExpense"": ""不计收支"", ""merchantOrderNo"": ""17753022504261940100665467320\t"", ""tradeDescription"": ""白条主动还款""}",2504260107061200046	,2025-04-26 19:40:10,182.30,OUT,京东白条,JD_PAY,白条主动还款 - 白条 (还款至多月账单	),2503,2.0.0,0,2026-02-04 15:49:32,PARSED,3,2026-02-04 15:49:33,3,2026-02-04 15:49:33,0,消费贷
42,1,3,JD,PLATFORM_ORDER,0f181bb777202f61711dd03f698e19db,"{""amount"": ""21.89"", ""remark"": "" "", ""tradeTime"": ""2025-05-08 12:05:36\t"", ""tradeStatus"": ""交易成功"", ""merchantName"": ""京东外卖"", ""tradeOrderNo"": ""313948705660\t"", ""paymentMethod"": ""招商银行储蓄卡(6527)"", ""tradeCategory"": ""食品酒饮 其他网购"", ""incomeOrExpense"": ""支出"", ""merchantOrderNo"": ""14082972505081205360251126016\t"", ""tradeDescription"": ""【加量50%】地锅鸡 无主食 等多件""}",313948705660	,2025-05-08 12:05:36,21.89,OUT,京东外卖,6527,【加量50%】地锅鸡 无主食 等多件 - 食品酒饮 其他网购 ( ),1602,2.0.0,0,2026-02-04 15:49:32,PARSED,3,2026-02-04 15:49:33,3,2026-02-04 15:49:33,0,外卖
41,1,3,JD,PLATFORM_ORDER,d08cd061e700d8127955c49e860e471d,"{""amount"": ""61.29(已退款22.22)"", ""remark"": ""计入7月账单，还款日2025-07-27\t"", ""tradeTime"": ""2025-06-20 19:04:30\t"", ""tradeStatus"": ""交易成功"", ""merchantName"": ""京东平台商户"", ""tradeOrderNo"": ""322416563969\t"", ""paymentMethod"": ""京东白条"", ""tradeCategory"": ""图书文娱"", ""incomeOrExpense"": ""支出"", ""merchantOrderNo"": ""11563072506201904300709689896\t"", ""tradeDescription"": ""一脚踏进物理世界3-6岁物理启蒙科普绘本小猛犸童书(平装9册) 等多件""}",322416563969	,2025-06-20 19:04:30,0.00,OUT,京东平台商户,JD_BAITIAO,一脚踏进物理世界3-6岁物理启蒙科普绘本小猛犸童书(平装9册) 等多件 - 图书文娱 (计入7月账单，还款日2025-07-27	),1803,2.0.0,0,2026-02-04 15:49:32,PARSED,3,2026-02-04 15:49:33,3,2026-02-04 15:49:33,0,网购
40,1,3,JD,PLATFORM_ORDER,1ddaed5d6fda8abaf1d3e130073f0b6b,"{""amount"": ""10.99"", ""remark"": ""计入7月账单，还款日2025-07-27\t"", ""tradeTime"": ""2025-07-04 10:44:27\t"", ""tradeStatus"": ""交易成功"", ""merchantName"": ""京东外卖"", ""tradeOrderNo"": ""324424913388\t"", ""paymentMethod"": ""京东白条"", ""tradeCategory"": ""食品酒饮 其他网购"", ""incomeOrExpense"": ""支出"", ""merchantOrderNo"": ""11561062507041044270926165221\t"", ""tradeDescription"": ""【温】藤椒鸡腿肉意大利面 500克 等多件""}",324424913388	,2025-07-04 10:44:27,10.99,OUT,京东外卖,JD_BAITIAO,【温】藤椒鸡腿肉意大利面 500克 等多件 - 食品酒饮 其他网购 (计入7月账单，还款日2025-07-27	),1602,2.0.0,0,2026-02-04 15:49:32,PARSED,3,2026-02-04 15:49:33,3,2026-02-04 15:49:33,0,外卖
39,1,3,JD,PLATFORM_ORDER,be986ee6213017a66755f5f2b9633772,"{""amount"": ""30.89"", ""remark"": ""计入8月账单，还款日2025-08-27\t"", ""tradeTime"": ""2025-07-22 10:54:24\t"", ""tradeStatus"": ""交易成功"", ""merchantName"": ""京东外卖"", ""tradeOrderNo"": ""319404341405\t"", ""paymentMethod"": ""京东白条"", ""tradeCategory"": ""食品酒饮"", ""incomeOrExpense"": ""支出"", ""merchantOrderNo"": ""11563122507221054240616146948\t"", ""tradeDescription"": ""超大份·地锅鸡 无主食 等多件""}",319404341405	,2025-07-22 10:54:24,30.89,OUT,京东外卖,JD_BAITIAO,超大份·地锅鸡 无主食 等多件 - 食品酒饮 (计入8月账单，还款日2025-08-27	),1602,2.0.0,0,2026-02-04 15:49:32,PARSED,3,2026-02-04 15:49:33,3,2026-02-04 15:49:33,0,外卖
38,1,3,JD,PLATFORM_ORDER,6712e5516305556dfed85f439de7b1b6,"{""amount"": ""19.80"", ""remark"": ""计入8月账单，还款日2025-08-27\t"", ""tradeTime"": ""2025-07-28 10:59:57\t"", ""tradeStatus"": ""交易成功"", ""merchantName"": ""京东外卖"", ""tradeOrderNo"": ""319725323194\t"", ""paymentMethod"": ""京东白条"", ""tradeCategory"": ""食品酒饮"", ""incomeOrExpense"": ""支出"", ""merchantOrderNo"": ""11563102507281059570297932987\t"", ""tradeDescription"": ""强推丨鲜椒碎牛肉拌饺 25只 等多件""}",319725323194	,2025-07-28 10:59:57,19.80,OUT,京东外卖,JD_BAITIAO,强推丨鲜椒碎牛肉拌饺 25只 等多件 - 食品酒饮 (计入8月账单，还款日2025-08-27	),1602,2.0.0,0,2026-02-04 15:49:32,PARSED,3,2026-02-04 15:49:33,3,2026-02-04 15:49:33,0,外卖
37,1,3,JD,PLATFORM_ORDER,947ce87d3ea6095b1616b181e8e1b9c2,"{""amount"": ""50.22"", ""remark"": ""还款至07月账单\t"", ""tradeTime"": ""2025-07-31 13:32:55\t"", ""tradeStatus"": ""还款成功"", ""merchantName"": ""京东白条"", ""tradeOrderNo"": ""2507310044874700007\t"", ""paymentMethod"": ""招商银行储蓄卡(6527)"", ""tradeCategory"": ""白条"", ""incomeOrExpense"": ""不计收支"", ""merchantOrderNo"": ""5862612507311332540674579742\t"", ""tradeDescription"": ""白条主动还款""}",2507310044874700007	,2025-07-31 13:32:55,50.22,OUT,京东白条,6527,白条主动还款 - 白条 (还款至07月账单	),2503,2.0.0,0,2026-02-04 15:49:32,PARSED,3,2026-02-04 15:49:33,3,2026-02-04 15:49:33,0,消费贷
36,1,3,JD,PLATFORM_ORDER,7f035f5e2d4e42bafe7c995d699044d1,"{""amount"": ""17.20"", ""remark"": ""计入8月账单，还款日2025-08-27\t"", ""tradeTime"": ""2025-08-13 18:09:44\t"", ""tradeStatus"": ""交易成功"", ""merchantName"": ""京东外卖"", ""tradeOrderNo"": ""332477108610\t"", ""paymentMethod"": ""京东白条"", ""tradeCategory"": ""食品酒饮 其他网购"", ""incomeOrExpense"": ""支出"", ""merchantOrderNo"": ""11562612508131809440964932039\t"", ""tradeDescription"": ""豪华10荤10素单人餐 1人份 等多件""}",332477108610	,2025-08-13 18:09:44,17.20,OUT,京东外卖,JD_BAITIAO,豪华10荤10素单人餐 1人份 等多件 - 食品酒饮 其他网购 (计入8月账单，还款日2025-08-27	),1602,2.0.0,0,2026-02-04 15:49:32,PARSED,3,2026-02-04 15:49:33,3,2026-02-04 15:49:33,0,外卖
35,1,3,JD,PLATFORM_ORDER,7821261f8f930f56dc542a69010f1391,"{""amount"": ""19.18"", ""remark"": ""计入9月账单，还款日2025-09-27\t"", ""tradeTime"": ""2025-08-19 17:43:26\t"", ""tradeStatus"": ""交易成功"", ""merchantName"": ""京东外卖"", ""tradeOrderNo"": ""333987395140\t"", ""paymentMethod"": ""京东白条"", ""tradeCategory"": ""食品酒饮"", ""incomeOrExpense"": ""支出"", ""merchantOrderNo"": ""11563362508191743250444455509\t"", ""tradeDescription"": ""豪华10荤10素单人餐 1人份 等多件""}",333987395140	,2025-08-19 17:43:26,19.18,OUT,京东外卖,JD_BAITIAO,豪华10荤10素单人餐 1人份 等多件 - 食品酒饮 (计入9月账单，还款日2025-09-27	),1602,2.0.0,0,2026-02-04 15:49:32,PARSED,3,2026-02-04 15:49:33,3,2026-02-04 15:49:33,0,外卖
34,1,3,JD,PLATFORM_ORDER,1b901b683ee989399dfcf0f3692f4679,"{""amount"": ""67.89"", ""remark"": ""还款至08月账单\t"", ""tradeTime"": ""2025-08-27 14:24:53\t"", ""tradeStatus"": ""还款成功"", ""merchantName"": ""京东白条"", ""tradeOrderNo"": ""2508270095186400088\t"", ""paymentMethod"": ""京东小金库"", ""tradeCategory"": ""白条"", ""incomeOrExpense"": ""不计收支"", ""merchantOrderNo"": ""6391062508271424520357422500\t"", ""tradeDescription"": ""白条主动还款""}",2508270095186400088	,2025-08-27 14:24:53,67.89,OUT,京东白条,JD_PAY,白条主动还款 - 白条 (还款至08月账单	),2503,2.0.0,0,2026-02-04 15:49:32,PARSED,3,2026-02-04 15:49:33,3,2026-02-04 15:49:33,0,消费贷
33,1,3,JD,PLATFORM_ORDER,4df053f82e4b07cfe49f967183ccd7d7,"{""amount"": ""11.30"", ""remark"": ""计入9月账单，还款日2025-09-27\t"", ""tradeTime"": ""2025-09-02 10:42:31\t"", ""tradeStatus"": ""交易成功"", ""merchantName"": ""京东外卖"", ""tradeOrderNo"": ""335916932067\t"", ""paymentMethod"": ""京东白条"", ""tradeCategory"": ""食品酒饮 其他网购"", ""incomeOrExpense"": ""支出"", ""merchantOrderNo"": ""11562962509021042310930529509\t"", ""tradeDescription"": ""爆品！口水鸡+菜饭套餐 默认 等多件""}",335916932067	,2025-09-02 10:42:31,11.30,OUT,京东外卖,JD_BAITIAO,爆品！口水鸡+菜饭套餐 默认 等多件 - 食品酒饮 其他网购 (计入9月账单，还款日2025-09-27	),1602,2.0.0,0,2026-02-04 15:49:32,PARSED,3,2026-02-04 15:49:33,3,2026-02-04 15:49:33,0,外卖
32,1,3,JD,PLATFORM_ORDER,82e391abfca5db0c62f97aa1b1314460,"{""amount"": ""10.90"", ""remark"": ""计入9月账单，还款日2025-09-27\t"", ""tradeTime"": ""2025-09-17 11:22:48\t"", ""tradeStatus"": ""交易成功"", ""merchantName"": ""京东外卖"", ""tradeOrderNo"": ""322515688688\t"", ""paymentMethod"": ""京东白条"", ""tradeCategory"": ""食品酒饮"", ""incomeOrExpense"": ""支出"", ""merchantOrderNo"": ""11562942509171122480151591617\t"", ""tradeDescription"": ""小黄油美式 冰 大杯 标准甜""}",322515688688	,2025-09-17 11:22:48,10.90,OUT,京东外卖,JD_BAITIAO,小黄油美式 冰 大杯 标准甜 - 食品酒饮 (计入9月账单，还款日2025-09-27	),1602,2.0.0,0,2026-02-04 15:49:32,PARSED,3,2026-02-04 15:49:33,3,2026-02-04 15:49:33,0,外卖
31,1,3,JD,PLATFORM_ORDER,4447b02e1ed8fbf092d2700c03fcb0d4,"{""amount"": ""22.90"", ""remark"": ""计入10月账单，还款日2025-10-27\t"", ""tradeTime"": ""2025-09-25 23:41:20\t"", ""tradeStatus"": ""交易成功"", ""merchantName"": ""京东外卖"", ""tradeOrderNo"": ""323236062298\t"", ""paymentMethod"": ""京东白条"", ""tradeCategory"": ""食品酒饮 其他网购"", ""incomeOrExpense"": ""支出"", ""merchantOrderNo"": ""11563312509252341200770959773\t"", ""tradeDescription"": ""三荤+素拼【随心配】 自选套餐【强烈推荐】 单人套餐 等多件""}",323236062298	,2025-09-25 23:41:20,22.90,OUT,京东外卖,JD_BAITIAO,三荤+素拼【随心配】 自选套餐【强烈推荐】 单人套餐 等多件 - 食品酒饮 其他网购 (计入10月账单，还款日2025-10-27	),1602,2.0.0,0,2026-02-04 15:49:32,PARSED,3,2026-02-04 15:49:33,3,2026-02-04 15:49:33,0,外卖
30,1,3,JD,PLATFORM_ORDER,7da09fd02e56b624eb36d07adc8d174f,"{""amount"": ""21.90"", ""remark"": ""计入10月账单，还款日2025-10-27\t"", ""tradeTime"": ""2025-09-27 12:08:54\t"", ""tradeStatus"": ""交易成功"", ""merchantName"": ""京东外卖"", ""tradeOrderNo"": ""338273099913\t"", ""paymentMethod"": ""京东白条"", ""tradeCategory"": ""食品酒饮"", ""incomeOrExpense"": ""支出"", ""merchantOrderNo"": ""11563572509271208540071396931\t"", ""tradeDescription"": ""炸蛋番茄牛肉粒捞饭 芹菜粒加汤里 含牛肉末 蜂窝炸蛋""}",338273099913	,2025-09-27 12:08:54,21.90,OUT,京东外卖,JD_BAITIAO,炸蛋番茄牛肉粒捞饭 芹菜粒加汤里 含牛肉末 蜂窝炸蛋 - 食品酒饮 (计入10月账单，还款日2025-10-27	),1602,2.0.0,0,2026-02-04 15:49:32,PARSED,3,2026-02-04 15:49:33,3,2026-02-04 15:49:33,0,外卖
29,1,3,JD,PLATFORM_ORDER,e8c75f58da76e1742a387959033f80e9,"{""amount"": ""20.90"", ""remark"": "" "", ""tradeTime"": ""2025-09-28 11:03:16\t"", ""tradeStatus"": ""交易成功"", ""merchantName"": ""京东外卖"", ""tradeOrderNo"": ""323399688880\t"", ""paymentMethod"": ""招商银行储蓄卡(6527)"", ""tradeCategory"": ""食品酒饮 其他网购"", ""incomeOrExpense"": ""支出"", ""merchantOrderNo"": ""14083632509281103160544495171\t"", ""tradeDescription"": ""牛肉胡辣汤+4个鲜肉水煎包 等多件""}",323399688880	,2025-09-28 11:03:16,20.90,OUT,京东外卖,6527,牛肉胡辣汤+4个鲜肉水煎包 等多件 - 食品酒饮 其他网购 ( ),1602,2.0.0,0,2026-02-04 15:49:32,PARSED,3,2026-02-04 15:49:33,3,2026-02-04 15:49:33,0,外卖
28,1,3,JD,PLATFORM_ORDER,26c0e61e085ccc41fbffc350d0be4269,"{""amount"": ""41.44"", ""remark"": ""还款至09月账单\t"", ""tradeTime"": ""2025-09-29 12:00:32\t"", ""tradeStatus"": ""还款成功"", ""merchantName"": ""京东白条"", ""tradeOrderNo"": ""2509290114311400036\t"", ""paymentMethod"": ""京东小金库"", ""tradeCategory"": ""白条"", ""incomeOrExpense"": ""不计收支"", ""merchantOrderNo"": ""6393582509291200310280378543\t"", ""tradeDescription"": ""白条主动还款""}",2509290114311400036	,2025-09-29 12:00:32,41.44,OUT,京东白条,JD_PAY,白条主动还款 - 白条 (还款至09月账单	),2503,2.0.0,0,2026-02-04 15:49:32,PARSED,3,2026-02-04 15:49:33,3,2026-02-04 15:49:33,0,消费贷
27,1,3,JD,PLATFORM_ORDER,edb6e7d1bdc83e2b6057ff61725ec0d6,"{""amount"": ""45.11"", ""remark"": ""还款至10月账单\t"", ""tradeTime"": ""2025-11-04 09:29:03\t"", ""tradeStatus"": ""还款成功"", ""merchantName"": ""京东白条"", ""tradeOrderNo"": ""2511040113412100212\t"", ""paymentMethod"": ""京东小金库"", ""tradeCategory"": ""白条"", ""incomeOrExpense"": ""不计收支"", ""merchantOrderNo"": ""6393682511040929020133567581\t"", ""tradeDescription"": ""白条主动还款""}",2511040113412100212	,2025-11-04 09:29:03,45.11,OUT,京东白条,JD_PAY,白条主动还款 - 白条 (还款至10月账单	),2503,2.0.0,0,2026-02-04 15:49:32,PARSED,3,2026-02-04 15:49:33,3,2026-02-04 15:49:33,0,消费贷
26,1,3,JD,PLATFORM_ORDER,72fd4ab63b753407ef340fc87486e3a9,"{""amount"": ""25.86"", ""remark"": ""计入11月账单，还款日2025-11-27\t"", ""tradeTime"": ""2025-11-12 10:47:08\t"", ""tradeStatus"": ""交易成功"", ""merchantName"": ""京东外卖"", ""tradeOrderNo"": ""343333863400\t"", ""paymentMethod"": ""京东白条"", ""tradeCategory"": ""食品酒饮"", ""incomeOrExpense"": ""支出"", ""merchantOrderNo"": ""11563102511121047070556226126\t"", ""tradeDescription"": ""【豪华套餐】小排骨焖黑鸭煲+卤味自选+可乐 1人份 等多件""}",343333863400	,2025-11-12 10:47:08,25.86,OUT,京东外卖,JD_BAITIAO,【豪华套餐】小排骨焖黑鸭煲+卤味自选+可乐 1人份 等多件 - 食品酒饮 (计入11月账单，还款日2025-11-27	),1602,2.0.0,0,2026-02-04 15:49:32,PARSED,3,2026-02-04 15:49:33,3,2026-02-04 15:49:33,0,外卖
25,1,3,JD,PLATFORM_ORDER,597209ee6ebd9d772560e77063de2133,"{""amount"": ""9.79"", ""remark"": ""计入11月账单，还款日2025-11-27\t"", ""tradeTime"": ""2025-11-16 11:01:05\t"", ""tradeStatus"": ""交易成功"", ""merchantName"": ""京东外卖"", ""tradeOrderNo"": ""343661857383\t"", ""paymentMethod"": ""京东白条"", ""tradeCategory"": ""食品酒饮"", ""incomeOrExpense"": ""支出"", ""merchantOrderNo"": ""11553442511161101040340809180\t"", ""tradeDescription"": ""雪菜/青菜肉丝汤面/粉 雪菜肉丝细粉""}",343661857383	,2025-11-16 11:01:05,9.79,OUT,京东外卖,JD_BAITIAO,雪菜/青菜肉丝汤面/粉 雪菜肉丝细粉 - 食品酒饮 (计入11月账单，还款日2025-11-27	),1602,2.0.0,0,2026-02-04 15:49:32,PARSED,3,2026-02-04 15:49:33,3,2026-02-04 15:49:33,0,外卖
24,1,3,JD,PLATFORM_ORDER,28cedd4d8686d0df2ecae7d24ca15b00,"{""amount"": ""10.79"", ""remark"": ""计入11月账单，还款日2025-11-27\t"", ""tradeTime"": ""2025-11-17 18:23:58\t"", ""tradeStatus"": ""交易成功"", ""merchantName"": ""京东外卖"", ""tradeOrderNo"": ""326585214555\t"", ""paymentMethod"": ""京东白条"", ""tradeCategory"": ""食品酒饮"", ""incomeOrExpense"": ""支出"", ""merchantOrderNo"": ""11553512511171823580473426800\t"", ""tradeDescription"": ""雪菜/青菜肉丝汤面/粉 雪菜肉丝细粉""}",326585214555	,2025-11-17 18:23:58,10.79,OUT,京东外卖,JD_BAITIAO,雪菜/青菜肉丝汤面/粉 雪菜肉丝细粉 - 食品酒饮 (计入11月账单，还款日2025-11-27	),1602,2.0.0,0,2026-02-04 15:49:32,PARSED,3,2026-02-04 15:49:33,3,2026-02-04 15:49:33,0,外卖
45,1,3,JD,PLATFORM_ORDER,0182cc0a3033cf939bf697b43d291ca9,"{""amount"": ""30.82"", ""remark"": ""还款至02月账单\t"", ""tradeTime"": ""2025-03-01 17:19:05\t"", ""tradeStatus"": ""还款成功"", ""merchantName"": ""京东白条"", ""tradeOrderNo"": ""2503010106232300028\t"", ""paymentMethod"": ""京东小金库"", ""tradeCategory"": ""白条"", ""incomeOrExpense"": ""不计收支"", ""merchantOrderNo"": ""17750722503011719050048847617\t"", ""tradeDescription"": ""白条主动还款""}",2503010106232300028	,2025-03-01 17:19:05,30.82,OUT,京东白条,JD_PAY,白条主动还款 - 白条 (还款至02月账单	),2503,2.0.0,0,2026-02-04 15:49:32,PARSED,3,2026-02-04 15:49:33,3,2026-02-04 15:49:33,0,消费贷
1,1,3,JD,PLATFORM_ORDER,c9d0a903067504ada25379ef47db20ab,"{""amount"": ""282.63"", ""remark"": ""还款至12月账单\t"", ""tradeTime"": ""2025-12-28 14:36:52\t"", ""tradeStatus"": ""还款成功"", ""merchantName"": ""京东白条"", ""tradeOrderNo"": ""2512280105258300030\t"", ""paymentMethod"": ""京东小金库"", ""tradeCategory"": ""白条"", ""incomeOrExpense"": ""不计收支"", ""merchantOrderNo"": ""6393102512281436510265387618\t"", ""tradeDescription"": ""白条主动还款""}",2512280105258300030	,2025-12-28 14:36:52,282.63,OUT,京东白条,JD_PAY,白条主动还款 - 白条 (还款至12月账单	),2503,2.0.0,0,2026-02-04 15:49:32,PARSED,3,2026-02-04 15:49:32,3,2026-02-04 15:49:32,0,消费贷
23,1,3,JD,PLATFORM_ORDER,ae2d8bce99c7fd2959740151a297d639,"{""amount"": ""10.80"", ""remark"": ""计入12月账单，还款日2025-12-27\t"", ""tradeTime"": ""2025-11-18 11:20:18\t"", ""tradeStatus"": ""交易成功"", ""merchantName"": ""京东外卖"", ""tradeOrderNo"": ""326645675928\t"", ""paymentMethod"": ""京东白条"", ""tradeCategory"": ""食品酒饮"", ""incomeOrExpense"": ""支出"", ""merchantOrderNo"": ""11563252511181120180915897108\t"", ""tradeDescription"": ""青椒肉丝盖浇饭""}",326645675928	,2025-11-18 11:20:18,10.80,OUT,京东外卖,JD_BAITIAO,青椒肉丝盖浇饭 - 食品酒饮 (计入12月账单，还款日2025-12-27	),1602,2.0.0,0,2026-02-04 15:49:32,PARSED,3,2026-02-04 15:49:33,3,2026-02-04 15:49:33,0,外卖
22,1,3,JD,PLATFORM_ORDER,1d352b7fc544988cfefa87afd259c5d1,"{""amount"": ""12.79"", ""remark"": ""计入12月账单，还款日2025-12-27\t"", ""tradeTime"": ""2025-11-19 11:09:48\t"", ""tradeStatus"": ""交易成功"", ""merchantName"": ""京东外卖"", ""tradeOrderNo"": ""343867047500\t"", ""paymentMethod"": ""京东白条"", ""tradeCategory"": ""食品酒饮"", ""incomeOrExpense"": ""支出"", ""merchantOrderNo"": ""11561962511191109480025476922\t"", ""tradeDescription"": ""扬州炒饭""}",343867047500	,2025-11-19 11:09:48,12.79,OUT,京东外卖,JD_BAITIAO,扬州炒饭 - 食品酒饮 (计入12月账单，还款日2025-12-27	),1602,2.0.0,0,2026-02-04 15:49:32,PARSED,3,2026-02-04 15:49:33,3,2026-02-04 15:49:33,0,外卖
21,1,3,JD,PLATFORM_ORDER,cd86d1524807f826adc02a88aebf44ae,"{""amount"": ""13.80"", ""remark"": ""计入12月账单，还款日2025-12-27\t"", ""tradeTime"": ""2025-11-20 11:18:54\t"", ""tradeStatus"": ""交易成功"", ""merchantName"": ""京东外卖"", ""tradeOrderNo"": ""326730184222\t"", ""paymentMethod"": ""京东白条"", ""tradeCategory"": ""食品酒饮"", ""incomeOrExpense"": ""支出"", ""merchantOrderNo"": ""11553522511201118540820354711\t"", ""tradeDescription"": ""鸭腿饭套餐""}",326730184222	,2025-11-20 11:18:54,13.80,OUT,京东外卖,JD_BAITIAO,鸭腿饭套餐 - 食品酒饮 (计入12月账单，还款日2025-12-27	),1602,2.0.0,0,2026-02-04 15:49:32,PARSED,3,2026-02-04 15:49:33,3,2026-02-04 15:49:33,0,外卖
20,1,3,JD,PLATFORM_ORDER,fd6b8f7f3cbd43428f2d20d71fe8543e,"{""amount"": ""13.79"", ""remark"": ""计入12月账单，还款日2025-12-27\t"", ""tradeTime"": ""2025-11-21 11:23:33\t"", ""tradeStatus"": ""交易成功"", ""merchantName"": ""京东外卖"", ""tradeOrderNo"": ""326825528498\t"", ""paymentMethod"": ""京东白条"", ""tradeCategory"": ""食品酒饮"", ""incomeOrExpense"": ""支出"", ""merchantOrderNo"": ""11563552511211123330038892579\t"", ""tradeDescription"": ""鸡腿肉鸡蛋炒 鸡腿肉鸡蛋炒饭""}",326825528498	,2025-11-21 11:23:33,13.79,OUT,京东外卖,JD_BAITIAO,鸡腿肉鸡蛋炒 鸡腿肉鸡蛋炒饭 - 食品酒饮 (计入12月账单，还款日2025-12-27	),1602,2.0.0,0,2026-02-04 15:49:32,PARSED,3,2026-02-04 15:49:32,3,2026-02-04 15:49:32,0,外卖
19,1,3,JD,PLATFORM_ORDER,6e89aa956877598a8118e4c5ec58c256,"{""amount"": ""12.79"", ""remark"": ""计入12月账单，还款日2025-12-27\t"", ""tradeTime"": ""2025-11-22 11:26:18\t"", ""tradeStatus"": ""交易成功"", ""merchantName"": ""京东外卖"", ""tradeOrderNo"": ""326727640148\t"", ""paymentMethod"": ""京东白条"", ""tradeCategory"": ""食品酒饮"", ""incomeOrExpense"": ""支出"", ""merchantOrderNo"": ""11563102511221126180761681048\t"", ""tradeDescription"": ""雪菜肉丝鸡蛋炒 雪菜肉丝炒饭""}",326727640148	,2025-11-22 11:26:18,12.79,OUT,京东外卖,JD_BAITIAO,雪菜肉丝鸡蛋炒 雪菜肉丝炒饭 - 食品酒饮 (计入12月账单，还款日2025-12-27	),1602,2.0.0,0,2026-02-04 15:49:32,PARSED,3,2026-02-04 15:49:32,3,2026-02-04 15:49:32,0,外卖
18,1,3,JD,PLATFORM_ORDER,0b94d129e9252e38a68220ed45d65e06,"{""amount"": ""18.43"", ""remark"": ""计入12月账单，还款日2025-12-27\t"", ""tradeTime"": ""2025-11-23 11:26:07\t"", ""tradeStatus"": ""交易成功"", ""merchantName"": ""京东外卖"", ""tradeOrderNo"": ""344214479786\t"", ""paymentMethod"": ""京东白条"", ""tradeCategory"": ""食品酒饮 其他网购"", ""incomeOrExpense"": ""支出"", ""merchantOrderNo"": ""11561062511231126070023226061\t"", ""tradeDescription"": ""荤素8荤10素麻辣烫套餐 1份 等多件""}",344214479786	,2025-11-23 11:26:07,18.43,OUT,京东外卖,JD_BAITIAO,荤素8荤10素麻辣烫套餐 1份 等多件 - 食品酒饮 其他网购 (计入12月账单，还款日2025-12-27	),1602,2.0.0,0,2026-02-04 15:49:32,PARSED,3,2026-02-04 15:49:32,3,2026-02-04 15:49:32,0,外卖
17,1,3,JD,PLATFORM_ORDER,9c19f45ae948fdc35c9fb61fb729316e,"{""amount"": ""15.79"", ""remark"": ""计入12月账单，还款日2025-12-27\t"", ""tradeTime"": ""2025-11-24 11:13:34\t"", ""tradeStatus"": ""交易成功"", ""merchantName"": ""京东外卖"", ""tradeOrderNo"": ""326817136823\t"", ""paymentMethod"": ""京东白条"", ""tradeCategory"": ""食品酒饮"", ""incomeOrExpense"": ""支出"", ""merchantOrderNo"": ""11561962511241113340054893003\t"", ""tradeDescription"": ""红烧大排面/粉 红烧大排面""}",326817136823	,2025-11-24 11:13:34,15.79,OUT,京东外卖,JD_BAITIAO,红烧大排面/粉 红烧大排面 - 食品酒饮 (计入12月账单，还款日2025-12-27	),1602,2.0.0,0,2026-02-04 15:49:32,PARSED,3,2026-02-04 15:49:32,3,2026-02-04 15:49:32,0,外卖
16,1,3,JD,PLATFORM_ORDER,0d96c5595e2bbb1577f04e2445c2a31e,"{""amount"": ""10.80"", ""remark"": ""计入12月账单，还款日2025-12-27\t"", ""tradeTime"": ""2025-11-25 11:36:26\t"", ""tradeStatus"": ""交易成功"", ""merchantName"": ""京东外卖"", ""tradeOrderNo"": ""344279748012\t"", ""paymentMethod"": ""京东白条"", ""tradeCategory"": ""食品酒饮"", ""incomeOrExpense"": ""支出"", ""merchantOrderNo"": ""11563562511251136260463793269\t"", ""tradeDescription"": ""青椒肉丝盖浇饭""}",344279748012	,2025-11-25 11:36:26,10.80,OUT,京东外卖,JD_BAITIAO,青椒肉丝盖浇饭 - 食品酒饮 (计入12月账单，还款日2025-12-27	),1602,2.0.0,0,2026-02-04 15:49:32,PARSED,3,2026-02-04 15:49:32,3,2026-02-04 15:49:32,0,外卖
